tconst,primaryTitle,startYear,rank,averageRating,numVotes,runtimeMinutes,directors,writers,genres,IMDbLink,Title_IMDb_Link
tt0351283,Madagascar,2005,3001,7,488562,86,"Eric Darnell, Tom McGrath","Mark Burton, Billy Frolick, Eric Darnell, Tom McGrath","Adventure, Animation, Comedy","<a href=""https://www.imdb.com/title/tt0351283"" target=""_blank"">tt0351283</a>","<a href=""https://www.imdb.com/title/tt0351283"" target=""_blank"">Madagascar</a>"
tt0110475,The Mask,1994,3002,7,478438,101,Chuck Russell,"Michael Fallon, Mark Verheiden, Mike Werb","Comedy, Crime, Fantasy","<a href=""https://www.imdb.com/title/tt0110475"" target=""_blank"">tt0110475</a>","<a href=""https://www.imdb.com/title/tt0110475"" target=""_blank"">The Mask</a>"
tt0163651,American Pie,1999,3003,7,473746,95,Paul Weitz,Adam Herz,Comedy,"<a href=""https://www.imdb.com/title/tt0163651"" target=""_blank"">tt0163651</a>","<a href=""https://www.imdb.com/title/tt0163651"" target=""_blank"">American Pie</a>"
tt5950044,Superman,2025,3004,7,449200,129,James Gunn,"James Gunn, Jerry Siegel, Joe Shuster","Action, Adventure, Sci-Fi","<a href=""https://www.imdb.com/title/tt5950044"" target=""_blank"">tt5950044</a>","<a href=""https://www.imdb.com/title/tt5950044"" target=""_blank"">Superman</a>"
tt1282140,Easy A,2010,3005,7,448650,92,Will Gluck,Bert V. Royal,"Comedy, Drama, Romance","<a href=""https://www.imdb.com/title/tt1282140"" target=""_blank"">tt1282140</a>","<a href=""https://www.imdb.com/title/tt1282140"" target=""_blank"">Easy A</a>"
tt1060277,Cloverfield,2008,3006,7,448451,85,Matt Reeves,Drew Goddard,"Action, Horror, Sci-Fi","<a href=""https://www.imdb.com/title/tt1060277"" target=""_blank"">tt1060277</a>","<a href=""https://www.imdb.com/title/tt1060277"" target=""_blank"">Cloverfield</a>"
tt2294449,22 Jump Street,2014,3007,7,446950,112,"Phil Lord, Christopher Miller","Michael Bacall, Oren Uziel, Rodney Rothman, Jonah Hill, Patrick Hasburgh, Stephen J. Cannell","Action, Comedy, Crime","<a href=""https://www.imdb.com/title/tt2294449"" target=""_blank"">tt2294449</a>","<a href=""https://www.imdb.com/title/tt2294449"" target=""_blank"">22 Jump Street</a>"
tt1905041,Fast & Furious 6,2013,3008,7,445319,130,Justin Lin,"Chris Morgan, Gary Scott Thompson","Action, Thriller","<a href=""https://www.imdb.com/title/tt1905041"" target=""_blank"">tt1905041</a>","<a href=""https://www.imdb.com/title/tt1905041"" target=""_blank"">Fast & Furious 6</a>"
tt0448115,Shazam!,2019,3009,7,419318,132,David F. Sandberg,"Henry Gayden, Darren Lemke, Bill Parker, C.C. Beck, Jerry Siegel, Joe Shuster","Action, Adventure, Comedy","<a href=""https://www.imdb.com/title/tt0448115"" target=""_blank"">tt0448115</a>","<a href=""https://www.imdb.com/title/tt0448115"" target=""_blank"">Shazam!</a>"
tt0360486,Constantine,2005,3010,7,414210,121,Francis Lawrence,"Jamie Delano, Garth Ennis, Kevin Brodbin, Frank A. Cappello","Action, Fantasy, Horror","<a href=""https://www.imdb.com/title/tt0360486"" target=""_blank"">tt0360486</a>","<a href=""https://www.imdb.com/title/tt0360486"" target=""_blank"">Constantine</a>"
tt0317740,The Italian Job,2003,3011,7,411121,111,F. Gary Gray,"Troy Kennedy Martin, Donna Powers, Wayne Powers","Action, Crime, Thriller","<a href=""https://www.imdb.com/title/tt0317740"" target=""_blank"">tt0317740</a>","<a href=""https://www.imdb.com/title/tt0317740"" target=""_blank"">The Italian Job</a>"
tt0396269,Wedding Crashers,2005,3012,7,403082,119,David Dobkin,"Steve Faber, Bob Fisher","Comedy, Romance","<a href=""https://www.imdb.com/title/tt0396269"" target=""_blank"">tt0396269</a>","<a href=""https://www.imdb.com/title/tt0396269"" target=""_blank"">Wedding Crashers</a>"
tt0790724,Jack Reacher,2012,3013,7,396240,130,Christopher McQuarrie,"Lee Child, Christopher McQuarrie","Action, Thriller","<a href=""https://www.imdb.com/title/tt0790724"" target=""_blank"">tt0790724</a>","<a href=""https://www.imdb.com/title/tt0790724"" target=""_blank"">Jack Reacher</a>"
tt1650062,Super 8,2011,3014,7,384224,112,J.J. Abrams,J.J. Abrams,"Action, Sci-Fi, Thriller","<a href=""https://www.imdb.com/title/tt1650062"" target=""_blank"">tt1650062</a>","<a href=""https://www.imdb.com/title/tt1650062"" target=""_blank"">Super 8</a>"
tt0212338,Meet the Parents,2000,3015,7,382508,108,Jay Roach,"Greg Glienna, Mary Ruth Clarke, Jim Herzfeld, John Hamburg","Comedy, Romance","<a href=""https://www.imdb.com/title/tt0212338"" target=""_blank"">tt0212338</a>","<a href=""https://www.imdb.com/title/tt0212338"" target=""_blank"">Meet the Parents</a>"
tt0887883,Burn After Reading,2008,3016,7,380952,96,"Ethan Coen, Joel Coen","Joel Coen, Ethan Coen","Comedy, Crime, Drama","<a href=""https://www.imdb.com/title/tt0887883"" target=""_blank"">tt0887883</a>","<a href=""https://www.imdb.com/title/tt0887883"" target=""_blank"">Burn After Reading</a>"
tt0457939,The Holiday,2006,3017,7,371738,136,Nancy Meyers,Nancy Meyers,"Comedy, Romance","<a href=""https://www.imdb.com/title/tt0457939"" target=""_blank"">tt0457939</a>","<a href=""https://www.imdb.com/title/tt0457939"" target=""_blank"">The Holiday</a>"
tt4263482,The Witch,2015,3018,7,361416,92,Robert Eggers,Robert Eggers,"Drama, Fantasy, Horror","<a href=""https://www.imdb.com/title/tt4263482"" target=""_blank"">tt4263482</a>","<a href=""https://www.imdb.com/title/tt4263482"" target=""_blank"">The Witch</a>"
tt1245526,RED,2010,3019,7,341374,111,Robert Schwentke,"Warren Ellis, Cully Hamner, Jon Hoeber, Erich Hoeber","Action, Comedy, Crime","<a href=""https://www.imdb.com/title/tt1245526"" target=""_blank"">tt1245526</a>","<a href=""https://www.imdb.com/title/tt1245526"" target=""_blank"">RED</a>"
tt1028528,Death Proof,2007,3020,7,337425,127,Quentin Tarantino,Quentin Tarantino,"Drama, Thriller","<a href=""https://www.imdb.com/title/tt1028528"" target=""_blank"">tt1028528</a>","<a href=""https://www.imdb.com/title/tt1028528"" target=""_blank"">Death Proof</a>"
tt8228288,The Platform,2019,3021,7,331027,94,Galder Gaztelu-Urrutia,"David Desola, Pedro Rivero","Horror, Mystery, Sci-Fi","<a href=""https://www.imdb.com/title/tt8228288"" target=""_blank"">tt8228288</a>","<a href=""https://www.imdb.com/title/tt8228288"" target=""_blank"">The Platform</a>"
tt0116483,Happy Gilmore,1996,3022,7,312982,92,Dennis Dugan,"Tim Herlihy, Adam Sandler","Comedy, Sport","<a href=""https://www.imdb.com/title/tt0116483"" target=""_blank"">tt0116483</a>","<a href=""https://www.imdb.com/title/tt0116483"" target=""_blank"">Happy Gilmore</a>"
tt11138512,The Northman,2022,3023,7,307389,137,Robert Eggers,"Sjón, Robert Eggers","Action, Adventure, Drama","<a href=""https://www.imdb.com/title/tt11138512"" target=""_blank"">tt11138512</a>","<a href=""https://www.imdb.com/title/tt11138512"" target=""_blank"">The Northman</a>"
tt0320691,Underworld,2003,3024,7,303895,121,Len Wiseman,"Kevin Grevioux, Len Wiseman, Danny McBride","Action, Fantasy, Thriller","<a href=""https://www.imdb.com/title/tt0320691"" target=""_blank"">tt0320691</a>","<a href=""https://www.imdb.com/title/tt0320691"" target=""_blank"">Underworld</a>"
tt6718170,The Super Mario Bros. Movie,2023,3025,7,303136,92,"Aaron Horvath, Michael Jelenic, Pierre Leduc, Fabien Polack",Matthew Fogel,"Adventure, Animation, Comedy","<a href=""https://www.imdb.com/title/tt6718170"" target=""_blank"">tt6718170</a>","<a href=""https://www.imdb.com/title/tt6718170"" target=""_blank"">The Super Mario Bros. Movie</a>"
tt0411477,Hellboy II: The Golden Army,2008,3026,7,300722,120,Guillermo del Toro,"Guillermo del Toro, Mike Mignola","Action, Adventure, Fantasy","<a href=""https://www.imdb.com/title/tt0411477"" target=""_blank"">tt0411477</a>","<a href=""https://www.imdb.com/title/tt0411477"" target=""_blank"">Hellboy II: The Golden Army</a>"
tt1385826,The Adjustment Bureau,2011,3027,7,285399,106,George Nolfi,"George Nolfi, Philip K. Dick","Crime, Drama, Mystery","<a href=""https://www.imdb.com/title/tt1385826"" target=""_blank"">tt1385826</a>","<a href=""https://www.imdb.com/title/tt1385826"" target=""_blank"">The Adjustment Bureau</a>"
tt1148204,Orphan,2009,3028,7,281402,123,Jaume Collet-Serra,"David Leslie Johnson-McGoldrick, Alex Mace","Horror, Mystery, Thriller","<a href=""https://www.imdb.com/title/tt1148204"" target=""_blank"">tt1148204</a>","<a href=""https://www.imdb.com/title/tt1148204"" target=""_blank"">Orphan</a>"
tt1706593,Chronicle,2012,3029,7,280453,84,Josh Trank,"Max Landis, Josh Trank","Drama, Sci-Fi, Thriller","<a href=""https://www.imdb.com/title/tt1706593"" target=""_blank"">tt1706593</a>","<a href=""https://www.imdb.com/title/tt1706593"" target=""_blank"">Chronicle</a>"
tt3079380,Spy,2015,3030,7,276955,120,Paul Feig,Paul Feig,"Action, Comedy","<a href=""https://www.imdb.com/title/tt3079380"" target=""_blank"">tt3079380</a>","<a href=""https://www.imdb.com/title/tt3079380"" target=""_blank"">Spy</a>"
tt0118655,Austin Powers: International Man of Mystery,1997,3031,7,276533,89,Jay Roach,Mike Myers,"Adventure, Comedy","<a href=""https://www.imdb.com/title/tt0118655"" target=""_blank"">tt0118655</a>","<a href=""https://www.imdb.com/title/tt0118655"" target=""_blank"">Austin Powers: International Man of Mystery</a>"
tt15791034,Barbarian,2022,3032,7,275419,102,Zach Cregger,Zach Cregger,"Horror, Mystery, Thriller","<a href=""https://www.imdb.com/title/tt15791034"" target=""_blank"">tt15791034</a>","<a href=""https://www.imdb.com/title/tt15791034"" target=""_blank"">Barbarian</a>"
tt17279496,Civil War,2024,3033,7,275090,109,Alex Garland,Alex Garland,"Action, Thriller, War","<a href=""https://www.imdb.com/title/tt17279496"" target=""_blank"">tt17279496</a>","<a href=""https://www.imdb.com/title/tt17279496"" target=""_blank"">Civil War</a>"
tt17351924,Saltburn,2023,3034,7,272475,130,Emerald Fennell,Emerald Fennell,"Drama, Thriller","<a href=""https://www.imdb.com/title/tt17351924"" target=""_blank"">tt17351924</a>","<a href=""https://www.imdb.com/title/tt17351924"" target=""_blank"">Saltburn</a>"
tt2660888,Star Trek Beyond,2016,3035,7,272316,122,Justin Lin,"Simon Pegg, Doug Jung, Gene Roddenberry, Roberto Orci, Patrick McKay, John D. Payne","Action, Adventure, Sci-Fi","<a href=""https://www.imdb.com/title/tt2660888"" target=""_blank"">tt2660888</a>","<a href=""https://www.imdb.com/title/tt2660888"" target=""_blank"">Star Trek Beyond</a>"
tt0134847,Pitch Black,2000,3036,7,266473,109,David Twohy,"Ken Wheat, Jim Wheat, David Twohy","Horror, Sci-Fi, Thriller","<a href=""https://www.imdb.com/title/tt0134847"" target=""_blank"">tt0134847</a>","<a href=""https://www.imdb.com/title/tt0134847"" target=""_blank"">Pitch Black</a>"
tt0374900,Napoleon Dynamite,2004,3037,7,259933,96,Jared Hess,"Jared Hess, Jerusha Hess",Comedy,"<a href=""https://www.imdb.com/title/tt0374900"" target=""_blank"">tt0374900</a>","<a href=""https://www.imdb.com/title/tt0374900"" target=""_blank"">Napoleon Dynamite</a>"
tt0462499,Rambo,2008,3038,7,258846,92,Sylvester Stallone,"Art Monterastelli, Sylvester Stallone, David Morrell","Action, Thriller","<a href=""https://www.imdb.com/title/tt0462499"" target=""_blank"">tt0462499</a>","<a href=""https://www.imdb.com/title/tt0462499"" target=""_blank"">Rambo</a>"
tt0302886,Old School,2003,3039,7,258619,88,Todd Phillips,"Court Crandall, Todd Phillips, Scot Armstrong",Comedy,"<a href=""https://www.imdb.com/title/tt0302886"" target=""_blank"">tt0302886</a>","<a href=""https://www.imdb.com/title/tt0302886"" target=""_blank"">Old School</a>"
tt0758774,Body of Lies,2008,3040,7,252678,128,Ridley Scott,"William Monahan, David Ignatius","Action, Drama, Thriller","<a href=""https://www.imdb.com/title/tt0758774"" target=""_blank"">tt0758774</a>","<a href=""https://www.imdb.com/title/tt0758774"" target=""_blank"">Body of Lies</a>"
tt4513678,Ghostbusters: Afterlife,2021,3041,7,243900,124,Jason Reitman,"Gil Kenan, Jason Reitman, Ivan Reitman, Dan Aykroyd, Harold Ramis","Adventure, Comedy, Fantasy","<a href=""https://www.imdb.com/title/tt4513678"" target=""_blank"">tt4513678</a>","<a href=""https://www.imdb.com/title/tt4513678"" target=""_blank"">Ghostbusters: Afterlife</a>"
tt28015403,Heretic,2024,3042,7,240753,111,"Scott Beck, Bryan Woods","Scott Beck, Bryan Woods","Horror, Thriller","<a href=""https://www.imdb.com/title/tt28015403"" target=""_blank"">tt28015403</a>","<a href=""https://www.imdb.com/title/tt28015403"" target=""_blank"">Heretic</a>"
tt1077258,Planet Terror,2007,3043,7,235010,105,Robert Rodriguez,Robert Rodriguez,"Action, Comedy, Horror","<a href=""https://www.imdb.com/title/tt1077258"" target=""_blank"">tt1077258</a>","<a href=""https://www.imdb.com/title/tt1077258"" target=""_blank"">Planet Terror</a>"
tt1340800,Tinker Tailor Soldier Spy,2011,3044,7,228529,127,Tomas Alfredson,"John le Carré, Bridget O'Connor, Peter Straughan","Drama, Mystery, Thriller","<a href=""https://www.imdb.com/title/tt1340800"" target=""_blank"">tt1340800</a>","<a href=""https://www.imdb.com/title/tt1340800"" target=""_blank"">Tinker Tailor Soldier Spy</a>"
tt0418763,Jarhead,2005,3045,7,227722,125,Sam Mendes,"William Broyles Jr., Anthony Swofford","Biography, Drama, War","<a href=""https://www.imdb.com/title/tt0418763"" target=""_blank"">tt0418763</a>","<a href=""https://www.imdb.com/title/tt0418763"" target=""_blank"">Jarhead</a>"
tt1155056,"I Love You, Man",2009,3046,7,227271,105,John Hamburg,"John Hamburg, Larry Levin","Comedy, Romance","<a href=""https://www.imdb.com/title/tt1155056"" target=""_blank"">tt1155056</a>","<a href=""https://www.imdb.com/title/tt1155056"" target=""_blank"">I Love You, Man</a>"
tt0431308,P.S. I Love You,2007,3047,7,227122,126,Richard LaGravenese,"Richard LaGravenese, Steven Rogers, Cecelia Ahern","Comedy, Drama, Romance","<a href=""https://www.imdb.com/title/tt0431308"" target=""_blank"">tt0431308</a>","<a href=""https://www.imdb.com/title/tt0431308"" target=""_blank"">P.S. I Love You</a>"
tt0183790,A Knight's Tale,2001,3048,7,223348,132,Brian Helgeland,Brian Helgeland,"Action, Adventure, Drama","<a href=""https://www.imdb.com/title/tt0183790"" target=""_blank"">tt0183790</a>","<a href=""https://www.imdb.com/title/tt0183790"" target=""_blank"">A Knight's Tale</a>"
tt0111282,Stargate,1994,3049,7,221825,121,Roland Emmerich,"Dean Devlin, Roland Emmerich","Action, Adventure, Sci-Fi","<a href=""https://www.imdb.com/title/tt0111282"" target=""_blank"">tt0111282</a>","<a href=""https://www.imdb.com/title/tt0111282"" target=""_blank"">Stargate</a>"
tt5715874,The Killing of a Sacred Deer,2017,3050,7,219355,121,Yorgos Lanthimos,"Yorgos Lanthimos, Efthimis Filippou","Drama, Horror, Mystery","<a href=""https://www.imdb.com/title/tt5715874"" target=""_blank"">tt5715874</a>","<a href=""https://www.imdb.com/title/tt5715874"" target=""_blank"">The Killing of a Sacred Deer</a>"
tt0366551,Harold & Kumar Go to White Castle,2004,3051,7,216802,88,Danny Leiner,"Jon Hurwitz, Hayden Schlossberg","Adventure, Comedy","<a href=""https://www.imdb.com/title/tt0366551"" target=""_blank"">tt0366551</a>","<a href=""https://www.imdb.com/title/tt0366551"" target=""_blank"">Harold & Kumar Go to White Castle</a>"
tt5848272,Ralph Breaks the Internet,2018,3052,7,209784,112,"Phil Johnston, Rich Moore","Phil Johnston, Pamela Ribon, Rich Moore, Jim Reardon, Josie Trinidad","Adventure, Animation, Comedy","<a href=""https://www.imdb.com/title/tt5848272"" target=""_blank"">tt5848272</a>","<a href=""https://www.imdb.com/title/tt5848272"" target=""_blank"">Ralph Breaks the Internet</a>"
tt2053463,Side Effects,2013,3053,7,207124,106,Steven Soderbergh,Scott Z. Burns,"Crime, Drama, Mystery","<a href=""https://www.imdb.com/title/tt2053463"" target=""_blank"">tt2053463</a>","<a href=""https://www.imdb.com/title/tt2053463"" target=""_blank"">Side Effects</a>"
tt0101272,The Addams Family,1991,3054,7,203740,99,Barry Sonnenfeld,"Charles Addams, Caroline Thompson, Larry Wilson","Comedy, Fantasy","<a href=""https://www.imdb.com/title/tt0101272"" target=""_blank"">tt0101272</a>","<a href=""https://www.imdb.com/title/tt0101272"" target=""_blank"">The Addams Family</a>"
tt9639470,Last Night in Soho,2021,3055,7,202871,116,Edgar Wright,"Edgar Wright, Krysty Wilson-Cairns","Drama, Horror, Mystery","<a href=""https://www.imdb.com/title/tt9639470"" target=""_blank"">tt9639470</a>","<a href=""https://www.imdb.com/title/tt9639470"" target=""_blank"">Last Night in Soho</a>"
tt0117008,Matilda,1996,3056,7,199549,98,Danny DeVito,"Roald Dahl, Nicholas Kazan, Robin Swicord","Comedy, Family, Fantasy","<a href=""https://www.imdb.com/title/tt0117008"" target=""_blank"">tt0117008</a>","<a href=""https://www.imdb.com/title/tt0117008"" target=""_blank"">Matilda</a>"
tt4178092,The Gift,2015,3057,7,188212,108,Joel Edgerton,Joel Edgerton,"Drama, Mystery, Thriller","<a href=""https://www.imdb.com/title/tt4178092"" target=""_blank"">tt4178092</a>","<a href=""https://www.imdb.com/title/tt4178092"" target=""_blank"">The Gift</a>"
tt0116583,The Hunchback of Notre Dame,1996,3058,7,187034,91,"Gary Trousdale, Kirk Wise","Tab Murphy, Victor Hugo, Irene Mecchi, Bob Tzudiker, Noni White, Jonathan Roberts, Kevin Harkey, Gaëtan Brizzi, Paul Brizzi, Ed Gombert, Brenda Chapman, Jeff Snow, Jim Capobianco, Denis Rich, Burny Mattinson, John Sanford, Kelly Wightman, James Fujii, Geefwee Boedoe, Floyd Norman, Francis Glebas, Kirk Hanson, Christine Harding, Sue C. Nichols, Will Finn","Animation, Drama, Family","<a href=""https://www.imdb.com/title/tt0116583"" target=""_blank"">tt0116583</a>","<a href=""https://www.imdb.com/title/tt0116583"" target=""_blank"">The Hunchback of Notre Dame</a>"
tt16426418,Challengers,2024,3059,7,185339,131,Luca Guadagnino,Justin Kuritzkes,"Comedy, Drama, Romance","<a href=""https://www.imdb.com/title/tt16426418"" target=""_blank"">tt16426418</a>","<a href=""https://www.imdb.com/title/tt16426418"" target=""_blank"">Challengers</a>"
tt7740496,Nightmare Alley,2021,3060,7,185039,150,Guillermo del Toro,"Guillermo del Toro, Kim Morgan, William Lindsay Gresham","Crime, Drama, Thriller","<a href=""https://www.imdb.com/title/tt7740496"" target=""_blank"">tt7740496</a>","<a href=""https://www.imdb.com/title/tt7740496"" target=""_blank"">Nightmare Alley</a>"
tt0105793,Wayne's World,1992,3061,7,184009,94,Penelope Spheeris,"Mike Myers, Bonnie Turner, Terry Turner","Comedy, Music","<a href=""https://www.imdb.com/title/tt0105793"" target=""_blank"">tt0105793</a>","<a href=""https://www.imdb.com/title/tt0105793"" target=""_blank"">Wayne's World</a>"
tt11291274,The Unbearable Weight of Massive Talent,2022,3062,7,181964,107,Tom Gormican,"Tom Gormican, Kevin Etten","Action, Comedy, Crime","<a href=""https://www.imdb.com/title/tt11291274"" target=""_blank"">tt11291274</a>","<a href=""https://www.imdb.com/title/tt11291274"" target=""_blank"">The Unbearable Weight of Massive Talent</a>"
tt1563738,One Day,2011,3063,7,181719,107,Lone Scherfig,David Nicholls,"Drama, Romance","<a href=""https://www.imdb.com/title/tt1563738"" target=""_blank"">tt1563738</a>","<a href=""https://www.imdb.com/title/tt1563738"" target=""_blank"">One Day</a>"
tt5439796,Logan Lucky,2017,3064,7,178769,118,Steven Soderbergh,Jules Asner,"Action, Comedy, Crime","<a href=""https://www.imdb.com/title/tt5439796"" target=""_blank"">tt5439796</a>","<a href=""https://www.imdb.com/title/tt5439796"" target=""_blank"">Logan Lucky</a>"
tt0822832,Marley & Me,2008,3065,7,177114,115,David Frankel,"Scott Frank, Don Roos, John Grogan","Drama, Family","<a href=""https://www.imdb.com/title/tt0822832"" target=""_blank"">tt0822832</a>","<a href=""https://www.imdb.com/title/tt0822832"" target=""_blank"">Marley & Me</a>"
tt12263384,Extraction II,2023,3066,7,176993,122,Sam Hargrave,"Joe Russo, Ande Parks, Anthony Russo","Action, Crime, Thriller","<a href=""https://www.imdb.com/title/tt12263384"" target=""_blank"">tt12263384</a>","<a href=""https://www.imdb.com/title/tt12263384"" target=""_blank"">Extraction II</a>"
tt0424136,Hard Candy,2005,3067,7,175381,104,David Slade,Brian Nelson,"Drama, Thriller","<a href=""https://www.imdb.com/title/tt0424136"" target=""_blank"">tt0424136</a>","<a href=""https://www.imdb.com/title/tt0424136"" target=""_blank"">Hard Candy</a>"
tt1600196,The Drop,2014,3068,7,171798,106,Michaël R. Roskam,Dennis Lehane,"Crime, Drama, Mystery","<a href=""https://www.imdb.com/title/tt1600196"" target=""_blank"">tt1600196</a>","<a href=""https://www.imdb.com/title/tt1600196"" target=""_blank"">The Drop</a>"
tt7959026,The Mule,2018,3069,7,171315,116,Clint Eastwood,"Nick Schenk, Sam Dolnick","Crime, Drama, Thriller","<a href=""https://www.imdb.com/title/tt7959026"" target=""_blank"">tt7959026</a>","<a href=""https://www.imdb.com/title/tt7959026"" target=""_blank"">The Mule</a>"
tt15789038,Elemental,2023,3070,7,170101,101,Peter Sohn,"John Hoberg, Kat Likkel, Brenda Hsueh, Peter Sohn","Adventure, Animation, Comedy","<a href=""https://www.imdb.com/title/tt15789038"" target=""_blank"">tt15789038</a>","<a href=""https://www.imdb.com/title/tt15789038"" target=""_blank"">Elemental</a>"
tt1714206,The Spectacular Now,2013,3071,7,169786,95,James Ponsoldt,"Scott Neustadter, Michael H. Weber, Tim Tharp","Drama, Romance","<a href=""https://www.imdb.com/title/tt1714206"" target=""_blank"">tt1714206</a>","<a href=""https://www.imdb.com/title/tt1714206"" target=""_blank"">The Spectacular Now</a>"
tt0307987,Bad Santa,2003,3072,7,168794,92,Terry Zwigoff,"Glenn Ficarra, John Requa","Comedy, Crime, Drama","<a href=""https://www.imdb.com/title/tt0307987"" target=""_blank"">tt0307987</a>","<a href=""https://www.imdb.com/title/tt0307987"" target=""_blank"">Bad Santa</a>"
tt21823606,A Real Pain,2024,3073,7,166877,90,Jesse Eisenberg,Jesse Eisenberg,"Comedy, Drama","<a href=""https://www.imdb.com/title/tt21823606"" target=""_blank"">tt21823606</a>","<a href=""https://www.imdb.com/title/tt21823606"" target=""_blank"">A Real Pain</a>"
tt18925334,Pearl,2022,3074,7,165495,103,Ti West,"Ti West, Mia Goth","Drama, Horror, Thriller","<a href=""https://www.imdb.com/title/tt18925334"" target=""_blank"">tt18925334</a>","<a href=""https://www.imdb.com/title/tt18925334"" target=""_blank"">Pearl</a>"
tt1389137,We Bought a Zoo,2011,3075,7,162562,124,Cameron Crowe,"Aline Brosh McKenna, Cameron Crowe, Benjamin Mee","Comedy, Drama, Family","<a href=""https://www.imdb.com/title/tt1389137"" target=""_blank"">tt1389137</a>","<a href=""https://www.imdb.com/title/tt1389137"" target=""_blank"">We Bought a Zoo</a>"
tt0091203,Highlander,1986,3076,7,161177,110,Russell Mulcahy,"Gregory Widen, Peter Bellwood, Larry Ferguson","Action, Adventure, Fantasy","<a href=""https://www.imdb.com/title/tt0091203"" target=""_blank"">tt0091203</a>","<a href=""https://www.imdb.com/title/tt0091203"" target=""_blank"">Highlander</a>"
tt1019452,A Serious Man,2009,3077,7,160145,106,"Ethan Coen, Joel Coen","Joel Coen, Ethan Coen","Comedy, Drama","<a href=""https://www.imdb.com/title/tt1019452"" target=""_blank"">tt1019452</a>","<a href=""https://www.imdb.com/title/tt1019452"" target=""_blank"">A Serious Man</a>"
tt0472033,9,2009,3078,7,158918,79,Shane Acker,"Pamela Pettler, Shane Acker, Ben Gluck","Action, Adventure, Animation","<a href=""https://www.imdb.com/title/tt0472033"" target=""_blank"">tt0472033</a>","<a href=""https://www.imdb.com/title/tt0472033"" target=""_blank"">9</a>"
tt1259528,Den of Thieves,2018,3079,7,156073,140,Christian Gudegast,"Christian Gudegast, Paul T. Scheuring","Action, Crime, Drama","<a href=""https://www.imdb.com/title/tt1259528"" target=""_blank"">tt1259528</a>","<a href=""https://www.imdb.com/title/tt1259528"" target=""_blank"">Den of Thieves</a>"
tt1100089,Foxcatcher,2014,3080,7,156072,134,Bennett Miller,"E. Max Frye, Dan Futterman","Biography, Drama, History","<a href=""https://www.imdb.com/title/tt1100089"" target=""_blank"">tt1100089</a>","<a href=""https://www.imdb.com/title/tt1100089"" target=""_blank"">Foxcatcher</a>"
tt0120784,Payback,1999,3081,7,155165,100,Brian Helgeland,"Donald E. Westlake, Brian Helgeland, Terry Hayes","Action, Crime, Drama","<a href=""https://www.imdb.com/title/tt0120784"" target=""_blank"">tt0120784</a>","<a href=""https://www.imdb.com/title/tt0120784"" target=""_blank"">Payback</a>"
tt14966898,Late Night with the Devil,2023,3082,7,153043,93,"Cameron Cairnes, Colin Cairnes","Colin Cairnes, Cameron Cairnes",Horror,"<a href=""https://www.imdb.com/title/tt14966898"" target=""_blank"">tt14966898</a>","<a href=""https://www.imdb.com/title/tt14966898"" target=""_blank"">Late Night with the Devil</a>"
tt1172570,Bronson,2008,3083,7,151780,92,Nicolas Winding Refn,"Brock Norman Brock, Nicolas Winding Refn","Action, Crime, Drama","<a href=""https://www.imdb.com/title/tt1172570"" target=""_blank"">tt1172570</a>","<a href=""https://www.imdb.com/title/tt1172570"" target=""_blank"">Bronson</a>"
tt3846674,To All the Boys I've Loved Before,2018,3084,7,143496,99,Susan Johnson,"Sofia Alvarez, Jenny Han","Comedy, Drama, Romance","<a href=""https://www.imdb.com/title/tt3846674"" target=""_blank"">tt3846674</a>","<a href=""https://www.imdb.com/title/tt3846674"" target=""_blank"">To All the Boys I've Loved Before</a>"
tt1172049,Demolition,2015,3085,7,140422,101,Jean-Marc Vallée,Bryan Sipe,"Comedy, Drama","<a href=""https://www.imdb.com/title/tt1172049"" target=""_blank"">tt1172049</a>","<a href=""https://www.imdb.com/title/tt1172049"" target=""_blank"">Demolition</a>"
tt0431197,The Kingdom,2007,3086,7,138330,110,Peter Berg,Matthew Michael Carnahan,"Action, Drama, Thriller","<a href=""https://www.imdb.com/title/tt0431197"" target=""_blank"">tt0431197</a>","<a href=""https://www.imdb.com/title/tt0431197"" target=""_blank"">The Kingdom</a>"
tt0842926,The Kids Are All Right,2010,3087,7,138006,106,Lisa Cholodenko,"Lisa Cholodenko, Stuart Blumberg","Comedy, Drama, Romance","<a href=""https://www.imdb.com/title/tt0842926"" target=""_blank"">tt0842926</a>","<a href=""https://www.imdb.com/title/tt0842926"" target=""_blank"">The Kids Are All Right</a>"
tt1135503,Julie & Julia,2009,3088,7,137727,123,Nora Ephron,"Nora Ephron, Julie Powell, Julia Child, Alex Prud'homme","Biography, Drama, Romance","<a href=""https://www.imdb.com/title/tt1135503"" target=""_blank"">tt1135503</a>","<a href=""https://www.imdb.com/title/tt1135503"" target=""_blank"">Julie & Julia</a>"
tt6048922,Greyhound,2020,3089,7,137240,91,Aaron Schneider,"Tom Hanks, C.S. Forester","Action, Drama, History","<a href=""https://www.imdb.com/title/tt6048922"" target=""_blank"">tt6048922</a>","<a href=""https://www.imdb.com/title/tt6048922"" target=""_blank"">Greyhound</a>"
tt0088128,Sixteen Candles,1984,3090,7,136773,93,John Hughes,John Hughes,"Comedy, Romance","<a href=""https://www.imdb.com/title/tt0088128"" target=""_blank"">tt0088128</a>","<a href=""https://www.imdb.com/title/tt0088128"" target=""_blank"">Sixteen Candles</a>"
tt0182789,Bicentennial Man,1999,3091,6.9,136609,132,Chris Columbus,"Isaac Asimov, Robert Silverberg, Nicholas Kazan","Drama, Romance, Sci-Fi","<a href=""https://www.imdb.com/title/tt0182789"" target=""_blank"">tt0182789</a>","<a href=""https://www.imdb.com/title/tt0182789"" target=""_blank"">Bicentennial Man</a>"
tt1862079,Safety Not Guaranteed,2012,3092,6.9,136009,86,Colin Trevorrow,Derek Connolly,"Adventure, Comedy, Drama","<a href=""https://www.imdb.com/title/tt1862079"" target=""_blank"">tt1862079</a>","<a href=""https://www.imdb.com/title/tt1862079"" target=""_blank"">Safety Not Guaranteed</a>"
tt0113749,Mallrats,1995,3093,7,135354,94,Kevin Smith,Kevin Smith,"Comedy, Romance","<a href=""https://www.imdb.com/title/tt0113749"" target=""_blank"">tt0113749</a>","<a href=""https://www.imdb.com/title/tt0113749"" target=""_blank"">Mallrats</a>"
tt1615160,The Foreigner,2017,3094,7,133957,113,Martin Campbell,"David Marconi, Stephen Leather","Action, Crime, Thriller","<a href=""https://www.imdb.com/title/tt1615160"" target=""_blank"">tt1615160</a>","<a href=""https://www.imdb.com/title/tt1615160"" target=""_blank"">The Foreigner</a>"
tt0240890,Serendipity,2001,3095,6.9,133143,90,Peter Chelsom,Marc Klein,"Comedy, Romance","<a href=""https://www.imdb.com/title/tt0240890"" target=""_blank"">tt0240890</a>","<a href=""https://www.imdb.com/title/tt0240890"" target=""_blank"">Serendipity</a>"
tt0472062,Charlie Wilson's War,2007,3096,7,132890,102,Mike Nichols,"Aaron Sorkin, George Crile","Biography, Comedy, Drama","<a href=""https://www.imdb.com/title/tt0472062"" target=""_blank"">tt0472062</a>","<a href=""https://www.imdb.com/title/tt0472062"" target=""_blank"">Charlie Wilson's War</a>"
tt0146838,Any Given Sunday,1999,3097,6.9,132425,162,Oliver Stone,"Daniel Pyne, John Logan, Oliver Stone","Drama, Sport","<a href=""https://www.imdb.com/title/tt0146838"" target=""_blank"">tt0146838</a>","<a href=""https://www.imdb.com/title/tt0146838"" target=""_blank"">Any Given Sunday</a>"
tt27403986,Juror #2,2024,3098,7,132222,114,Clint Eastwood,Jonathan A. Abrams,"Crime, Drama, Mystery","<a href=""https://www.imdb.com/title/tt27403986"" target=""_blank"">tt27403986</a>","<a href=""https://www.imdb.com/title/tt27403986"" target=""_blank"">Juror #2</a>"
tt0218967,The Family Man,2000,3099,6.9,132100,125,Brett Ratner,"David Diamond, David Weissman","Comedy, Drama, Fantasy","<a href=""https://www.imdb.com/title/tt0218967"" target=""_blank"">tt0218967</a>","<a href=""https://www.imdb.com/title/tt0218967"" target=""_blank"">The Family Man</a>"
tt0129290,Patch Adams,1998,3100,6.9,131663,115,Tom Shadyac,"Patch Adams, Maureen Mylander, Steve Oedekerk","Biography, Comedy, Drama","<a href=""https://www.imdb.com/title/tt0129290"" target=""_blank"">tt0129290</a>","<a href=""https://www.imdb.com/title/tt0129290"" target=""_blank"">Patch Adams</a>"
tt0096061,Scrooged,1988,3101,6.9,129860,101,Richard Donner,"Mitch Glazer, Michael O'Donoghue, Charles Dickens","Comedy, Drama, Fantasy","<a href=""https://www.imdb.com/title/tt0096061"" target=""_blank"">tt0096061</a>","<a href=""https://www.imdb.com/title/tt0096061"" target=""_blank"">Scrooged</a>"
tt0105112,Patriot Games,1992,3102,6.9,129805,117,Phillip Noyce,"Tom Clancy, W. Peter Iliff, Donald E. Stewart","Action, Thriller","<a href=""https://www.imdb.com/title/tt0105112"" target=""_blank"">tt0105112</a>","<a href=""https://www.imdb.com/title/tt0105112"" target=""_blank"">Patriot Games</a>"
tt1142977,Frankenweenie,2012,3103,6.9,128004,87,Tim Burton,"John August, Leonard Ripps, Tim Burton","Animation, Comedy, Drama","<a href=""https://www.imdb.com/title/tt1142977"" target=""_blank"">tt1142977</a>","<a href=""https://www.imdb.com/title/tt1142977"" target=""_blank"">Frankenweenie</a>"
tt0076752,The Spy Who Loved Me,1977,3104,7,126813,125,Lewis Gilbert,"Christopher Wood, Richard Maibaum, Ian Fleming","Action, Adventure, Thriller","<a href=""https://www.imdb.com/title/tt0076752"" target=""_blank"">tt0076752</a>","<a href=""https://www.imdb.com/title/tt0076752"" target=""_blank"">The Spy Who Loved Me</a>"
tt14846026,Sisu,2022,3105,6.9,126639,91,Jalmari Helander,Jalmari Helander,"Action, Thriller, War","<a href=""https://www.imdb.com/title/tt14846026"" target=""_blank"">tt14846026</a>","<a href=""https://www.imdb.com/title/tt14846026"" target=""_blank"">Sisu</a>"
tt0110478,Maverick,1994,3106,7,126242,127,Richard Donner,"Roy Huggins, William Goldman","Action, Adventure, Comedy","<a href=""https://www.imdb.com/title/tt0110478"" target=""_blank"">tt0110478</a>","<a href=""https://www.imdb.com/title/tt0110478"" target=""_blank"">Maverick</a>"
tt0106611,Cool Runnings,1993,3107,7,125078,98,Jon Turteltaub,"Lynn Siefert, Michael Ritchie, Tommy Swerdlow, Michael Goldberg","Adventure, Comedy, Family","<a href=""https://www.imdb.com/title/tt0106611"" target=""_blank"">tt0106611</a>","<a href=""https://www.imdb.com/title/tt0106611"" target=""_blank"">Cool Runnings</a>"
tt0106220,Addams Family Values,1993,3108,6.9,124999,94,Barry Sonnenfeld,"Charles Addams, Paul Rudnick","Comedy, Fantasy","<a href=""https://www.imdb.com/title/tt0106220"" target=""_blank"">tt0106220</a>","<a href=""https://www.imdb.com/title/tt0106220"" target=""_blank"">Addams Family Values</a>"
tt1067583,Water for Elephants,2011,3109,6.9,124781,120,Francis Lawrence,"Richard LaGravenese, Sara Gruen","Drama, Romance","<a href=""https://www.imdb.com/title/tt1067583"" target=""_blank"">tt1067583</a>","<a href=""https://www.imdb.com/title/tt1067583"" target=""_blank"">Water for Elephants</a>"
tt0396555,Meet the Robinsons,2007,3110,6.9,123867,95,Stephen J. Anderson,"Jon Bernstein, Michelle Bochner Spitz, Don Hall, Nathan Greno, Aurian Redson, Joe Mateo, Stephen J. Anderson, William Joyce, Diego Garzon","Adventure, Animation, Comedy","<a href=""https://www.imdb.com/title/tt0396555"" target=""_blank"">tt0396555</a>","<a href=""https://www.imdb.com/title/tt0396555"" target=""_blank"">Meet the Robinsons</a>"
tt1450321,Filth,2013,3111,7,123329,97,Jon S. Baird,"Jon S. Baird, Irvine Welsh","Action, Comedy, Crime","<a href=""https://www.imdb.com/title/tt1450321"" target=""_blank"">tt1450321</a>","<a href=""https://www.imdb.com/title/tt1450321"" target=""_blank"">Filth</a>"
tt1029234,Martyrs,2008,3112,7,123153,99,Pascal Laugier,Pascal Laugier,Horror,"<a href=""https://www.imdb.com/title/tt1029234"" target=""_blank"">tt1029234</a>","<a href=""https://www.imdb.com/title/tt1029234"" target=""_blank"">Martyrs</a>"
tt0405296,A Scanner Darkly,2006,3113,7,122723,100,Richard Linklater,"Philip K. Dick, Richard Linklater","Animation, Comedy, Crime","<a href=""https://www.imdb.com/title/tt0405296"" target=""_blank"">tt0405296</a>","<a href=""https://www.imdb.com/title/tt0405296"" target=""_blank"">A Scanner Darkly</a>"
tt0102266,The Last Boy Scout,1991,3114,7,122420,105,Tony Scott,"Shane Black, Greg Hicks","Action, Comedy, Crime","<a href=""https://www.imdb.com/title/tt0102266"" target=""_blank"">tt0102266</a>","<a href=""https://www.imdb.com/title/tt0102266"" target=""_blank"">The Last Boy Scout</a>"
tt0120889,What Dreams May Come,1998,3115,7,121997,113,Vincent Ward,"Richard Matheson, Ron Bass","Drama, Fantasy, Romance","<a href=""https://www.imdb.com/title/tt0120889"" target=""_blank"">tt0120889</a>","<a href=""https://www.imdb.com/title/tt0120889"" target=""_blank"">What Dreams May Come</a>"
tt1924429,Trance,2013,3116,6.9,121615,101,Danny Boyle,"Joe Ahearne, John Hodge","Crime, Drama, Mystery","<a href=""https://www.imdb.com/title/tt1924429"" target=""_blank"">tt1924429</a>","<a href=""https://www.imdb.com/title/tt1924429"" target=""_blank"">Trance</a>"
tt0138749,The Road to El Dorado,2000,3117,6.9,121142,89,"Bibo Bergeron, Don Paul, Jeffrey Katzenberg","Ted Elliott, Terry Rossio, Karey Kirkpatrick, Philip LaZebnik","Adventure, Animation, Comedy","<a href=""https://www.imdb.com/title/tt0138749"" target=""_blank"">tt0138749</a>","<a href=""https://www.imdb.com/title/tt0138749"" target=""_blank"">The Road to El Dorado</a>"
tt0247745,Super Troopers,2001,3118,7,120901,100,Jay Chandrasekhar,"Jay Chandrasekhar, Kevin Heffernan, Steve Lemme, Paul Soter, Erik Stolhanske","Comedy, Crime, Mystery","<a href=""https://www.imdb.com/title/tt0247745"" target=""_blank"">tt0247745</a>","<a href=""https://www.imdb.com/title/tt0247745"" target=""_blank"">Super Troopers</a>"
tt1623288,ParaNorman,2012,3119,7,119273,92,"Chris Butler, Sam Fell",Chris Butler,"Adventure, Animation, Comedy","<a href=""https://www.imdb.com/title/tt1623288"" target=""_blank"">tt1623288</a>","<a href=""https://www.imdb.com/title/tt1623288"" target=""_blank"">ParaNorman</a>"
tt0109444,Clear and Present Danger,1994,3120,6.9,118123,141,Phillip Noyce,"Tom Clancy, Donald E. Stewart, Steven Zaillian, John Milius","Action, Crime, Drama","<a href=""https://www.imdb.com/title/tt0109444"" target=""_blank"">tt0109444</a>","<a href=""https://www.imdb.com/title/tt0109444"" target=""_blank"">Clear and Present Danger</a>"
tt0118887,Cop Land,1997,3121,7,117515,105,James Mangold,James Mangold,"Crime, Drama, Thriller","<a href=""https://www.imdb.com/title/tt0118887"" target=""_blank"">tt0118887</a>","<a href=""https://www.imdb.com/title/tt0118887"" target=""_blank"">Cop Land</a>"
tt0120902,The X Files,1998,3122,7,115985,121,Rob Bowman,"Chris Carter, Frank Spotnitz","Adventure, Drama, Mystery","<a href=""https://www.imdb.com/title/tt0120902"" target=""_blank"">tt0120902</a>","<a href=""https://www.imdb.com/title/tt0120902"" target=""_blank"">The X Files</a>"
tt1860242,The Highwaymen,2019,3123,6.9,115351,132,John Lee Hancock,John Fusco,"Biography, Crime, Drama","<a href=""https://www.imdb.com/title/tt1860242"" target=""_blank"">tt1860242</a>","<a href=""https://www.imdb.com/title/tt1860242"" target=""_blank"">The Highwaymen</a>"
tt1567609,Get the Gringo,2012,3124,6.9,115339,96,Adrian Grunberg,"Mel Gibson, Stacy Perskie, Adrian Grunberg","Action, Drama, Thriller","<a href=""https://www.imdb.com/title/tt1567609"" target=""_blank"">tt1567609</a>","<a href=""https://www.imdb.com/title/tt1567609"" target=""_blank"">Get the Gringo</a>"
tt3420504,Finch,2021,3125,6.9,114173,115,Miguel Sapochnik,"Craig Luck, Ivor Powell","Adventure, Drama, Sci-Fi","<a href=""https://www.imdb.com/title/tt3420504"" target=""_blank"">tt3420504</a>","<a href=""https://www.imdb.com/title/tt3420504"" target=""_blank"">Finch</a>"
tt0088011,Romancing the Stone,1984,3126,6.9,113463,106,Robert Zemeckis,Diane Thomas,"Action, Adventure, Comedy","<a href=""https://www.imdb.com/title/tt0088011"" target=""_blank"">tt0088011</a>","<a href=""https://www.imdb.com/title/tt0088011"" target=""_blank"">Romancing the Stone</a>"
tt0093010,Fatal Attraction,1987,3127,6.9,113235,119,Adrian Lyne,James Dearden,"Drama, Thriller","<a href=""https://www.imdb.com/title/tt0093010"" target=""_blank"">tt0093010</a>","<a href=""https://www.imdb.com/title/tt0093010"" target=""_blank"">Fatal Attraction</a>"
tt15354916,Jawan,2023,3128,6.9,112986,169,Atlee,"Atlee, Ramanagirivasan, Sumit Arora","Action, Crime, Drama","<a href=""https://www.imdb.com/title/tt15354916"" target=""_blank"">tt15354916</a>","<a href=""https://www.imdb.com/title/tt15354916"" target=""_blank"">Jawan</a>"
tt0342258,Unleashed,2005,3129,7,112886,103,Louis Leterrier,Luc Besson,"Action, Crime, Thriller","<a href=""https://www.imdb.com/title/tt0342258"" target=""_blank"">tt0342258</a>","<a href=""https://www.imdb.com/title/tt0342258"" target=""_blank"">Unleashed</a>"
tt0426883,Alpha Dog,2006,3130,6.9,112405,122,Nick Cassavetes,Nick Cassavetes,"Biography, Crime, Drama","<a href=""https://www.imdb.com/title/tt0426883"" target=""_blank"">tt0426883</a>","<a href=""https://www.imdb.com/title/tt0426883"" target=""_blank"">Alpha Dog</a>"
tt0086066,The Outsiders,1983,3131,7,111713,91,Francis Ford Coppola,"Kathleen Rowell, S.E. Hinton","Crime, Drama","<a href=""https://www.imdb.com/title/tt0086066"" target=""_blank"">tt0086066</a>","<a href=""https://www.imdb.com/title/tt0086066"" target=""_blank"">The Outsiders</a>"
tt0155267,The Thomas Crown Affair,1999,3132,6.9,111278,113,John McTiernan,"Alan Trustman, Leslie Dixon, Kurt Wimmer","Crime, Romance, Thriller","<a href=""https://www.imdb.com/title/tt0155267"" target=""_blank"">tt0155267</a>","<a href=""https://www.imdb.com/title/tt0155267"" target=""_blank"">The Thomas Crown Affair</a>"
tt0477302,Extremely Loud & Incredibly Close,2011,3133,6.9,108445,129,Stephen Daldry,"Eric Roth, Jonathan Safran Foer","Adventure, Drama, Mystery","<a href=""https://www.imdb.com/title/tt0477302"" target=""_blank"">tt0477302</a>","<a href=""https://www.imdb.com/title/tt0477302"" target=""_blank"">Extremely Loud & Incredibly Close</a>"
tt0401445,A Good Year,2006,3134,6.9,108283,117,Ridley Scott,"Marc Klein, Peter Mayle","Comedy, Drama, Romance","<a href=""https://www.imdb.com/title/tt0401445"" target=""_blank"">tt0401445</a>","<a href=""https://www.imdb.com/title/tt0401445"" target=""_blank"">A Good Year</a>"
tt11003218,Pig,2021,3135,6.9,106939,92,Michael Sarnoski,"Vanessa Block, Michael Sarnoski","Drama, Mystery","<a href=""https://www.imdb.com/title/tt11003218"" target=""_blank"">tt11003218</a>","<a href=""https://www.imdb.com/title/tt11003218"" target=""_blank"">Pig</a>"
tt0120780,Out of Sight,1998,3136,7,106653,123,Steven Soderbergh,"Elmore Leonard, Scott Frank","Comedy, Crime, Drama","<a href=""https://www.imdb.com/title/tt0120780"" target=""_blank"">tt0120780</a>","<a href=""https://www.imdb.com/title/tt0120780"" target=""_blank"">Out of Sight</a>"
tt0119099,Fallen,1998,3137,7,106171,124,Gregory Hoblit,Nicholas Kazan,"Action, Crime, Drama","<a href=""https://www.imdb.com/title/tt0119099"" target=""_blank"">tt0119099</a>","<a href=""https://www.imdb.com/title/tt0119099"" target=""_blank"">Fallen</a>"
tt1126590,Big Eyes,2014,3138,6.9,105505,106,Tim Burton,"Scott Alexander, Larry Karaszewski","Biography, Crime, Drama","<a href=""https://www.imdb.com/title/tt1126590"" target=""_blank"">tt1126590</a>","<a href=""https://www.imdb.com/title/tt1126590"" target=""_blank"">Big Eyes</a>"
tt1549572,Another Earth,2011,3139,6.9,105145,92,Mike Cahill,"Mike Cahill, Brit Marling","Drama, Romance, Sci-Fi","<a href=""https://www.imdb.com/title/tt1549572"" target=""_blank"">tt1549572</a>","<a href=""https://www.imdb.com/title/tt1549572"" target=""_blank"">Another Earth</a>"
tt0406816,The Guardian,2006,3140,6.9,104280,139,Andrew Davis,Ron L. Brinkerhoff,"Adventure, Drama","<a href=""https://www.imdb.com/title/tt0406816"" target=""_blank"">tt0406816</a>","<a href=""https://www.imdb.com/title/tt0406816"" target=""_blank"">The Guardian</a>"
tt0090863,The Color of Money,1986,3141,7,102953,119,Martin Scorsese,"Walter Tevis, Richard Price","Drama, Sport","<a href=""https://www.imdb.com/title/tt0090863"" target=""_blank"">tt0090863</a>","<a href=""https://www.imdb.com/title/tt0090863"" target=""_blank"">The Color of Money</a>"
tt0914863,Unthinkable,2010,3142,7,101499,97,Gregor Jordan,Peter Woodward,"Crime, Drama, Thriller","<a href=""https://www.imdb.com/title/tt0914863"" target=""_blank"">tt0914863</a>","<a href=""https://www.imdb.com/title/tt0914863"" target=""_blank"">Unthinkable</a>"
tt0102492,My Girl,1991,3143,6.9,99527,102,Howard Zieff,Laurice Elehwany,"Comedy, Drama, Family","<a href=""https://www.imdb.com/title/tt0102492"" target=""_blank"">tt0102492</a>","<a href=""https://www.imdb.com/title/tt0102492"" target=""_blank"">My Girl</a>"
tt0285742,Monster's Ball,2001,3144,7,98051,111,Marc Forster,"Milo Addica, Will Rokos","Drama, Romance","<a href=""https://www.imdb.com/title/tt0285742"" target=""_blank"">tt0285742</a>","<a href=""https://www.imdb.com/title/tt0285742"" target=""_blank"">Monster's Ball</a>"
tt4954522,Raw,2016,3145,6.9,97800,99,Julia Ducournau,Julia Ducournau,"Drama, Horror","<a href=""https://www.imdb.com/title/tt4954522"" target=""_blank"">tt4954522</a>","<a href=""https://www.imdb.com/title/tt4954522"" target=""_blank"">Raw</a>"
tt0116778,Kingpin,1996,3146,6.9,97638,114,"Bobby Farrelly, Peter Farrelly","Barry Fanaro, Mort Nathan","Comedy, Sport","<a href=""https://www.imdb.com/title/tt0116778"" target=""_blank"">tt0116778</a>","<a href=""https://www.imdb.com/title/tt0116778"" target=""_blank"">Kingpin</a>"
tt0113161,Get Shorty,1995,3147,6.9,97215,105,Barry Sonnenfeld,"Elmore Leonard, Scott Frank","Comedy, Crime, Thriller","<a href=""https://www.imdb.com/title/tt0113161"" target=""_blank"">tt0113161</a>","<a href=""https://www.imdb.com/title/tt0113161"" target=""_blank"">Get Shorty</a>"
tt0152930,Taxi,1998,3148,7,96546,89,Gérard Pirès,Luc Besson,"Action, Comedy, Crime","<a href=""https://www.imdb.com/title/tt0152930"" target=""_blank"">tt0152930</a>","<a href=""https://www.imdb.com/title/tt0152930"" target=""_blank"">Taxi</a>"
tt0270288,Confessions of a Dangerous Mind,2002,3149,7,96337,113,George Clooney,"Chuck Barris, Charlie Kaufman","Biography, Comedy, Crime","<a href=""https://www.imdb.com/title/tt0270288"" target=""_blank"">tt0270288</a>","<a href=""https://www.imdb.com/title/tt0270288"" target=""_blank"">Confessions of a Dangerous Mind</a>"
tt5688932,Sorry to Bother You,2018,3150,6.9,95887,112,Boots Riley,Boots Riley,"Comedy, Drama, Fantasy","<a href=""https://www.imdb.com/title/tt5688932"" target=""_blank"">tt5688932</a>","<a href=""https://www.imdb.com/title/tt5688932"" target=""_blank"">Sorry to Bother You</a>"
tt2726560,The Longest Ride,2015,3151,7,95743,123,George Tillman Jr.,"Nicholas Sparks, Craig Bolotin","Drama, Romance","<a href=""https://www.imdb.com/title/tt2726560"" target=""_blank"">tt2726560</a>","<a href=""https://www.imdb.com/title/tt2726560"" target=""_blank"">The Longest Ride</a>"
tt2990140,The Christmas Chronicles,2018,3152,7,95019,104,Clay Kaytis,"Matt Lieberman, David Guggenheim","Adventure, Comedy, Family","<a href=""https://www.imdb.com/title/tt2990140"" target=""_blank"">tt2990140</a>","<a href=""https://www.imdb.com/title/tt2990140"" target=""_blank"">The Christmas Chronicles</a>"
tt0083511,48 Hrs.,1982,3153,6.9,94569,96,Walter Hill,"Roger Spottiswoode, Walter Hill, Larry Gross, Steven E. de Souza","Action, Comedy, Crime","<a href=""https://www.imdb.com/title/tt0083511"" target=""_blank"">tt0083511</a>","<a href=""https://www.imdb.com/title/tt0083511"" target=""_blank"">48 Hrs.</a>"
tt6513120,Fighting with My Family,2019,3154,7,94433,108,Stephen Merchant,Stephen Merchant,"Biography, Comedy, Drama","<a href=""https://www.imdb.com/title/tt6513120"" target=""_blank"">tt6513120</a>","<a href=""https://www.imdb.com/title/tt6513120"" target=""_blank"">Fighting with My Family</a>"
tt0456554,Grandma's Boy,2006,3155,6.9,93951,94,Nicholaus Goossen,"Barry Wernick, Allen Covert, Nick Swardson",Comedy,"<a href=""https://www.imdb.com/title/tt0456554"" target=""_blank"">tt0456554</a>","<a href=""https://www.imdb.com/title/tt0456554"" target=""_blank"">Grandma's Boy</a>"
tt0164181,Stir of Echoes,1999,3156,6.9,93873,99,David Koepp,"Richard Matheson, David Koepp","Horror, Mystery, Thriller","<a href=""https://www.imdb.com/title/tt0164181"" target=""_blank"">tt0164181</a>","<a href=""https://www.imdb.com/title/tt0164181"" target=""_blank"">Stir of Echoes</a>"
tt0113540,Kids,1995,3157,7,92861,91,Larry Clark,"Harmony Korine, Larry Clark",Drama,"<a href=""https://www.imdb.com/title/tt0113540"" target=""_blank"">tt0113540</a>","<a href=""https://www.imdb.com/title/tt0113540"" target=""_blank"">Kids</a>"
tt1219342,Legend of the Guardians: The Owls of Ga'Hoole,2010,3158,6.9,92773,97,Zack Snyder,"John Orloff, Emil Stern, Kathryn Lasky","Action, Adventure, Animation","<a href=""https://www.imdb.com/title/tt1219342"" target=""_blank"">tt1219342</a>","<a href=""https://www.imdb.com/title/tt1219342"" target=""_blank"">Legend of the Guardians: The Owls of Ga'Hoole</a>"
tt0272020,The Last Castle,2001,3159,7,92649,131,Rod Lurie,"David Scarpa, Graham Yost","Action, Drama, Thriller","<a href=""https://www.imdb.com/title/tt0272020"" target=""_blank"">tt0272020</a>","<a href=""https://www.imdb.com/title/tt0272020"" target=""_blank"">The Last Castle</a>"
tt1655420,My Week with Marilyn,2011,3160,6.9,91825,99,Simon Curtis,"Adrian Hodges, Colin Clark","Biography, Drama","<a href=""https://www.imdb.com/title/tt1655420"" target=""_blank"">tt1655420</a>","<a href=""https://www.imdb.com/title/tt1655420"" target=""_blank"">My Week with Marilyn</a>"
tt0864761,The Duchess,2008,3161,6.9,91604,110,Saul Dibb,"Jeffrey Hatcher, Anders Thomas Jensen, Saul Dibb, Amanda Foreman","Biography, Drama, History","<a href=""https://www.imdb.com/title/tt0864761"" target=""_blank"">tt0864761</a>","<a href=""https://www.imdb.com/title/tt0864761"" target=""_blank"">The Duchess</a>"
tt8359848,Climax,2018,3162,6.9,91478,97,Gaspar Noé,Gaspar Noé,"Drama, Horror, Music","<a href=""https://www.imdb.com/title/tt8359848"" target=""_blank"">tt8359848</a>","<a href=""https://www.imdb.com/title/tt8359848"" target=""_blank"">Climax</a>"
tt0087803,1984,1984,3163,7,89822,113,Michael Radford,"Michael Radford, George Orwell","Drama, Sci-Fi","<a href=""https://www.imdb.com/title/tt0087803"" target=""_blank"">tt0087803</a>","<a href=""https://www.imdb.com/title/tt0087803"" target=""_blank"">1984</a>"
tt4627382,Roofman,2025,3164,6.9,89668,126,Derek Cianfrance,"Derek Cianfrance, Kirt Gunn","Biography, Crime, Drama","<a href=""https://www.imdb.com/title/tt4627382"" target=""_blank"">tt4627382</a>","<a href=""https://www.imdb.com/title/tt4627382"" target=""_blank"">Roofman</a>"
tt6679794,Outlaw King,2018,3165,6.9,89662,121,David Mackenzie,"Bathsheba Doran, David Mackenzie, James MacInnes, David Harrower, Mark Bomback","Action, Biography, Drama","<a href=""https://www.imdb.com/title/tt6679794"" target=""_blank"">tt6679794</a>","<a href=""https://www.imdb.com/title/tt6679794"" target=""_blank"">Outlaw King</a>"
tt0115734,Bottle Rocket,1996,3166,6.9,89201,91,Wes Anderson,"Owen Wilson, Wes Anderson","Comedy, Crime, Drama","<a href=""https://www.imdb.com/title/tt0115734"" target=""_blank"">tt0115734</a>","<a href=""https://www.imdb.com/title/tt0115734"" target=""_blank"">Bottle Rocket</a>"
tt2017038,All Is Lost,2013,3167,6.9,88497,106,J.C. Chandor,J.C. Chandor,"Action, Adventure, Drama","<a href=""https://www.imdb.com/title/tt2017038"" target=""_blank"">tt2017038</a>","<a href=""https://www.imdb.com/title/tt2017038"" target=""_blank"">All Is Lost</a>"
tt13669038,Women Talking,2022,3168,6.9,86181,104,Sarah Polley,"Sarah Polley, Miriam Toews",Drama,"<a href=""https://www.imdb.com/title/tt13669038"" target=""_blank"">tt13669038</a>","<a href=""https://www.imdb.com/title/tt13669038"" target=""_blank"">Women Talking</a>"
tt18259086,Sonic the Hedgehog 3,2024,3169,6.9,85330,110,Jeff Fowler,"Pat Casey, Josh Miller, John Whittington","Action, Adventure, Comedy","<a href=""https://www.imdb.com/title/tt18259086"" target=""_blank"">tt18259086</a>","<a href=""https://www.imdb.com/title/tt18259086"" target=""_blank"">Sonic the Hedgehog 3</a>"
tt1605717,Frank,2014,3170,6.9,85003,95,Lenny Abrahamson,"Jon Ronson, Peter Straughan","Comedy, Drama, Music","<a href=""https://www.imdb.com/title/tt1605717"" target=""_blank"">tt1605717</a>","<a href=""https://www.imdb.com/title/tt1605717"" target=""_blank"">Frank</a>"
tt0335119,Girl with a Pearl Earring,2003,3171,6.9,84964,100,Peter Webber,"Tracy Chevalier, Olivia Hetreed","Biography, Drama, Romance","<a href=""https://www.imdb.com/title/tt0335119"" target=""_blank"">tt0335119</a>","<a href=""https://www.imdb.com/title/tt0335119"" target=""_blank"">Girl with a Pearl Earring</a>"
tt8093700,The Woman King,2022,3172,6.9,84452,135,Gina Prince-Bythewood,"Dana Stevens, Maria Bello","Action, Drama, History","<a href=""https://www.imdb.com/title/tt8093700"" target=""_blank"">tt8093700</a>","<a href=""https://www.imdb.com/title/tt8093700"" target=""_blank"">The Woman King</a>"
tt1740707,Troll Hunter,2010,3173,6.9,83987,103,André Øvredal,André Øvredal,"Drama, Fantasy, Thriller","<a href=""https://www.imdb.com/title/tt1740707"" target=""_blank"">tt1740707</a>","<a href=""https://www.imdb.com/title/tt1740707"" target=""_blank"">Troll Hunter</a>"
tt0421206,Gridiron Gang,2006,3174,6.9,83507,125,Phil Joanou,"Jeff Maguire, Jac Flanders","Biography, Crime, Drama","<a href=""https://www.imdb.com/title/tt0421206"" target=""_blank"">tt0421206</a>","<a href=""https://www.imdb.com/title/tt0421206"" target=""_blank"">Gridiron Gang</a>"
tt8115900,The Bad Guys,2022,3175,6.9,82916,100,Pierre Perifel,"Aaron Blabey, Etan Cohen","Adventure, Animation, Comedy","<a href=""https://www.imdb.com/title/tt8115900"" target=""_blank"">tt8115900</a>","<a href=""https://www.imdb.com/title/tt8115900"" target=""_blank"">The Bad Guys</a>"
tt0841046,Walk Hard: The Dewey Cox Story,2007,3176,6.9,82734,96,Jake Kasdan,"Judd Apatow, Jake Kasdan","Comedy, Music","<a href=""https://www.imdb.com/title/tt0841046"" target=""_blank"">tt0841046</a>","<a href=""https://www.imdb.com/title/tt0841046"" target=""_blank"">Walk Hard: The Dewey Cox Story</a>"
tt2937898,A Most Violent Year,2014,3177,6.9,82451,125,J.C. Chandor,J.C. Chandor,"Crime, Drama, Thriller","<a href=""https://www.imdb.com/title/tt2937898"" target=""_blank"">tt2937898</a>","<a href=""https://www.imdb.com/title/tt2937898"" target=""_blank"">A Most Violent Year</a>"
tt10514222,Ma Rainey's Black Bottom,2020,3178,6.9,78810,94,George C. Wolfe,"Ruben Santiago-Hudson, August Wilson","Drama, Music","<a href=""https://www.imdb.com/title/tt10514222"" target=""_blank"">tt10514222</a>","<a href=""https://www.imdb.com/title/tt10514222"" target=""_blank"">Ma Rainey's Black Bottom</a>"
tt0093693,Overboard,1987,3179,6.9,77971,112,Garry Marshall,Leslie Dixon,"Comedy, Romance","<a href=""https://www.imdb.com/title/tt0093693"" target=""_blank"">tt0093693</a>","<a href=""https://www.imdb.com/title/tt0093693"" target=""_blank"">Overboard</a>"
tt0076618,The Rescuers,1977,3180,6.9,76295,77,"John Lounsbery, Wolfgang Reitherman, Art Stevens","Margery Sharp, Larry Clemmons, Ken Anderson, Frank Thomas, Vance Gerry, Dave Michener, Ted Berman, Fred Lucky, Burny Mattinson, Dick Sebast","Adventure, Animation, Comedy","<a href=""https://www.imdb.com/title/tt0076618"" target=""_blank"">tt0076618</a>","<a href=""https://www.imdb.com/title/tt0076618"" target=""_blank"">The Rescuers</a>"
tt4971344,The Sisters Brothers,2018,3181,6.9,76160,122,Jacques Audiard,"Jacques Audiard, Thomas Bidegain, Patrick DeWitt","Drama, Western","<a href=""https://www.imdb.com/title/tt4971344"" target=""_blank"">tt4971344</a>","<a href=""https://www.imdb.com/title/tt4971344"" target=""_blank"">The Sisters Brothers</a>"
tt0081633,Time Bandits,1981,3182,6.9,75084,110,Terry Gilliam,"Michael Palin, Terry Gilliam","Adventure, Comedy, Fantasy","<a href=""https://www.imdb.com/title/tt0081633"" target=""_blank"">tt0081633</a>","<a href=""https://www.imdb.com/title/tt0081633"" target=""_blank"">Time Bandits</a>"
tt1172233,Whip It,2009,3183,6.9,72722,111,Drew Barrymore,Shauna Cross,"Drama, Sport","<a href=""https://www.imdb.com/title/tt1172233"" target=""_blank"">tt1172233</a>","<a href=""https://www.imdb.com/title/tt1172233"" target=""_blank"">Whip It</a>"
tt0093260,Innerspace,1987,3184,6.9,70950,120,Joe Dante,"Jeffrey Boam, Chip Proser","Action, Adventure, Comedy","<a href=""https://www.imdb.com/title/tt0093260"" target=""_blank"">tt0093260</a>","<a href=""https://www.imdb.com/title/tt0093260"" target=""_blank"">Innerspace</a>"
tt0228786,The Crimson Rivers,2000,3185,6.9,70606,106,Mathieu Kassovitz,"Jean-Christophe Grangé, Mathieu Kassovitz","Crime, Mystery, Thriller","<a href=""https://www.imdb.com/title/tt0228786"" target=""_blank"">tt0228786</a>","<a href=""https://www.imdb.com/title/tt0228786"" target=""_blank"">The Crimson Rivers</a>"
tt0462200,Black Snake Moan,2006,3186,6.9,69376,116,Craig Brewer,Craig Brewer,"Drama, Music","<a href=""https://www.imdb.com/title/tt0462200"" target=""_blank"">tt0462200</a>","<a href=""https://www.imdb.com/title/tt0462200"" target=""_blank"">Black Snake Moan</a>"
tt24950660,Eternity,2025,3187,6.9,69178,114,David Freyne,"Patrick Cunnane, David Freyne","Comedy, Drama, Fantasy","<a href=""https://www.imdb.com/title/tt24950660"" target=""_blank"">tt24950660</a>","<a href=""https://www.imdb.com/title/tt24950660"" target=""_blank"">Eternity</a>"
tt1124037,Free State of Jones,2016,3188,6.9,68944,139,Gary Ross,"Gary Ross, Leonard Hartman","Action, Biography, Drama","<a href=""https://www.imdb.com/title/tt1124037"" target=""_blank"">tt1124037</a>","<a href=""https://www.imdb.com/title/tt1124037"" target=""_blank"">Free State of Jones</a>"
tt0423977,Charlie Bartlett,2007,3189,6.9,68516,97,Jon Poll,Gustin Nash,"Comedy, Drama, Romance","<a href=""https://www.imdb.com/title/tt0423977"" target=""_blank"">tt0423977</a>","<a href=""https://www.imdb.com/title/tt0423977"" target=""_blank"">Charlie Bartlett</a>"
tt0070909,Westworld,1973,3190,6.9,68297,88,Michael Crichton,Michael Crichton,"Action, Drama, Sci-Fi","<a href=""https://www.imdb.com/title/tt0070909"" target=""_blank"">tt0070909</a>","<a href=""https://www.imdb.com/title/tt0070909"" target=""_blank"">Westworld</a>"
tt5710514,I Don't Feel at Home in This World Anymore,2017,3191,6.9,68283,93,Macon Blair,Macon Blair,"Comedy, Crime, Drama","<a href=""https://www.imdb.com/title/tt5710514"" target=""_blank"">tt5710514</a>","<a href=""https://www.imdb.com/title/tt5710514"" target=""_blank"">I Don't Feel at Home in This World Anymore</a>"
tt0102494,My Own Private Idaho,1991,3192,6.9,68151,104,Gus Van Sant,Gus Van Sant,Drama,"<a href=""https://www.imdb.com/title/tt0102494"" target=""_blank"">tt0102494</a>","<a href=""https://www.imdb.com/title/tt0102494"" target=""_blank"">My Own Private Idaho</a>"
tt5610554,Tully,2018,3193,6.9,67095,95,Jason Reitman,Diablo Cody,"Comedy, Drama, Mystery","<a href=""https://www.imdb.com/title/tt5610554"" target=""_blank"">tt5610554</a>","<a href=""https://www.imdb.com/title/tt5610554"" target=""_blank"">Tully</a>"
tt0112346,The American President,1995,3194,6.9,66074,114,Rob Reiner,Aaron Sorkin,"Comedy, Drama, Romance","<a href=""https://www.imdb.com/title/tt0112346"" target=""_blank"">tt0112346</a>","<a href=""https://www.imdb.com/title/tt0112346"" target=""_blank"">The American President</a>"
tt2937696,Everybody Wants Some!!,2016,3195,6.9,65023,117,Richard Linklater,Richard Linklater,Comedy,"<a href=""https://www.imdb.com/title/tt2937696"" target=""_blank"">tt2937696</a>","<a href=""https://www.imdb.com/title/tt2937696"" target=""_blank"">Everybody Wants Some!!</a>"
tt16300962,When Evil Lurks,2023,3196,6.9,64784,99,Demián Rugna,Demián Rugna,Horror,"<a href=""https://www.imdb.com/title/tt16300962"" target=""_blank"">tt16300962</a>","<a href=""https://www.imdb.com/title/tt16300962"" target=""_blank"">When Evil Lurks</a>"
tt0296042,Ichi the Killer,2001,3197,6.9,64671,129,Takashi Miike,"Sakichi Sato, Hideo Yamamoto","Crime, Drama","<a href=""https://www.imdb.com/title/tt0296042"" target=""_blank"">tt0296042</a>","<a href=""https://www.imdb.com/title/tt0296042"" target=""_blank"">Ichi the Killer</a>"
tt0098621,The War of the Roses,1989,3198,6.9,63523,116,Danny DeVito,"Warren Adler, Michael Leeson","Comedy, Romance","<a href=""https://www.imdb.com/title/tt0098621"" target=""_blank"">tt0098621</a>","<a href=""https://www.imdb.com/title/tt0098621"" target=""_blank"">The War of the Roses</a>"
tt6491178,Dragged Across Concrete,2018,3199,6.9,63298,159,S. Craig Zahler,S. Craig Zahler,"Action, Crime, Drama","<a href=""https://www.imdb.com/title/tt6491178"" target=""_blank"">tt6491178</a>","<a href=""https://www.imdb.com/title/tt6491178"" target=""_blank"">Dragged Across Concrete</a>"
tt2850386,The Croods: A New Age,2020,3200,6.9,63195,95,Joel Crawford,"Kevin Hageman, Dan Hageman, Paul Fisher, Bob Logan, Kirk DeMicco, Chris Sanders","Adventure, Animation, Comedy","<a href=""https://www.imdb.com/title/tt2850386"" target=""_blank"">tt2850386</a>","<a href=""https://www.imdb.com/title/tt2850386"" target=""_blank"">The Croods: A New Age</a>"
tt0098282,"See No Evil, Hear No Evil",1989,3201,6.9,63027,103,Arthur Hiller,"Earl Barret, Arne Sultan, Marvin Worth, Eliot Wald, Andrew Kurtzman, Gene Wilder","Comedy, Crime","<a href=""https://www.imdb.com/title/tt0098282"" target=""_blank"">tt0098282</a>","<a href=""https://www.imdb.com/title/tt0098282"" target=""_blank"">See No Evil, Hear No Evil</a>"
tt0427470,The Lookout,2007,3202,6.9,62409,99,Scott Frank,Scott Frank,"Crime, Drama, Thriller","<a href=""https://www.imdb.com/title/tt0427470"" target=""_blank"">tt0427470</a>","<a href=""https://www.imdb.com/title/tt0427470"" target=""_blank"">The Lookout</a>"
tt0090633,An American Tail,1986,3203,6.9,62214,80,Don Bluth,"Judy Freudberg, Tony Geiss, David Kirschner","Adventure, Animation, Comedy","<a href=""https://www.imdb.com/title/tt0090633"" target=""_blank"">tt0090633</a>","<a href=""https://www.imdb.com/title/tt0090633"" target=""_blank"">An American Tail</a>"
tt0089155,Fletch,1985,3204,6.9,62153,98,Michael Ritchie,"Gregory McDonald, Andrew Bergman, Phil Alden Robinson","Comedy, Crime, Mystery","<a href=""https://www.imdb.com/title/tt0089155"" target=""_blank"">tt0089155</a>","<a href=""https://www.imdb.com/title/tt0089155"" target=""_blank"">Fletch</a>"
tt0102511,Naked Lunch,1991,3205,6.9,61564,115,David Cronenberg,"William S. Burroughs, David Cronenberg","Drama, Mystery","<a href=""https://www.imdb.com/title/tt0102511"" target=""_blank"">tt0102511</a>","<a href=""https://www.imdb.com/title/tt0102511"" target=""_blank"">Naked Lunch</a>"
tt0268995,The Majestic,2001,3206,6.9,61380,152,Frank Darabont,Michael Sloane,"Drama, Romance","<a href=""https://www.imdb.com/title/tt0268995"" target=""_blank"">tt0268995</a>","<a href=""https://www.imdb.com/title/tt0268995"" target=""_blank"">The Majestic</a>"
tt0988047,Traitor,2008,3207,6.9,61162,114,Jeffrey Nachmanoff,"Jeffrey Nachmanoff, Steve Martin","Action, Crime, Drama","<a href=""https://www.imdb.com/title/tt0988047"" target=""_blank"">tt0988047</a>","<a href=""https://www.imdb.com/title/tt0988047"" target=""_blank"">Traitor</a>"
tt0106673,Dave,1993,3208,6.9,60835,110,Ivan Reitman,Gary Ross,"Comedy, Romance","<a href=""https://www.imdb.com/title/tt0106673"" target=""_blank"">tt0106673</a>","<a href=""https://www.imdb.com/title/tt0106673"" target=""_blank"">Dave</a>"
tt0324554,Wicker Park,2004,3209,6.9,60418,114,Paul McGuigan,"Gilles Mimouni, Brandon Boyce","Drama, Mystery, Romance","<a href=""https://www.imdb.com/title/tt0324554"" target=""_blank"">tt0324554</a>","<a href=""https://www.imdb.com/title/tt0324554"" target=""_blank"">Wicker Park</a>"
tt0294870,Rent,2005,3210,6.9,58577,135,Chris Columbus,"Jonathan Larson, Stephen Chbosky","Drama, Musical, Romance","<a href=""https://www.imdb.com/title/tt0294870"" target=""_blank"">tt0294870</a>","<a href=""https://www.imdb.com/title/tt0294870"" target=""_blank"">Rent</a>"
tt1967545,Labor Day,2013,3211,6.9,57846,111,Jason Reitman,"Jason Reitman, Joyce Maynard","Crime, Drama, Romance","<a href=""https://www.imdb.com/title/tt1967545"" target=""_blank"">tt1967545</a>","<a href=""https://www.imdb.com/title/tt1967545"" target=""_blank"">Labor Day</a>"
tt5536736,The Meyerowitz Stories,2017,3212,6.9,57209,112,Noah Baumbach,Noah Baumbach,"Comedy, Drama","<a href=""https://www.imdb.com/title/tt5536736"" target=""_blank"">tt5536736</a>","<a href=""https://www.imdb.com/title/tt5536736"" target=""_blank"">The Meyerowitz Stories</a>"
tt0091059,Flight of the Navigator,1986,3213,6.9,56088,90,Randal Kleiser,"Mark H. Baker, Michael Burton, Phil Joanou","Adventure, Comedy, Family","<a href=""https://www.imdb.com/title/tt0091059"" target=""_blank"">tt0091059</a>","<a href=""https://www.imdb.com/title/tt0091059"" target=""_blank"">Flight of the Navigator</a>"
tt0089457,Ladyhawke,1985,3214,6.9,55983,121,Richard Donner,"Edward Khmara, Michael Thomas, Tom Mankiewicz, David Webb Peoples","Adventure, Comedy, Drama","<a href=""https://www.imdb.com/title/tt0089457"" target=""_blank"">tt0089457</a>","<a href=""https://www.imdb.com/title/tt0089457"" target=""_blank"">Ladyhawke</a>"
tt1403177,Hesher,2010,3215,6.9,55934,106,Spencer Susser,"Spencer Susser, David Michôd, Brian Charles Frank","Comedy, Drama","<a href=""https://www.imdb.com/title/tt1403177"" target=""_blank"">tt1403177</a>","<a href=""https://www.imdb.com/title/tt1403177"" target=""_blank"">Hesher</a>"
tt0123865,Gia,1998,3216,6.9,55590,120,Michael Cristofer,"Jay McInerney, Michael Cristofer","Biography, Drama, Romance","<a href=""https://www.imdb.com/title/tt0123865"" target=""_blank"">tt0123865</a>","<a href=""https://www.imdb.com/title/tt0123865"" target=""_blank"">Gia</a>"
tt0089092,Enemy Mine,1985,3217,6.9,55411,108,Wolfgang Petersen,"Barry Longyear, Edward Khmara","Action, Adventure, Drama","<a href=""https://www.imdb.com/title/tt0089092"" target=""_blank"">tt0089092</a>","<a href=""https://www.imdb.com/title/tt0089092"" target=""_blank"">Enemy Mine</a>"
tt0124718,He Got Game,1998,3218,6.9,55365,136,Spike Lee,Spike Lee,"Drama, Sport","<a href=""https://www.imdb.com/title/tt0124718"" target=""_blank"">tt0124718</a>","<a href=""https://www.imdb.com/title/tt0124718"" target=""_blank"">He Got Game</a>"
tt3881784,Stronger,2017,3219,6.9,54851,119,David Gordon Green,"John Pollono, Jeff Bauman, Bret Witter","Biography, Drama","<a href=""https://www.imdb.com/title/tt3881784"" target=""_blank"">tt3881784</a>","<a href=""https://www.imdb.com/title/tt3881784"" target=""_blank"">Stronger</a>"
tt0281686,Bubba Ho-Tep,2002,3220,6.9,54674,92,Don Coscarelli,"Joe R. Lansdale, Don Coscarelli","Comedy, Fantasy, Horror","<a href=""https://www.imdb.com/title/tt0281686"" target=""_blank"">tt0281686</a>","<a href=""https://www.imdb.com/title/tt0281686"" target=""_blank"">Bubba Ho-Tep</a>"
tt0100404,Presumed Innocent,1990,3221,6.9,53722,127,Alan J. Pakula,"Scott Turow, Frank Pierson, Alan J. Pakula","Mystery, Thriller","<a href=""https://www.imdb.com/title/tt0100404"" target=""_blank"">tt0100404</a>","<a href=""https://www.imdb.com/title/tt0100404"" target=""_blank"">Presumed Innocent</a>"
tt0179116,But I'm a Cheerleader,1999,3222,6.9,53628,85,Jamie Babbit,"Brian Peterson, Jamie Babbit","Comedy, Drama, Romance","<a href=""https://www.imdb.com/title/tt0179116"" target=""_blank"">tt0179116</a>","<a href=""https://www.imdb.com/title/tt0179116"" target=""_blank"">But I'm a Cheerleader</a>"
tt1626146,Hector and the Search for Happiness,2014,3223,6.9,53218,114,Peter Chelsom,"Maria von Heland, Peter Chelsom, Tinker Lindsay, François Lelord","Adventure, Comedy, Drama","<a href=""https://www.imdb.com/title/tt1626146"" target=""_blank"">tt1626146</a>","<a href=""https://www.imdb.com/title/tt1626146"" target=""_blank"">Hector and the Search for Happiness</a>"
tt0935075,Rabbit Hole,2010,3224,6.9,53074,91,John Cameron Mitchell,David Lindsay-Abaire,Drama,"<a href=""https://www.imdb.com/title/tt0935075"" target=""_blank"">tt0935075</a>","<a href=""https://www.imdb.com/title/tt0935075"" target=""_blank"">Rabbit Hole</a>"
tt0082186,Clash of the Titans,1981,3225,6.9,52234,118,Desmond Davis,Beverley Cross,"Action, Adventure, Fantasy","<a href=""https://www.imdb.com/title/tt0082186"" target=""_blank"">tt0082186</a>","<a href=""https://www.imdb.com/title/tt0082186"" target=""_blank"">Clash of the Titans</a>"
tt3513500,Chip 'n Dale: Rescue Rangers,2022,3226,6.9,51630,97,Akiva Schaffer,"Dan Gregor, Doug Mand","Action, Adventure, Animation","<a href=""https://www.imdb.com/title/tt3513500"" target=""_blank"">tt3513500</a>","<a href=""https://www.imdb.com/title/tt3513500"" target=""_blank"">Chip 'n Dale: Rescue Rangers</a>"
tt3205376,Slow West,2015,3227,6.9,50600,84,John Maclean,John Maclean,"Adventure, Drama, Romance","<a href=""https://www.imdb.com/title/tt3205376"" target=""_blank"">tt3205376</a>","<a href=""https://www.imdb.com/title/tt3205376"" target=""_blank"">Slow West</a>"
tt1216491,Kill the Messenger,2014,3228,6.9,50506,112,Michael Cuesta,"Peter Landesman, Gary Webb, Nick Schou","Biography, Crime, Drama","<a href=""https://www.imdb.com/title/tt1216491"" target=""_blank"">tt1216491</a>","<a href=""https://www.imdb.com/title/tt1216491"" target=""_blank"">Kill the Messenger</a>"
tt0093605,Near Dark,1987,3229,6.9,50332,94,Kathryn Bigelow,"Eric Red, Kathryn Bigelow",Horror,"<a href=""https://www.imdb.com/title/tt0093605"" target=""_blank"">tt0093605</a>","<a href=""https://www.imdb.com/title/tt0093605"" target=""_blank"">Near Dark</a>"
tt0099939,King of New York,1990,3230,6.9,50148,103,Abel Ferrara,Nicholas St. John,"Crime, Thriller","<a href=""https://www.imdb.com/title/tt0099939"" target=""_blank"">tt0099939</a>","<a href=""https://www.imdb.com/title/tt0099939"" target=""_blank"">King of New York</a>"
tt0316465,Radio,2003,3231,6.9,50024,109,Michael Tollin,"Mike Rich, Gary Smith","Biography, Drama, Sport","<a href=""https://www.imdb.com/title/tt0316465"" target=""_blank"">tt0316465</a>","<a href=""https://www.imdb.com/title/tt0316465"" target=""_blank"">Radio</a>"
tt0114287,Rob Roy,1995,3232,6.9,50008,139,Michael Caton-Jones,Alan Sharp,"Adventure, Biography, Drama","<a href=""https://www.imdb.com/title/tt0114287"" target=""_blank"">tt0114287</a>","<a href=""https://www.imdb.com/title/tt0114287"" target=""_blank"">Rob Roy</a>"
tt18559464,My Old Ass,2024,3233,6.9,49047,89,Megan Park,Megan Park,"Comedy, Drama, Fantasy","<a href=""https://www.imdb.com/title/tt18559464"" target=""_blank"">tt18559464</a>","<a href=""https://www.imdb.com/title/tt18559464"" target=""_blank"">My Old Ass</a>"
tt0071402,Death Wish,1974,3234,6.9,48887,93,Michael Winner,"Brian Garfield, Wendell Mayes, Michael Winner","Action, Crime, Drama","<a href=""https://www.imdb.com/title/tt0071402"" target=""_blank"">tt0071402</a>","<a href=""https://www.imdb.com/title/tt0071402"" target=""_blank"">Death Wish</a>"
tt3833480,The Outpost,2019,3235,6.9,48884,123,Rod Lurie,"Paul Tamasy, Eric Johnson, Jake Tapper","Action, Drama, History","<a href=""https://www.imdb.com/title/tt3833480"" target=""_blank"">tt3833480</a>","<a href=""https://www.imdb.com/title/tt3833480"" target=""_blank"">The Outpost</a>"
tt0189998,Shadow of the Vampire,2000,3236,6.9,48355,92,E. Elias Merhige,Steven Katz,"Drama, Horror","<a href=""https://www.imdb.com/title/tt0189998"" target=""_blank"">tt0189998</a>","<a href=""https://www.imdb.com/title/tt0189998"" target=""_blank"">Shadow of the Vampire</a>"
tt9683478,The Half of It,2020,3237,6.9,48152,104,Alice Wu,Alice Wu,"Comedy, Drama","<a href=""https://www.imdb.com/title/tt9683478"" target=""_blank"">tt9683478</a>","<a href=""https://www.imdb.com/title/tt9683478"" target=""_blank"">The Half of It</a>"
tt27510174,Stree 2,2024,3238,6.9,47681,147,Amar Kaushik,"Niren Bhatt, Krishna D.K., Raj Nidimoru","Comedy, Horror","<a href=""https://www.imdb.com/title/tt27510174"" target=""_blank"">tt27510174</a>","<a href=""https://www.imdb.com/title/tt27510174"" target=""_blank"">Stree 2</a>"
tt4262980,Shin Godzilla,2016,3239,6.9,47308,120,"Shinji Higuchi, Hideaki Anno","Hideaki Anno, Ishirō Honda, Takeo Murata","Action, Drama, Horror","<a href=""https://www.imdb.com/title/tt4262980"" target=""_blank"">tt4262980</a>","<a href=""https://www.imdb.com/title/tt4262980"" target=""_blank"">Shin Godzilla</a>"
tt0129332,Ravenous,1999,3240,6.9,47201,101,Antonia Bird,Ted Griffin,"Adventure, Drama, Horror","<a href=""https://www.imdb.com/title/tt0129332"" target=""_blank"">tt0129332</a>","<a href=""https://www.imdb.com/title/tt0129332"" target=""_blank"">Ravenous</a>"
tt3077214,Suffragette,2015,3241,6.9,46784,106,Sarah Gavron,Abi Morgan,"Drama, History","<a href=""https://www.imdb.com/title/tt3077214"" target=""_blank"">tt3077214</a>","<a href=""https://www.imdb.com/title/tt3077214"" target=""_blank"">Suffragette</a>"
tt7008872,Boy Erased,2018,3242,6.9,46668,115,Joel Edgerton,"Garrard Conley, Joel Edgerton","Biography, Drama","<a href=""https://www.imdb.com/title/tt7008872"" target=""_blank"">tt7008872</a>","<a href=""https://www.imdb.com/title/tt7008872"" target=""_blank"">Boy Erased</a>"
tt13131232,Mission Majnu,2023,3243,6.9,45770,129,Shantanu Bagchi,"Parveez Shaikh, Aseem Arrora, Sumit Batheja","Action, Drama, History","<a href=""https://www.imdb.com/title/tt13131232"" target=""_blank"">tt13131232</a>","<a href=""https://www.imdb.com/title/tt13131232"" target=""_blank"">Mission Majnu</a>"
tt6938828,At Eternity's Gate,2018,3244,6.9,45129,111,Julian Schnabel,"Jean-Claude Carrière, Louise Kugelberg, Julian Schnabel","Biography, Drama, History","<a href=""https://www.imdb.com/title/tt6938828"" target=""_blank"">tt6938828</a>","<a href=""https://www.imdb.com/title/tt6938828"" target=""_blank"">At Eternity's Gate</a>"
tt15767808,The Last Kingdom: Seven Kings Must Die,2023,3245,6.9,45005,117,Edward Bazalgette,"Martha Hillier, Bernard Cornwell","Action, Drama, History","<a href=""https://www.imdb.com/title/tt15767808"" target=""_blank"">tt15767808</a>","<a href=""https://www.imdb.com/title/tt15767808"" target=""_blank"">The Last Kingdom: Seven Kings Must Die</a>"
tt2994190,Camp X-Ray,2014,3246,6.8,44647,117,Peter Sattler,Peter Sattler,"Drama, War","<a href=""https://www.imdb.com/title/tt2994190"" target=""_blank"">tt2994190</a>","<a href=""https://www.imdb.com/title/tt2994190"" target=""_blank"">Camp X-Ray</a>"
tt0170691,Tigerland,2000,3247,6.9,44476,101,Joel Schumacher,"Ross Klavan, Michael McGruther","Drama, War","<a href=""https://www.imdb.com/title/tt0170691"" target=""_blank"">tt0170691</a>","<a href=""https://www.imdb.com/title/tt0170691"" target=""_blank"">Tigerland</a>"
tt2183014,Love at First Sight,2023,3248,6.8,44264,91,Vanessa Caswill,"Katie Lovejoy, Jennifer E. Smith","Drama, Romance","<a href=""https://www.imdb.com/title/tt2183014"" target=""_blank"">tt2183014</a>","<a href=""https://www.imdb.com/title/tt2183014"" target=""_blank"">Love at First Sight</a>"
tt0308055,Bobby,2006,3249,6.9,44080,117,Emilio Estevez,Emilio Estevez,"Biography, Drama, History","<a href=""https://www.imdb.com/title/tt0308055"" target=""_blank"">tt0308055</a>","<a href=""https://www.imdb.com/title/tt0308055"" target=""_blank"">Bobby</a>"
tt0078446,Up in Smoke,1978,3250,6.9,44003,86,"Lou Adler, Tommy Chong","Tommy Chong, Cheech Marin","Comedy, Music","<a href=""https://www.imdb.com/title/tt0078446"" target=""_blank"">tt0078446</a>","<a href=""https://www.imdb.com/title/tt0078446"" target=""_blank"">Up in Smoke</a>"
tt0105275,Romper Stomper,1992,3251,6.8,43919,94,Geoffrey Wright,Geoffrey Wright,"Crime, Drama, Thriller","<a href=""https://www.imdb.com/title/tt0105275"" target=""_blank"">tt0105275</a>","<a href=""https://www.imdb.com/title/tt0105275"" target=""_blank"">Romper Stomper</a>"
tt0252501,Hearts in Atlantis,2001,3252,6.9,43818,101,Scott Hicks,"Stephen King, William Goldman","Drama, Mystery","<a href=""https://www.imdb.com/title/tt0252501"" target=""_blank"">tt0252501</a>","<a href=""https://www.imdb.com/title/tt0252501"" target=""_blank"">Hearts in Atlantis</a>"
tt1521197,Anonymous,2011,3253,6.8,43578,130,Roland Emmerich,John Orloff,"Drama, Thriller","<a href=""https://www.imdb.com/title/tt1521197"" target=""_blank"">tt1521197</a>","<a href=""https://www.imdb.com/title/tt1521197"" target=""_blank"">Anonymous</a>"
tt2172954,The Life List,2025,3254,6.8,43302,123,Adam Brooks,"Adam Brooks, Lori Nelson Spielman","Comedy, Drama, Romance","<a href=""https://www.imdb.com/title/tt2172954"" target=""_blank"">tt2172954</a>","<a href=""https://www.imdb.com/title/tt2172954"" target=""_blank"">The Life List</a>"
tt0080360,Altered States,1980,3255,6.9,43174,102,Ken Russell,Paddy Chayefsky,"Horror, Sci-Fi, Thriller","<a href=""https://www.imdb.com/title/tt0080360"" target=""_blank"">tt0080360</a>","<a href=""https://www.imdb.com/title/tt0080360"" target=""_blank"">Altered States</a>"
tt0115988,The Crucible,1996,3256,6.8,43173,124,Nicholas Hytner,Arthur Miller,"Drama, History","<a href=""https://www.imdb.com/title/tt0115988"" target=""_blank"">tt0115988</a>","<a href=""https://www.imdb.com/title/tt0115988"" target=""_blank"">The Crucible</a>"
tt0114682,"To Wong Foo, Thanks for Everything! Julie Newmar",1995,3257,6.9,42807,109,Beeban Kidron,Douglas Carter Beane,"Comedy, Drama","<a href=""https://www.imdb.com/title/tt0114682"" target=""_blank"">tt0114682</a>","<a href=""https://www.imdb.com/title/tt0114682"" target=""_blank"">To Wong Foo, Thanks for Everything! Julie Newmar</a>"
tt1262981,World's Greatest Dad,2009,3258,6.8,42564,99,Bobcat Goldthwait,Bobcat Goldthwait,"Comedy, Drama","<a href=""https://www.imdb.com/title/tt1262981"" target=""_blank"">tt1262981</a>","<a href=""https://www.imdb.com/title/tt1262981"" target=""_blank"">World's Greatest Dad</a>"
tt0242193,Bully,2001,3259,6.9,42552,108,Larry Clark,"Jim Schutze, David McKenna, Roger Pullis","Biography, Crime, Drama","<a href=""https://www.imdb.com/title/tt0242193"" target=""_blank"">tt0242193</a>","<a href=""https://www.imdb.com/title/tt0242193"" target=""_blank"">Bully</a>"
tt11976532,Vengeance,2022,3260,6.8,42251,107,B.J. Novak,B.J. Novak,"Comedy, Music, Mystery","<a href=""https://www.imdb.com/title/tt11976532"" target=""_blank"">tt11976532</a>","<a href=""https://www.imdb.com/title/tt11976532"" target=""_blank"">Vengeance</a>"
tt2006295,The 33,2015,3261,6.9,42154,127,Patricia Riggen,"Mikko Alanne, Craig Borten, Michael Thomas, Jose Rivera, Hector Tobar","Biography, Drama, History","<a href=""https://www.imdb.com/title/tt2006295"" target=""_blank"">tt2006295</a>","<a href=""https://www.imdb.com/title/tt2006295"" target=""_blank"">The 33</a>"
tt6697582,Arif V 216,2018,3262,6.9,42150,125,Kıvanç Baruönü,Cem Yılmaz,"Comedy, Sci-Fi","<a href=""https://www.imdb.com/title/tt6697582"" target=""_blank"">tt6697582</a>","<a href=""https://www.imdb.com/title/tt6697582"" target=""_blank"">Arif V 216</a>"
tt0165710,Detroit Rock City,1999,3263,6.8,42044,95,Adam Rifkin,Carl V. Dupré,"Adventure, Comedy, Music","<a href=""https://www.imdb.com/title/tt0165710"" target=""_blank"">tt0165710</a>","<a href=""https://www.imdb.com/title/tt0165710"" target=""_blank"">Detroit Rock City</a>"
tt0089886,Real Genius,1985,3264,6.9,41870,108,Martha Coolidge,"Neal Israel, Pat Proft, PJ Torokvei","Comedy, Romance, Sci-Fi","<a href=""https://www.imdb.com/title/tt0089886"" target=""_blank"">tt0089886</a>","<a href=""https://www.imdb.com/title/tt0089886"" target=""_blank"">Real Genius</a>"
tt5144174,The Dry,2020,3265,6.8,41802,117,Robert Connolly,"Harry Cripps, Robert Connolly, Jane Harper, Samantha Strauss","Crime, Drama, Mystery","<a href=""https://www.imdb.com/title/tt5144174"" target=""_blank"">tt5144174</a>","<a href=""https://www.imdb.com/title/tt5144174"" target=""_blank"">The Dry</a>"
tt2326554,A Girl Walks Home Alone at Night,2014,3266,6.9,41779,101,Ana Lily Amirpour,Ana Lily Amirpour,"Drama, Horror, Romance","<a href=""https://www.imdb.com/title/tt2326554"" target=""_blank"">tt2326554</a>","<a href=""https://www.imdb.com/title/tt2326554"" target=""_blank"">A Girl Walks Home Alone at Night</a>"
tt7280898,22-�.�.,2018,3267,6.8,41494,143,Paul Greengrass,"Paul Greengrass, Åsne Seierstad","Crime, Drama, History","<a href=""https://www.imdb.com/title/tt7280898"" target=""_blank"">tt7280898</a>","<a href=""https://www.imdb.com/title/tt7280898"" target=""_blank"">22 July</a>"
tt26936666,Vettaiyan,2024,3268,6.8,41460,163,T.J. Gnanavel,T.J. Gnanavel,"Action, Crime, Drama","<a href=""https://www.imdb.com/title/tt26936666"" target=""_blank"">tt26936666</a>","<a href=""https://www.imdb.com/title/tt26936666"" target=""_blank"">Vettaiyan</a>"
tt0066011,Love Story,1970,3269,6.9,40795,100,Arthur Hiller,Erich Segal,"Drama, Romance","<a href=""https://www.imdb.com/title/tt0066011"" target=""_blank"">tt0066011</a>","<a href=""https://www.imdb.com/title/tt0066011"" target=""_blank"">Love Story</a>"
tt0120879,Velvet Goldmine,1998,3270,6.9,40782,123,Todd Haynes,"James Lyons, Todd Haynes","Drama, Music","<a href=""https://www.imdb.com/title/tt0120879"" target=""_blank"">tt0120879</a>","<a href=""https://www.imdb.com/title/tt0120879"" target=""_blank"">Velvet Goldmine</a>"
tt0119951,Private Parts,1997,3271,6.9,40771,109,Betty Thomas,"Howard Stern, Len Blum, Michael Kalesniko","Biography, Comedy, Drama","<a href=""https://www.imdb.com/title/tt0119951"" target=""_blank"">tt0119951</a>","<a href=""https://www.imdb.com/title/tt0119951"" target=""_blank"">Private Parts</a>"
tt4964788,Everybody Knows,2018,3272,6.9,40755,133,Asghar Farhadi,Asghar Farhadi,"Crime, Drama, Mystery","<a href=""https://www.imdb.com/title/tt4964788"" target=""_blank"">tt4964788</a>","<a href=""https://www.imdb.com/title/tt4964788"" target=""_blank"">Everybody Knows</a>"
tt27657135,Saturday Night,2024,3273,6.8,40486,109,Jason Reitman,"Gil Kenan, Jason Reitman","Biography, Comedy, Drama","<a href=""https://www.imdb.com/title/tt27657135"" target=""_blank"">tt27657135</a>","<a href=""https://www.imdb.com/title/tt27657135"" target=""_blank"">Saturday Night</a>"
tt5816682,Victoria & Abdul,2017,3274,6.8,40421,111,Stephen Frears,"Lee Hall, Shrabani Basu","Biography, Comedy, Drama","<a href=""https://www.imdb.com/title/tt5816682"" target=""_blank"">tt5816682</a>","<a href=""https://www.imdb.com/title/tt5816682"" target=""_blank"">Victoria & Abdul</a>"
tt7475578,Munich: The Edge of War,2021,3275,6.8,40350,130,Christian Schwochow,"Ben Power, Robert Harris","Biography, Drama, History","<a href=""https://www.imdb.com/title/tt7475578"" target=""_blank"">tt7475578</a>","<a href=""https://www.imdb.com/title/tt7475578"" target=""_blank"">Munich: The Edge of War</a>"
tt6304046,Thelma,2017,3276,6.9,40337,116,Joachim Trier,"Eskil Vogt, Joachim Trier","Drama, Fantasy, Mystery","<a href=""https://www.imdb.com/title/tt6304046"" target=""_blank"">tt6304046</a>","<a href=""https://www.imdb.com/title/tt6304046"" target=""_blank"">Thelma</a>"
tt0066808,Bananas,1971,3277,6.9,40332,82,Woody Allen,"Woody Allen, Mickey Rose",Comedy,"<a href=""https://www.imdb.com/title/tt0066808"" target=""_blank"">tt0066808</a>","<a href=""https://www.imdb.com/title/tt0066808"" target=""_blank"">Bananas</a>"
tt21097228,A Different Man,2024,3278,6.8,40225,112,Aaron Schimberg,Aaron Schimberg,"Drama, Thriller","<a href=""https://www.imdb.com/title/tt21097228"" target=""_blank"">tt21097228</a>","<a href=""https://www.imdb.com/title/tt21097228"" target=""_blank"">A Different Man</a>"
tt0421994,Imagine Me & You,2005,3279,6.8,40178,90,Ol Parker,Ol Parker,"Comedy, Drama, Romance","<a href=""https://www.imdb.com/title/tt0421994"" target=""_blank"">tt0421994</a>","<a href=""https://www.imdb.com/title/tt0421994"" target=""_blank"">Imagine Me & You</a>"
tt6218358,Calibre,2018,3280,6.8,40060,101,Matt Palmer,Matt Palmer,"Drama, Thriller","<a href=""https://www.imdb.com/title/tt6218358"" target=""_blank"">tt6218358</a>","<a href=""https://www.imdb.com/title/tt6218358"" target=""_blank"">Calibre</a>"
tt0093560,The Monster Squad,1987,3281,6.9,40003,82,Fred Dekker,"Shane Black, Fred Dekker","Action, Comedy, Fantasy","<a href=""https://www.imdb.com/title/tt0093560"" target=""_blank"">tt0093560</a>","<a href=""https://www.imdb.com/title/tt0093560"" target=""_blank"">The Monster Squad</a>"
tt0265662,The Rookie,2002,3282,6.9,39882,128,John Lee Hancock,Mike Rich,"Drama, Family, Sport","<a href=""https://www.imdb.com/title/tt0265662"" target=""_blank"">tt0265662</a>","<a href=""https://www.imdb.com/title/tt0265662"" target=""_blank"">The Rookie</a>"
tt0101912,Frankie and Johnny,1991,3283,6.8,39567,118,Garry Marshall,Terrence McNally,"Comedy, Drama, Romance","<a href=""https://www.imdb.com/title/tt0101912"" target=""_blank"">tt0101912</a>","<a href=""https://www.imdb.com/title/tt0101912"" target=""_blank"">Frankie and Johnny</a>"
tt1251757,Middle Men,2009,3284,6.8,39104,105,George Gallo,"George Gallo, Andy Weiss","Comedy, Crime, Drama","<a href=""https://www.imdb.com/title/tt1251757"" target=""_blank"">tt1251757</a>","<a href=""https://www.imdb.com/title/tt1251757"" target=""_blank"">Middle Men</a>"
tt0046876,Creature from the Black Lagoon,1954,3285,6.9,39039,79,Jack Arnold,"Harry Essex, Arthur A. Ross, Maurice Zimm, William Alland","Horror, Sci-Fi","<a href=""https://www.imdb.com/title/tt0046876"" target=""_blank"">tt0046876</a>","<a href=""https://www.imdb.com/title/tt0046876"" target=""_blank"">Creature from the Black Lagoon</a>"
tt0910554,Frequently Asked Questions About Time Travel,2009,3286,6.9,39036,83,Gareth Carrivick,Jamie Mathieson,"Comedy, Sci-Fi","<a href=""https://www.imdb.com/title/tt0910554"" target=""_blank"">tt0910554</a>","<a href=""https://www.imdb.com/title/tt0910554"" target=""_blank"">Frequently Asked Questions About Time Travel</a>"
tt0078908,The Brood,1979,3287,6.8,38703,92,David Cronenberg,David Cronenberg,"Horror, Sci-Fi","<a href=""https://www.imdb.com/title/tt0078908"" target=""_blank"">tt0078908</a>","<a href=""https://www.imdb.com/title/tt0078908"" target=""_blank"">The Brood</a>"
tt1742044,Jersey Boys,2014,3288,6.8,38694,134,Clint Eastwood,"Marshall Brickman, Rick Elice","Biography, Drama, Music","<a href=""https://www.imdb.com/title/tt1742044"" target=""_blank"">tt1742044</a>","<a href=""https://www.imdb.com/title/tt1742044"" target=""_blank"">Jersey Boys</a>"
tt0165854,The Limey,1999,3289,6.9,38626,89,Steven Soderbergh,Lem Dobbs,"Crime, Drama, Mystery","<a href=""https://www.imdb.com/title/tt0165854"" target=""_blank"">tt0165854</a>","<a href=""https://www.imdb.com/title/tt0165854"" target=""_blank"">The Limey</a>"
tt0111127,Serial Mom,1994,3290,6.9,38610,95,John Waters,John Waters,"Comedy, Crime, Thriller","<a href=""https://www.imdb.com/title/tt0111127"" target=""_blank"">tt0111127</a>","<a href=""https://www.imdb.com/title/tt0111127"" target=""_blank"">Serial Mom</a>"
tt0444653,Keeping Mum,2005,3291,6.8,38429,99,Niall Johnson,"Richard Russo, Niall Johnson","Comedy, Crime","<a href=""https://www.imdb.com/title/tt0444653"" target=""_blank"">tt0444653</a>","<a href=""https://www.imdb.com/title/tt0444653"" target=""_blank"">Keeping Mum</a>"
tt10268488,The Greatest Beer Run Ever,2022,3292,6.8,38332,126,Peter Farrelly,"Peter Farrelly, Brian Hayes Currie, Pete Jones, Chick Donohue, J.T. Molloy","Adventure, Comedy, Drama","<a href=""https://www.imdb.com/title/tt10268488"" target=""_blank"">tt10268488</a>","<a href=""https://www.imdb.com/title/tt10268488"" target=""_blank"">The Greatest Beer Run Ever</a>"
tt0280760,Igby Goes Down,2002,3293,6.8,37639,98,Burr Steers,Burr Steers,"Comedy, Drama","<a href=""https://www.imdb.com/title/tt0280760"" target=""_blank"">tt0280760</a>","<a href=""https://www.imdb.com/title/tt0280760"" target=""_blank"">Igby Goes Down</a>"
tt0318374,The Cooler,2003,3294,6.9,37481,101,Wayne Kramer,"Frank Hannah, Wayne Kramer","Drama, Romance","<a href=""https://www.imdb.com/title/tt0318374"" target=""_blank"">tt0318374</a>","<a href=""https://www.imdb.com/title/tt0318374"" target=""_blank"">The Cooler</a>"
tt15339570,Champions,2023,3295,6.8,37117,124,Bobby Farrelly,"Mark Rizzo, Javier Fesser, David Marqués","Comedy, Drama, Sport","<a href=""https://www.imdb.com/title/tt15339570"" target=""_blank"">tt15339570</a>","<a href=""https://www.imdb.com/title/tt15339570"" target=""_blank"">Champions</a>"
tt4648786,Harriet,2019,3296,6.8,37087,125,Kasi Lemmons,"Gregory Allen Howard, Kasi Lemmons","Action, Biography, Drama","<a href=""https://www.imdb.com/title/tt4648786"" target=""_blank"">tt4648786</a>","<a href=""https://www.imdb.com/title/tt4648786"" target=""_blank"">Harriet</a>"
tt8323668,Jerry & Marge Go Large,2022,3297,6.9,37086,96,David Frankel,"Jason Fagone, Brad Copeland","Biography, Comedy, Drama","<a href=""https://www.imdb.com/title/tt8323668"" target=""_blank"">tt8323668</a>","<a href=""https://www.imdb.com/title/tt8323668"" target=""_blank"">Jerry & Marge Go Large</a>"
tt5727282,Borg vs. McEnroe,2017,3298,6.9,36847,107,Janus Metz,Ronnie Sandahl,"Biography, Drama, Sport","<a href=""https://www.imdb.com/title/tt5727282"" target=""_blank"">tt5727282</a>","<a href=""https://www.imdb.com/title/tt5727282"" target=""_blank"">Borg vs. McEnroe</a>"
tt0374569,Che: Part Two,2008,3299,6.8,36684,135,Steven Soderbergh,"Peter Buchman, Benjamin A. van der Veen, Ernesto 'Che' Guevara","Biography, Drama, History","<a href=""https://www.imdb.com/title/tt0374569"" target=""_blank"">tt0374569</a>","<a href=""https://www.imdb.com/title/tt0374569"" target=""_blank"">Che: Part Two</a>"
tt5112584,Lee,2023,3300,6.9,36548,117,Ellen Kuras,"Liz Hannah, Marion Hume, John Collee, Lem Dobbs, Anthony Penrose","Biography, Drama, History","<a href=""https://www.imdb.com/title/tt5112584"" target=""_blank"">tt5112584</a>","<a href=""https://www.imdb.com/title/tt5112584"" target=""_blank"">Lee</a>"
tt0105415,Singles,1992,3301,6.8,35913,99,Cameron Crowe,Cameron Crowe,"Comedy, Drama, Music","<a href=""https://www.imdb.com/title/tt0105415"" target=""_blank"">tt0105415</a>","<a href=""https://www.imdb.com/title/tt0105415"" target=""_blank"">Singles</a>"
tt0380599,Oliver Twist,2005,3302,6.8,35912,130,Roman Polanski,"Charles Dickens, Ronald Harwood","Crime, Drama","<a href=""https://www.imdb.com/title/tt0380599"" target=""_blank"">tt0380599</a>","<a href=""https://www.imdb.com/title/tt0380599"" target=""_blank"">Oliver Twist</a>"
tt3172532,The Diary of a Teenage Girl,2015,3303,6.8,35839,102,Marielle Heller,"Phoebe Gloeckner, Marielle Heller","Comedy, Drama, Romance","<a href=""https://www.imdb.com/title/tt3172532"" target=""_blank"">tt3172532</a>","<a href=""https://www.imdb.com/title/tt3172532"" target=""_blank"">The Diary of a Teenage Girl</a>"
tt0067588,Play Misty for Me,1971,3304,6.9,35725,102,Clint Eastwood,"Jo Heims, Dean Riesner","Drama, Thriller","<a href=""https://www.imdb.com/title/tt0067588"" target=""_blank"">tt0067588</a>","<a href=""https://www.imdb.com/title/tt0067588"" target=""_blank"">Play Misty for Me</a>"
tt11027830,Haseen Dillruba,2021,3305,6.9,35553,135,Vinil Mathew,Kanika Dhillon,"Crime, Drama, Mystery","<a href=""https://www.imdb.com/title/tt11027830"" target=""_blank"">tt11027830</a>","<a href=""https://www.imdb.com/title/tt11027830"" target=""_blank"">Haseen Dillruba</a>"
tt0114011,Now and Then,1995,3306,6.8,35357,102,Lesli Linka Glatter,I. Marlene King,"Comedy, Drama, Romance","<a href=""https://www.imdb.com/title/tt0114011"" target=""_blank"">tt0114011</a>","<a href=""https://www.imdb.com/title/tt0114011"" target=""_blank"">Now and Then</a>"
tt2987732,Suck Me Shakespeer,2013,3307,6.9,35270,119,Bora Dagtekin,Bora Dagtekin,Comedy,"<a href=""https://www.imdb.com/title/tt2987732"" target=""_blank"">tt2987732</a>","<a href=""https://www.imdb.com/title/tt2987732"" target=""_blank"">Suck Me Shakespeer</a>"
tt0098546,UHF,1989,3308,6.9,34792,97,Jay Levey,"'Weird Al' Yankovic, Jay Levey","Comedy, Sci-Fi","<a href=""https://www.imdb.com/title/tt0098546"" target=""_blank"">tt0098546</a>","<a href=""https://www.imdb.com/title/tt0098546"" target=""_blank"">UHF</a>"
tt0116361,Freeway,1996,3309,6.8,34702,104,Matthew Bright,Matthew Bright,"Crime, Drama, Thriller","<a href=""https://www.imdb.com/title/tt0116361"" target=""_blank"">tt0116361</a>","<a href=""https://www.imdb.com/title/tt0116361"" target=""_blank"">Freeway</a>"
tt11080108,The Map of Tiny Perfect Things,2021,3310,6.8,34378,98,Ian Samuels,Lev Grossman,"Comedy, Fantasy, Romance","<a href=""https://www.imdb.com/title/tt11080108"" target=""_blank"">tt11080108</a>","<a href=""https://www.imdb.com/title/tt11080108"" target=""_blank"">The Map of Tiny Perfect Things</a>"
tt0469021,Alan Partridge,2013,3311,6.9,34370,90,Declan Lowney,"Neil Gibbons, Rob Gibbons, Steve Coogan, Armando Iannucci, Peter Baynham, Patrick Marber","Action, Comedy, Crime","<a href=""https://www.imdb.com/title/tt0469021"" target=""_blank"">tt0469021</a>","<a href=""https://www.imdb.com/title/tt0469021"" target=""_blank"">Alan Partridge</a>"
tt27235410,Sitaare Zameen Par,2025,3312,6.9,34355,155,R.S. Prasanna,"Javier Fesser, David Marqués, Divy Nidhi Sharma","Comedy, Drama, Sport","<a href=""https://www.imdb.com/title/tt27235410"" target=""_blank"">tt27235410</a>","<a href=""https://www.imdb.com/title/tt27235410"" target=""_blank"">Sitaare Zameen Par</a>"
tt0120094,Selena,1997,3313,6.9,34261,127,Gregory Nava,Gregory Nava,"Biography, Drama, Music","<a href=""https://www.imdb.com/title/tt0120094"" target=""_blank"">tt0120094</a>","<a href=""https://www.imdb.com/title/tt0120094"" target=""_blank"">Selena</a>"
tt0101516,Bugsy,1991,3314,6.8,34191,136,Barry Levinson,"James Toback, Dean Jennings","Biography, Crime, Drama","<a href=""https://www.imdb.com/title/tt0101516"" target=""_blank"">tt0101516</a>","<a href=""https://www.imdb.com/title/tt0101516"" target=""_blank"">Bugsy</a>"
tt5929754,Wildlife,2018,3315,6.8,34151,105,Paul Dano,"Paul Dano, Zoe Kazan, Richard Ford",Drama,"<a href=""https://www.imdb.com/title/tt5929754"" target=""_blank"">tt5929754</a>","<a href=""https://www.imdb.com/title/tt5929754"" target=""_blank"">Wildlife</a>"
tt0082031,Arthur,1981,3316,6.9,34080,97,Steve Gordon,Steve Gordon,"Comedy, Romance","<a href=""https://www.imdb.com/title/tt0082031"" target=""_blank"">tt0082031</a>","<a href=""https://www.imdb.com/title/tt0082031"" target=""_blank"">Arthur</a>"
tt1620935,Bleed for This,2016,3317,6.8,33974,117,Ben Younger,"Ben Younger, Pippa Bianco, Angelo Pizzo","Biography, Drama, Sport","<a href=""https://www.imdb.com/title/tt1620935"" target=""_blank"">tt1620935</a>","<a href=""https://www.imdb.com/title/tt1620935"" target=""_blank"">Bleed for This</a>"
tt0080057,Zombie,1979,3318,6.8,33810,91,Lucio Fulci,"Elisa Briganti, Dardano Sacchetti",Horror,"<a href=""https://www.imdb.com/title/tt0080057"" target=""_blank"">tt0080057</a>","<a href=""https://www.imdb.com/title/tt0080057"" target=""_blank"">Zombie</a>"
tt0023245,The Mummy,1932,3319,6.9,33803,73,Karl Freund,"Nina Wilcox Putnam, Richard Schayer, John L. Balderston","Fantasy, Horror","<a href=""https://www.imdb.com/title/tt0023245"" target=""_blank"">tt0023245</a>","<a href=""https://www.imdb.com/title/tt0023245"" target=""_blank"">The Mummy</a>"
tt0099703,The Grifters,1990,3320,6.8,33794,110,Stephen Frears,"Jim Thompson, Donald E. Westlake","Crime, Drama, Thriller","<a href=""https://www.imdb.com/title/tt0099703"" target=""_blank"">tt0099703</a>","<a href=""https://www.imdb.com/title/tt0099703"" target=""_blank"">The Grifters</a>"
tt6116856,The Night Comes for Us,2018,3321,6.9,33728,121,Timo Tjahjanto,Timo Tjahjanto,"Action, Crime, Thriller","<a href=""https://www.imdb.com/title/tt6116856"" target=""_blank"">tt6116856</a>","<a href=""https://www.imdb.com/title/tt6116856"" target=""_blank"">The Night Comes for Us</a>"
tt6288124,"Don't Worry, He Won't Get Far on Foot",2018,3322,6.8,33611,114,Gus Van Sant,"John Callahan, Gus Van Sant, Jack Gibson, William Andrew Eatman","Biography, Comedy, Drama","<a href=""https://www.imdb.com/title/tt6288124"" target=""_blank"">tt6288124</a>","<a href=""https://www.imdb.com/title/tt6288124"" target=""_blank"">Don't Worry, He Won't Get Far on Foot</a>"
tt1933667,The Wizard of Lies,2017,3323,6.8,33525,133,Barry Levinson,"Sam Levinson, John Burnham Schwartz, Samuel Baum, Diana Henriques, Laurie Sandell","Biography, Crime, Drama","<a href=""https://www.imdb.com/title/tt1933667"" target=""_blank"">tt1933667</a>","<a href=""https://www.imdb.com/title/tt1933667"" target=""_blank"">The Wizard of Lies</a>"
tt0091877,Ruthless People,1986,3324,6.9,33505,93,"Jim Abrahams, David Zucker, Jerry Zucker","Dale Launer, O. Henry","Comedy, Crime","<a href=""https://www.imdb.com/title/tt0091877"" target=""_blank"">tt0091877</a>","<a href=""https://www.imdb.com/title/tt0091877"" target=""_blank"">Ruthless People</a>"
tt0455957,Goya's Ghosts,2006,3325,6.9,33395,113,Miloš Forman,"Miloš Forman, Jean-Claude Carrière","Biography, Drama, History","<a href=""https://www.imdb.com/title/tt0455957"" target=""_blank"">tt0455957</a>","<a href=""https://www.imdb.com/title/tt0455957"" target=""_blank"">Goya's Ghosts</a>"
tt0101669,Dead Again,1991,3326,6.8,33197,107,Kenneth Branagh,Scott Frank,"Crime, Drama, Mystery","<a href=""https://www.imdb.com/title/tt0101669"" target=""_blank"">tt0101669</a>","<a href=""https://www.imdb.com/title/tt0101669"" target=""_blank"">Dead Again</a>"
tt2101569,In Your Eyes,2014,3327,6.9,33131,106,Brin Hill,Joss Whedon,"Fantasy, Romance","<a href=""https://www.imdb.com/title/tt2101569"" target=""_blank"">tt2101569</a>","<a href=""https://www.imdb.com/title/tt2101569"" target=""_blank"">In Your Eyes</a>"
tt4273292,Under the Shadow,2016,3328,6.8,33058,84,Babak Anvari,Babak Anvari,"Drama, Fantasy, Horror","<a href=""https://www.imdb.com/title/tt4273292"" target=""_blank"">tt4273292</a>","<a href=""https://www.imdb.com/title/tt4273292"" target=""_blank"">Under the Shadow</a>"
tt0063688,The Thomas Crown Affair,1968,3329,6.9,32865,102,Norman Jewison,Alan Trustman,"Crime, Drama, Romance","<a href=""https://www.imdb.com/title/tt0063688"" target=""_blank"">tt0063688</a>","<a href=""https://www.imdb.com/title/tt0063688"" target=""_blank"">The Thomas Crown Affair</a>"
tt0100133,Memphis Belle,1990,3330,6.9,32366,107,Michael Caton-Jones,Monte Merrick,"Action, Drama, War","<a href=""https://www.imdb.com/title/tt0100133"" target=""_blank"">tt0100133</a>","<a href=""https://www.imdb.com/title/tt0100133"" target=""_blank"">Memphis Belle</a>"
tt13109952,The Trip,2021,3331,6.9,32311,113,Tommy Wirkola,"Tommy Wirkola, Nick Ball, John Niven","Action, Comedy, Horror","<a href=""https://www.imdb.com/title/tt13109952"" target=""_blank"">tt13109952</a>","<a href=""https://www.imdb.com/title/tt13109952"" target=""_blank"">The Trip</a>"
tt0067824,The Big Boss,1971,3332,6.9,32128,99,"Wei Lo, Chia-Hsiang Wu",Wei Lo,"Action, Crime, Drama","<a href=""https://www.imdb.com/title/tt0067824"" target=""_blank"">tt0067824</a>","<a href=""https://www.imdb.com/title/tt0067824"" target=""_blank"">The Big Boss</a>"
tt1082886,The Wackness,2008,3333,6.9,31882,99,Jonathan Levine,Jonathan Levine,"Comedy, Drama, Romance","<a href=""https://www.imdb.com/title/tt1082886"" target=""_blank"">tt1082886</a>","<a href=""https://www.imdb.com/title/tt1082886"" target=""_blank"">The Wackness</a>"
tt27802490,Exhuma,2024,3334,6.9,31504,134,Jang Jae-hyun,Jang Jae-hyun,"Horror, Mystery","<a href=""https://www.imdb.com/title/tt27802490"" target=""_blank"">tt27802490</a>","<a href=""https://www.imdb.com/title/tt27802490"" target=""_blank"">Exhuma</a>"
tt0386005,New Police Story,2004,3335,6.9,31284,123,Benny Chan,Alan Yuen,"Action, Crime, Thriller","<a href=""https://www.imdb.com/title/tt0386005"" target=""_blank"">tt0386005</a>","<a href=""https://www.imdb.com/title/tt0386005"" target=""_blank"">New Police Story</a>"
tt0968264,The Conspirator,2010,3336,6.9,31267,122,Robert Redford,"James D. Solomon, Gregory Bernstein","Crime, Drama, History","<a href=""https://www.imdb.com/title/tt0968264"" target=""_blank"">tt0968264</a>","<a href=""https://www.imdb.com/title/tt0968264"" target=""_blank"">The Conspirator</a>"
tt6018306,Last Flag Flying,2017,3337,6.9,31166,125,Richard Linklater,"Richard Linklater, Darryl Ponicsan","Comedy, Drama, War","<a href=""https://www.imdb.com/title/tt6018306"" target=""_blank"">tt6018306</a>","<a href=""https://www.imdb.com/title/tt6018306"" target=""_blank"">Last Flag Flying</a>"
tt28218009,Surongo,2023,3338,6.9,30854,150,Raihan Rafi,"Nazim Ud Daula, Stylox Vai","Crime, Drama, Mystery","<a href=""https://www.imdb.com/title/tt28218009"" target=""_blank"">tt28218009</a>","<a href=""https://www.imdb.com/title/tt28218009"" target=""_blank"">Surongo</a>"
tt0120241,Suicide Kings,1997,3339,6.9,30824,106,Peter O'Fallon,"Josh McKinney, Gina Goldman, Wayne Allan Rice, Don Stanford","Comedy, Crime, Drama","<a href=""https://www.imdb.com/title/tt0120241"" target=""_blank"">tt0120241</a>","<a href=""https://www.imdb.com/title/tt0120241"" target=""_blank"">Suicide Kings</a>"
tt15392282,Merry Christmas,2024,3340,6.9,30804,144,Sriram Raghavan,"Frédéric Dard, Sriram Raghavan, Arijit Biswas, Anukriti Pandey, Pooja Ladha Surti, Vikramjeet Singh","Drama, Mystery, Thriller","<a href=""https://www.imdb.com/title/tt15392282"" target=""_blank"">tt15392282</a>","<a href=""https://www.imdb.com/title/tt15392282"" target=""_blank"">Merry Christmas</a>"
tt0099472,DuckTales: The Movie - Treasure of the Lost Lamp,1990,3341,6.8,30722,74,Bob Hathcock,Alan Burnett,"Adventure, Animation, Comedy","<a href=""https://www.imdb.com/title/tt0099472"" target=""_blank"">tt0099472</a>","<a href=""https://www.imdb.com/title/tt0099472"" target=""_blank"">DuckTales: The Movie - Treasure of the Lost Lamp</a>"
tt0058898,Alphaville,1965,3342,6.9,30457,99,Jean-Luc Godard,"Jean-Luc Godard, Paul Éluard","Comedy, Drama, Mystery","<a href=""https://www.imdb.com/title/tt0058898"" target=""_blank"">tt0058898</a>","<a href=""https://www.imdb.com/title/tt0058898"" target=""_blank"">Alphaville</a>"
tt4291600,Lady Macbeth,2016,3343,6.8,30382,89,William Oldroyd,"Nikolai Leskov, Alice Birch","Drama, Romance","<a href=""https://www.imdb.com/title/tt4291600"" target=""_blank"">tt4291600</a>","<a href=""https://www.imdb.com/title/tt4291600"" target=""_blank"">Lady Macbeth</a>"
tt23778968,Thelma,2024,3344,6.9,30234,98,Josh Margolin,Josh Margolin,"Action, Comedy","<a href=""https://www.imdb.com/title/tt23778968"" target=""_blank"">tt23778968</a>","<a href=""https://www.imdb.com/title/tt23778968"" target=""_blank"">Thelma</a>"
tt0810784,Bright Star,2009,3345,6.9,30032,119,Jane Campion,"Jane Campion, Andrew Motion","Biography, Drama, Romance","<a href=""https://www.imdb.com/title/tt0810784"" target=""_blank"">tt0810784</a>","<a href=""https://www.imdb.com/title/tt0810784"" target=""_blank"">Bright Star</a>"
tt0105327,School Ties,1992,3346,6.9,29867,106,Robert Mandel,"Dick Wolf, Darryl Ponicsan",Drama,"<a href=""https://www.imdb.com/title/tt0105327"" target=""_blank"">tt0105327</a>","<a href=""https://www.imdb.com/title/tt0105327"" target=""_blank"">School Ties</a>"
tt12015102,Vikrant Rona,2022,3347,6.9,29797,148,Anup Bhandari,"Anup Bhandari, John Mahendran, Sanjay Upadhyay, Rajshri Sudhakar","Action, Drama, Mystery","<a href=""https://www.imdb.com/title/tt12015102"" target=""_blank"">tt12015102</a>","<a href=""https://www.imdb.com/title/tt12015102"" target=""_blank"">Vikrant Rona</a>"
tt0096251,Tetsuo: The Iron Man,1989,3348,6.9,29610,67,Shin'ya Tsukamoto,Shin'ya Tsukamoto,"Horror, Sci-Fi","<a href=""https://www.imdb.com/title/tt0096251"" target=""_blank"">tt0096251</a>","<a href=""https://www.imdb.com/title/tt0096251"" target=""_blank"">Tetsuo: The Iron Man</a>"
tt4080956,A Prayer Before Dawn,2017,3349,6.8,29518,116,Jean-Stéphane Sauvaire,"Billy Moore, Jonathan Hirschbein, Nick Saltrese","Action, Biography, Crime","<a href=""https://www.imdb.com/title/tt4080956"" target=""_blank"">tt4080956</a>","<a href=""https://www.imdb.com/title/tt4080956"" target=""_blank"">A Prayer Before Dawn</a>"
tt0116329,Fly Away Home,1996,3350,6.9,29189,107,Carroll Ballard,"Bill Lishman, Robert Rodat, Vince McKewin","Adventure, Drama, Family","<a href=""https://www.imdb.com/title/tt0116329"" target=""_blank"">tt0116329</a>","<a href=""https://www.imdb.com/title/tt0116329"" target=""_blank"">Fly Away Home</a>"
tt1849718,Agneepath,2012,3351,6.9,29154,174,"Karan Malhotra, Sushma Sunam","Ila Bedi Dutta, Avinash Ghodke, Karan Malhotra, Piyush Mishra","Action, Crime, Drama","<a href=""https://www.imdb.com/title/tt1849718"" target=""_blank"">tt1849718</a>","<a href=""https://www.imdb.com/title/tt1849718"" target=""_blank"">Agneepath</a>"
tt2473794,Mr. Turner,2014,3352,6.8,28895,150,Mike Leigh,Mike Leigh,"Biography, Drama, History","<a href=""https://www.imdb.com/title/tt2473794"" target=""_blank"">tt2473794</a>","<a href=""https://www.imdb.com/title/tt2473794"" target=""_blank"">Mr. Turner</a>"
tt2832470,Dead Snow 2: Red vs. Dead,2014,3353,6.8,28866,100,Tommy Wirkola,"Tommy Wirkola, Geir Vegar Hoel, Stig Frode Henriksen","Action, Comedy, Horror","<a href=""https://www.imdb.com/title/tt2832470"" target=""_blank"">tt2832470</a>","<a href=""https://www.imdb.com/title/tt2832470"" target=""_blank"">Dead Snow 2: Red vs. Dead</a>"
tt0118798,Bulworth,1998,3354,6.8,28404,108,Warren Beatty,"Warren Beatty, Jeremy Pikser","Comedy, Drama, Romance","<a href=""https://www.imdb.com/title/tt0118798"" target=""_blank"">tt0118798</a>","<a href=""https://www.imdb.com/title/tt0118798"" target=""_blank"">Bulworth</a>"
tt0112857,Devil in a Blue Dress,1995,3355,6.8,28066,102,Carl Franklin,"Walter Mosley, Carl Franklin","Crime, Drama, Mystery","<a href=""https://www.imdb.com/title/tt0112857"" target=""_blank"">tt0112857</a>","<a href=""https://www.imdb.com/title/tt0112857"" target=""_blank"">Devil in a Blue Dress</a>"
tt0077294,Capricorn One,1978,3356,6.8,27702,123,Peter Hyams,Peter Hyams,"Action, Adventure, Drama","<a href=""https://www.imdb.com/title/tt0077294"" target=""_blank"">tt0077294</a>","<a href=""https://www.imdb.com/title/tt0077294"" target=""_blank"">Capricorn One</a>"
tt0366777,Millions,2004,3357,6.8,27385,98,Danny Boyle,Frank Cottrell Boyce,"Comedy, Crime, Drama","<a href=""https://www.imdb.com/title/tt0366777"" target=""_blank"">tt0366777</a>","<a href=""https://www.imdb.com/title/tt0366777"" target=""_blank"">Millions</a>"
tt2910274,Obvious Child,2014,3358,6.7,27317,84,Gillian Robespierre,"Gillian Robespierre, Karen Maine, Elisabeth Holm, Anna Bean","Comedy, Drama, Romance","<a href=""https://www.imdb.com/title/tt2910274"" target=""_blank"">tt2910274</a>","<a href=""https://www.imdb.com/title/tt2910274"" target=""_blank"">Obvious Child</a>"
tt2261287,Leap!,2016,3359,6.8,27263,89,"Eric Summer, Éric Warin","Eric Summer, Laurent Zeitoun, Carol Noble","Adventure, Animation, Comedy","<a href=""https://www.imdb.com/title/tt2261287"" target=""_blank"">tt2261287</a>","<a href=""https://www.imdb.com/title/tt2261287"" target=""_blank"">Leap!</a>"
tt16183464,One Piece Film: Red,2022,3360,6.7,27263,115,Gorô Taniguchi,"Brooklyn El-Omar, Tsutomu Kuroiwa, Eiichirô Oda","Action, Adventure, Animation","<a href=""https://www.imdb.com/title/tt16183464"" target=""_blank"">tt16183464</a>","<a href=""https://www.imdb.com/title/tt16183464"" target=""_blank"">One Piece Film: Red</a>"
tt0477095,Starter for 10,2006,3361,6.7,27256,92,Tom Vaughan,David Nicholls,"Comedy, Drama, Romance","<a href=""https://www.imdb.com/title/tt0477095"" target=""_blank"">tt0477095</a>","<a href=""https://www.imdb.com/title/tt0477095"" target=""_blank"">Starter for 10</a>"
tt0045891,How to Marry a Millionaire,1953,3362,6.8,27205,95,Jean Negulesco,"Nunnally Johnson, Zoe Akins, Dale Eunson, Katherine Albert","Comedy, Drama, Romance","<a href=""https://www.imdb.com/title/tt0045891"" target=""_blank"">tt0045891</a>","<a href=""https://www.imdb.com/title/tt0045891"" target=""_blank"">How to Marry a Millionaire</a>"
tt0074512,Family Plot,1976,3363,6.8,27187,120,Alfred Hitchcock,"Ernest Lehman, Victor Canning","Comedy, Crime, Drama","<a href=""https://www.imdb.com/title/tt0074512"" target=""_blank"">tt0074512</a>","<a href=""https://www.imdb.com/title/tt0074512"" target=""_blank"">Family Plot</a>"
tt1564349,Dolphin Tale,2011,3364,6.8,27111,113,Charles Martin Smith,"Karen Janszen, Noam Dromi","Drama, Family","<a href=""https://www.imdb.com/title/tt1564349"" target=""_blank"">tt1564349</a>","<a href=""https://www.imdb.com/title/tt1564349"" target=""_blank"">Dolphin Tale</a>"
tt0455782,The Hunting Party,2007,3365,6.7,26933,101,Richard Shepard,"Richard Shepard, Scott Anderson","Adventure, Comedy, Drama","<a href=""https://www.imdb.com/title/tt0455782"" target=""_blank"">tt0455782</a>","<a href=""https://www.imdb.com/title/tt0455782"" target=""_blank"">The Hunting Party</a>"
tt1602098,Albert Nobbs,2011,3366,6.7,26778,113,Rodrigo García,"Gabriella Prekop, John Banville, Glenn Close, George Moore, István Szabó","Drama, Romance","<a href=""https://www.imdb.com/title/tt1602098"" target=""_blank"">tt1602098</a>","<a href=""https://www.imdb.com/title/tt1602098"" target=""_blank"">Albert Nobbs</a>"
tt32536315,Blue Moon,2025,3367,6.8,26515,100,Richard Linklater,"Robert Kaplow, Lorenz Hart, Elizabeth Weiland","Biography, Comedy, Drama","<a href=""https://www.imdb.com/title/tt32536315"" target=""_blank"">tt32536315</a>","<a href=""https://www.imdb.com/title/tt32536315"" target=""_blank"">Blue Moon</a>"
tt0252299,Buffalo Soldiers,2001,3368,6.7,26514,98,Gregor Jordan,"Robert O'Connor, Gregor Jordan, Eric Weiss, Nora Maccoby","Comedy, Crime, Drama","<a href=""https://www.imdb.com/title/tt0252299"" target=""_blank"">tt0252299</a>","<a href=""https://www.imdb.com/title/tt0252299"" target=""_blank"">Buffalo Soldiers</a>"
tt4645368,It's Only the End of the World,2016,3369,6.8,26508,97,Xavier Dolan,"Xavier Dolan, Jean-Luc Lagarce",Drama,"<a href=""https://www.imdb.com/title/tt4645368"" target=""_blank"">tt4645368</a>","<a href=""https://www.imdb.com/title/tt4645368"" target=""_blank"">It's Only the End of the World</a>"
tt11703050,The House,2022,3370,6.8,26476,97,"Paloma Baeza, Emma De Swaef, Niki Lindroth von Bahr, Marc James Roels","Enda Walsh, Emma De Swaef, Marc James Roels, Niki Lindroth von Bahr, Johannes Nyholm, Paloma Baeza","Animation, Comedy, Drama","<a href=""https://www.imdb.com/title/tt11703050"" target=""_blank"">tt11703050</a>","<a href=""https://www.imdb.com/title/tt11703050"" target=""_blank"">The House</a>"
tt1322930,Alone,2008,3371,6.8,26342,113,Çagan Irmak,Çagan Irmak,"Drama, Romance","<a href=""https://www.imdb.com/title/tt1322930"" target=""_blank"">tt1322930</a>","<a href=""https://www.imdb.com/title/tt1322930"" target=""_blank"">Alone</a>"
tt15445056,Athena,2022,3372,6.8,26258,99,Romain Gavras,"Elias Belkeddar, Romain Gavras, Ladj Ly","Action, Drama, Thriller","<a href=""https://www.imdb.com/title/tt15445056"" target=""_blank"">tt15445056</a>","<a href=""https://www.imdb.com/title/tt15445056"" target=""_blank"">Athena</a>"
tt0278500,The Importance of Being Earnest,2002,3373,6.8,26198,97,Oliver Parker,"Oscar Wilde, Oliver Parker","Comedy, Drama, Romance","<a href=""https://www.imdb.com/title/tt0278500"" target=""_blank"">tt0278500</a>","<a href=""https://www.imdb.com/title/tt0278500"" target=""_blank"">The Importance of Being Earnest</a>"
tt0083798,Dead Men Don't Wear Plaid,1982,3374,6.8,26121,88,Carl Reiner,"Carl Reiner, George Gipe, Steve Martin","Comedy, Crime, Mystery","<a href=""https://www.imdb.com/title/tt0083798"" target=""_blank"">tt0083798</a>","<a href=""https://www.imdb.com/title/tt0083798"" target=""_blank"">Dead Men Don't Wear Plaid</a>"
tt0117057,The Mirror Has Two Faces,1996,3375,6.7,25938,126,Barbra Streisand,"Richard LaGravenese, André Cayatte, Gérard Oury, Jean Meckert, Denis Perret","Comedy, Drama, Romance","<a href=""https://www.imdb.com/title/tt0117057"" target=""_blank"">tt0117057</a>","<a href=""https://www.imdb.com/title/tt0117057"" target=""_blank"">The Mirror Has Two Faces</a>"
tt7545524,Ben Is Back,2018,3376,6.7,25805,103,Peter Hedges,Peter Hedges,Drama,"<a href=""https://www.imdb.com/title/tt7545524"" target=""_blank"">tt7545524</a>","<a href=""https://www.imdb.com/title/tt7545524"" target=""_blank"">Ben Is Back</a>"
tt13405810,Quiz Lady,2023,3377,6.7,25785,99,Jessica Yu,Jen D'Angelo,Comedy,"<a href=""https://www.imdb.com/title/tt13405810"" target=""_blank"">tt13405810</a>","<a href=""https://www.imdb.com/title/tt13405810"" target=""_blank"">Quiz Lady</a>"
tt1582248,Puncture,2011,3378,6.8,25769,100,"Adam Kassen, Mark Kassen","Paul Danziger, Chris Lopata, Ela Thier","Biography, Drama, Mystery","<a href=""https://www.imdb.com/title/tt1582248"" target=""_blank"">tt1582248</a>","<a href=""https://www.imdb.com/title/tt1582248"" target=""_blank"">Puncture</a>"
tt1893273,The Last Letter from Your Lover,2021,3379,6.7,25753,110,Augustine Frizzell,"Nick Payne, Esta Spalding, Jojo Moyes","Drama, Romance","<a href=""https://www.imdb.com/title/tt1893273"" target=""_blank"">tt1893273</a>","<a href=""https://www.imdb.com/title/tt1893273"" target=""_blank"">The Last Letter from Your Lover</a>"
tt0924129,Crossing Over,2009,3380,6.7,25655,113,Wayne Kramer,Wayne Kramer,"Crime, Drama","<a href=""https://www.imdb.com/title/tt0924129"" target=""_blank"">tt0924129</a>","<a href=""https://www.imdb.com/title/tt0924129"" target=""_blank"">Crossing Over</a>"
tt0101316,The Lover,1992,3381,6.8,25641,115,Jean-Jacques Annaud,"Marguerite Duras, Gérard Brach, Jean-Jacques Annaud","Biography, Drama, Romance","<a href=""https://www.imdb.com/title/tt0101316"" target=""_blank"">tt0101316</a>","<a href=""https://www.imdb.com/title/tt0101316"" target=""_blank"">The Lover</a>"
tt4645330,Denial,2016,3382,6.8,25623,109,Mick Jackson,"Deborah Lipstadt, David Hare","Biography, Drama","<a href=""https://www.imdb.com/title/tt4645330"" target=""_blank"">tt4645330</a>","<a href=""https://www.imdb.com/title/tt4645330"" target=""_blank"">Denial</a>"
tt11540284,8-Bit Christmas,2021,3383,6.7,25614,97,Michael Dowse,Kevin Jakubowski,"Comedy, Family","<a href=""https://www.imdb.com/title/tt11540284"" target=""_blank"">tt11540284</a>","<a href=""https://www.imdb.com/title/tt11540284"" target=""_blank"">8-Bit Christmas</a>"
tt0090357,Young Sherlock Holmes,1985,3384,6.8,25613,109,Barry Levinson,"Arthur Conan Doyle, Chris Columbus","Adventure, Fantasy, Mystery","<a href=""https://www.imdb.com/title/tt0090357"" target=""_blank"">tt0090357</a>","<a href=""https://www.imdb.com/title/tt0090357"" target=""_blank"">Young Sherlock Holmes</a>"
tt0089118,F/X,1986,3385,6.7,25283,109,Robert Mandel,"Robert T. Megginson, Gregory Fleeman","Action, Thriller","<a href=""https://www.imdb.com/title/tt0089118"" target=""_blank"">tt0089118</a>","<a href=""https://www.imdb.com/title/tt0089118"" target=""_blank"">F/X</a>"
tt0099726,Hamlet,1990,3386,6.7,25278,135,Franco Zeffirelli,"William Shakespeare, Christopher De Vore, Franco Zeffirelli",Drama,"<a href=""https://www.imdb.com/title/tt0099726"" target=""_blank"">tt0099726</a>","<a href=""https://www.imdb.com/title/tt0099726"" target=""_blank"">Hamlet</a>"
tt3444312,Abducted in Plain Sight,2017,3387,6.8,25155,91,Skye Borgman,NA,"Crime, Documentary","<a href=""https://www.imdb.com/title/tt3444312"" target=""_blank"">tt3444312</a>","<a href=""https://www.imdb.com/title/tt3444312"" target=""_blank"">Abducted in Plain Sight</a>"
tt0422091,Dhoom,2004,3388,6.7,25136,129,Sanjay Gadhvi,Vijay Krishna Acharya,"Action, Adventure, Crime","<a href=""https://www.imdb.com/title/tt0422091"" target=""_blank"">tt0422091</a>","<a href=""https://www.imdb.com/title/tt0422091"" target=""_blank"">Dhoom</a>"
tt0458339,Captain America: The First Avenger,2011,3389,6.9,990284,124,Joe Johnston,"Christopher Markus, Stephen McFeely, Joe Simon, Jack Kirby","Action, Adventure, Sci-Fi","<a href=""https://www.imdb.com/title/tt0458339"" target=""_blank"">tt0458339</a>","<a href=""https://www.imdb.com/title/tt0458339"" target=""_blank"">Captain America: The First Avenger</a>"
tt1228705,Iron Man 2,2010,3390,6.9,960368,124,Jon Favreau,"Justin Theroux, Stan Lee, Don Heck, Larry Lieber, Jack Kirby","Action, Sci-Fi","<a href=""https://www.imdb.com/title/tt1228705"" target=""_blank"">tt1228705</a>","<a href=""https://www.imdb.com/title/tt1228705"" target=""_blank"">Iron Man 2</a>"
tt0369610,Jurassic World,2015,3391,6.9,739315,124,Colin Trevorrow,"Rick Jaffa, Amanda Silver, Colin Trevorrow, Derek Connolly, Michael Crichton","Action, Adventure, Sci-Fi","<a href=""https://www.imdb.com/title/tt0369610"" target=""_blank"">tt0369610</a>","<a href=""https://www.imdb.com/title/tt0369610"" target=""_blank"">Jurassic World</a>"
tt1637725,Ted,2012,3392,6.9,720755,106,Seth MacFarlane,"Seth MacFarlane, Alec Sulkin, Wellesley Wild",Comedy,"<a href=""https://www.imdb.com/title/tt1637725"" target=""_blank"">tt1637725</a>","<a href=""https://www.imdb.com/title/tt1637725"" target=""_blank"">Ted</a>"
tt1663662,Pacific Rim,2013,3393,6.9,565178,131,Guillermo del Toro,"Travis Beacham, Guillermo del Toro","Action, Adventure, Sci-Fi","<a href=""https://www.imdb.com/title/tt1663662"" target=""_blank"">tt1663662</a>","<a href=""https://www.imdb.com/title/tt1663662"" target=""_blank"">Pacific Rim</a>"
tt2283362,Jumanji: Welcome to the Jungle,2017,3394,6.9,513355,119,Jake Kasdan,"Chris McKenna, Erik Sommers, Scott Rosenberg, Jeff Pinkner, Chris Van Allsburg, Greg Taylor, Jim Strain, Jonathan Hensleigh","Action, Adventure, Comedy","<a href=""https://www.imdb.com/title/tt2283362"" target=""_blank"">tt2283362</a>","<a href=""https://www.imdb.com/title/tt2283362"" target=""_blank"">Jumanji: Welcome to the Jungle</a>"
tt1499658,Horrible Bosses,2011,3395,6.9,492396,98,Seth Gordon,"Michael Markowitz, John Francis Daley, Jonathan Goldstein","Comedy, Crime","<a href=""https://www.imdb.com/title/tt1499658"" target=""_blank"">tt1499658</a>","<a href=""https://www.imdb.com/title/tt1499658"" target=""_blank"">Horrible Bosses</a>"
tt0104431,Home Alone 2: Lost in New York,1992,3396,6.9,463392,120,Chris Columbus,John Hughes,"Adventure, Comedy, Crime","<a href=""https://www.imdb.com/title/tt0104431"" target=""_blank"">tt0104431</a>","<a href=""https://www.imdb.com/title/tt0104431"" target=""_blank"">Home Alone 2: Lost in New York</a>"
tt0363771,"The Chronicles of Narnia: The Lion, the Witch and the Wardrobe",2005,3397,6.9,463153,143,Andrew Adamson,"Ann Peacock, Andrew Adamson, Christopher Markus, Stephen McFeely, C.S. Lewis","Adventure, Family, Fantasy","<a href=""https://www.imdb.com/title/tt0363771"" target=""_blank"">tt0363771</a>","<a href=""https://www.imdb.com/title/tt0363771"" target=""_blank"">The Chronicles of Narnia: The Lion, the Witch and the Wardrobe</a>"
tt0317919,Mission: Impossible III,2006,3398,6.9,429468,126,J.J. Abrams,"Alex Kurtzman, Roberto Orci, J.J. Abrams, Bruce Geller","Action, Adventure, Thriller","<a href=""https://www.imdb.com/title/tt0317919"" target=""_blank"">tt0317919</a>","<a href=""https://www.imdb.com/title/tt0317919"" target=""_blank"">Mission: Impossible III</a>"
tt1587310,Maleficent,2014,3399,6.9,428653,97,Robert Stromberg,"Linda Woolverton, Charles Perrault, Milt Banta, Winston Hibler, Bill Peet, Erdman Penner, Joe Rinaldi, Ted Sears, Ralph Wright","Adventure, Drama, Family","<a href=""https://www.imdb.com/title/tt1587310"" target=""_blank"">tt1587310</a>","<a href=""https://www.imdb.com/title/tt1587310"" target=""_blank"">Maleficent</a>"
tt3778644,Solo: A Star Wars Story,2018,3400,6.9,415644,135,Ron Howard,"Jonathan Kasdan, Lawrence Kasdan, George Lucas","Action, Adventure, Sci-Fi","<a href=""https://www.imdb.com/title/tt3778644"" target=""_blank"">tt3778644</a>","<a href=""https://www.imdb.com/title/tt3778644"" target=""_blank"">Solo: A Star Wars Story</a>"
tt0478311,Knocked Up,2007,3401,6.9,403329,129,Judd Apatow,Judd Apatow,"Comedy, Romance","<a href=""https://www.imdb.com/title/tt0478311"" target=""_blank"">tt0478311</a>","<a href=""https://www.imdb.com/title/tt0478311"" target=""_blank"">Knocked Up</a>"
tt0496806,Ocean's Thirteen,2007,3402,6.9,391361,122,Steven Soderbergh,"Brian Koppelman, David Levien, George Clayton Johnson, Jack Golden Russell","Crime, Thriller","<a href=""https://www.imdb.com/title/tt0496806"" target=""_blank"">tt0496806</a>","<a href=""https://www.imdb.com/title/tt0496806"" target=""_blank"">Ocean's Thirteen</a>"
tt0368891,National Treasure,2004,3403,6.9,382117,131,Jon Turteltaub,"Jim Kouf, Cormac Wibberley, Marianne Wibberley, Oren Aviv, Charles Segars","Action, Adventure, Mystery","<a href=""https://www.imdb.com/title/tt0368891"" target=""_blank"">tt0368891</a>","<a href=""https://www.imdb.com/title/tt0368891"" target=""_blank"">National Treasure</a>"
tt0910936,Pineapple Express,2008,3404,6.9,375873,112,David Gordon Green,"Seth Rogen, Evan Goldberg, Judd Apatow","Action, Comedy, Crime","<a href=""https://www.imdb.com/title/tt0910936"" target=""_blank"">tt0910936</a>","<a href=""https://www.imdb.com/title/tt0910936"" target=""_blank"">Pineapple Express</a>"
tt0167190,Hellboy,2004,3405,6.9,373603,122,Guillermo del Toro,"Guillermo del Toro, Peter Briggs, Mike Mignola","Action, Adventure, Fantasy","<a href=""https://www.imdb.com/title/tt0167190"" target=""_blank"">tt0167190</a>","<a href=""https://www.imdb.com/title/tt0167190"" target=""_blank"">Hellboy</a>"
tt0119528,Liar Liar,1997,3406,6.9,367467,86,Tom Shadyac,"Paul Guay, Stephen Mazur","Comedy, Fantasy","<a href=""https://www.imdb.com/title/tt0119528"" target=""_blank"">tt0119528</a>","<a href=""https://www.imdb.com/title/tt0119528"" target=""_blank"">Liar Liar</a>"
tt0109040,Ace Ventura: Pet Detective,1994,3407,6.9,358842,86,Tom Shadyac,"Jack Bernstein, Tom Shadyac, Jim Carrey",Comedy,"<a href=""https://www.imdb.com/title/tt0109040"" target=""_blank"">tt0109040</a>","<a href=""https://www.imdb.com/title/tt0109040"" target=""_blank"">Ace Ventura: Pet Detective</a>"
tt0838283,Step Brothers,2008,3408,6.9,345574,98,Adam McKay,"Will Ferrell, Adam McKay, John C. Reilly",Comedy,"<a href=""https://www.imdb.com/title/tt0838283"" target=""_blank"">tt0838283</a>","<a href=""https://www.imdb.com/title/tt0838283"" target=""_blank"">Step Brothers</a>"
tt0118880,Con Air,1997,3409,6.9,343274,115,Simon West,Scott Rosenberg,"Action, Crime, Thriller","<a href=""https://www.imdb.com/title/tt0118880"" target=""_blank"">tt0118880</a>","<a href=""https://www.imdb.com/title/tt0118880"" target=""_blank"">Con Air</a>"
tt1152836,Public Enemies,2009,3410,6.9,337527,140,Michael Mann,"Ronan Bennett, Michael Mann, Ann Biderman, Bryan Burrough","Biography, Crime, Drama","<a href=""https://www.imdb.com/title/tt1152836"" target=""_blank"">tt1152836</a>","<a href=""https://www.imdb.com/title/tt1152836"" target=""_blank"">Public Enemies</a>"
tt6139732,Aladdin,2019,3411,6.9,320179,128,Guy Ritchie,"John August, Guy Ritchie","Adventure, Comedy, Family","<a href=""https://www.imdb.com/title/tt6139732"" target=""_blank"">tt6139732</a>","<a href=""https://www.imdb.com/title/tt6139732"" target=""_blank"">Aladdin</a>"
tt1213663,The World's End,2013,3412,6.9,315533,109,Edgar Wright,"Simon Pegg, Edgar Wright","Action, Comedy, Sci-Fi","<a href=""https://www.imdb.com/title/tt1213663"" target=""_blank"">tt1213663</a>","<a href=""https://www.imdb.com/title/tt1213663"" target=""_blank"">The World's End</a>"
tt0259711,Vanilla Sky,2001,3413,6.9,312713,136,Cameron Crowe,"Alejandro Amenábar, Mateo Gil, Cameron Crowe","Fantasy, Mystery, Romance","<a href=""https://www.imdb.com/title/tt0259711"" target=""_blank"">tt0259711</a>","<a href=""https://www.imdb.com/title/tt0259711"" target=""_blank"">Vanilla Sky</a>"
tt0844471,Cloudy with a Chance of Meatballs,2009,3414,6.9,290745,90,"Phil Lord, Christopher Miller","Phil Lord, Christopher Miller, Judi Barrett, Ron Barrett, Rob Greenberg","Adventure, Animation, Comedy","<a href=""https://www.imdb.com/title/tt0844471"" target=""_blank"">tt0844471</a>","<a href=""https://www.imdb.com/title/tt0844471"" target=""_blank"">Cloudy with a Chance of Meatballs</a>"
tt1080016,Ice Age: Dawn of the Dinosaurs,2009,3415,6.9,290101,94,"Carlos Saldanha, Michael Thurmeier","Michael Berg, Peter Ackerman, Mike Reiss, Yoni Brenner, Jason Carter Eaton","Adventure, Animation, Comedy","<a href=""https://www.imdb.com/title/tt1080016"" target=""_blank"">tt1080016</a>","<a href=""https://www.imdb.com/title/tt1080016"" target=""_blank"">Ice Age: Dawn of the Dinosaurs</a>"
tt2024469,Non-Stop,2014,3416,6.9,289584,106,Jaume Collet-Serra,"John W. Richardson, Chris Roach, Ryan Engle","Action, Mystery, Thriller","<a href=""https://www.imdb.com/title/tt2024469"" target=""_blank"">tt2024469</a>","<a href=""https://www.imdb.com/title/tt2024469"" target=""_blank"">Non-Stop</a>"
tt1092026,Paul,2011,3417,6.9,285734,104,Greg Mottola,"Simon Pegg, Nick Frost","Adventure, Comedy, Sci-Fi","<a href=""https://www.imdb.com/title/tt1092026"" target=""_blank"">tt1092026</a>","<a href=""https://www.imdb.com/title/tt1092026"" target=""_blank"">Paul</a>"
tt2704998,Game Night,2018,3418,6.9,285581,100,"John Francis Daley, Jonathan Goldstein",Mark Perez,"Action, Adventure, Comedy","<a href=""https://www.imdb.com/title/tt2704998"" target=""_blank"">tt2704998</a>","<a href=""https://www.imdb.com/title/tt2704998"" target=""_blank"">Game Night</a>"
tt0112697,Clueless,1995,3419,6.9,283119,97,Amy Heckerling,Amy Heckerling,"Comedy, Romance","<a href=""https://www.imdb.com/title/tt0112697"" target=""_blank"">tt0112697</a>","<a href=""https://www.imdb.com/title/tt0112697"" target=""_blank"">Clueless</a>"
tt0479884,Crank,2006,3420,6.9,280315,88,"Mark Neveldine, Brian Taylor","Mark Neveldine, Brian Taylor","Action, Crime, Thriller","<a href=""https://www.imdb.com/title/tt0479884"" target=""_blank"">tt0479884</a>","<a href=""https://www.imdb.com/title/tt0479884"" target=""_blank"">Crank</a>"
tt1436562,Rio,2011,3421,6.9,278348,96,Carlos Saldanha,"Carlos Saldanha, Earl Richey Jones, Todd R. Jones, Don Rhymer, Joshua Sternin, Jennifer Ventimilia, Sam Harper","Adventure, Animation, Comedy","<a href=""https://www.imdb.com/title/tt1436562"" target=""_blank"">tt1436562</a>","<a href=""https://www.imdb.com/title/tt1436562"" target=""_blank"">Rio</a>"
tt7144666,The Black Phone,2021,3422,6.9,273098,103,Scott Derrickson,"Joe Hill, Scott Derrickson, C. Robert Cargill","Horror, Mystery, Thriller","<a href=""https://www.imdb.com/title/tt7144666"" target=""_blank"">tt7144666</a>","<a href=""https://www.imdb.com/title/tt7144666"" target=""_blank"">The Black Phone</a>"
tt7798634,Ready or Not,2019,3423,6.9,267798,95,"Matt Bettinelli-Olpin, Tyler Gillett","Guy Busick, R. Christopher Murphy","Comedy, Horror, Mystery","<a href=""https://www.imdb.com/title/tt7798634"" target=""_blank"">tt7798634</a>","<a href=""https://www.imdb.com/title/tt7798634"" target=""_blank"">Ready or Not</a>"
tt1959563,The Hitman's Bodyguard,2017,3424,6.9,265377,118,Patrick Hughes,Tom O'Connor,"Action, Comedy, Crime","<a href=""https://www.imdb.com/title/tt1959563"" target=""_blank"">tt1959563</a>","<a href=""https://www.imdb.com/title/tt1959563"" target=""_blank"">The Hitman's Bodyguard</a>"
tt0089927,Rocky IV,1985,3425,6.9,250113,91,Sylvester Stallone,Sylvester Stallone,"Drama, Sport","<a href=""https://www.imdb.com/title/tt0089927"" target=""_blank"">tt0089927</a>","<a href=""https://www.imdb.com/title/tt0089927"" target=""_blank"">Rocky IV</a>"
tt2404435,The Magnificent Seven,2016,3426,6.9,249763,132,Antoine Fuqua,"Akira Kurosawa, Shinobu Hashimoto, Hideo Oguni, Nic Pizzolatto, Richard Wenk","Action, Adventure, Drama","<a href=""https://www.imdb.com/title/tt2404435"" target=""_blank"">tt2404435</a>","<a href=""https://www.imdb.com/title/tt2404435"" target=""_blank"">The Magnificent Seven</a>"
tt0084602,Rocky III,1982,3427,6.9,233166,99,Sylvester Stallone,Sylvester Stallone,"Drama, Sport","<a href=""https://www.imdb.com/title/tt0084602"" target=""_blank"">tt0084602</a>","<a href=""https://www.imdb.com/title/tt0084602"" target=""_blank"">Rocky III</a>"
tt3569230,Legend,2015,3428,6.9,227404,132,Brian Helgeland,"Brian Helgeland, John Pearson","Biography, Crime, Drama","<a href=""https://www.imdb.com/title/tt3569230"" target=""_blank"">tt3569230</a>","<a href=""https://www.imdb.com/title/tt3569230"" target=""_blank"">Legend</a>"
tt0102798,Robin Hood: Prince of Thieves,1991,3429,6.9,224687,143,Kevin Reynolds,"Pen Densham, John Watson","Action, Adventure, Drama","<a href=""https://www.imdb.com/title/tt0102798"" target=""_blank"">tt0102798</a>","<a href=""https://www.imdb.com/title/tt0102798"" target=""_blank"">Robin Hood: Prince of Thieves</a>"
tt3104988,Crazy Rich Asians,2018,3430,6.9,212221,120,Jon M. Chu,"Peter Chiarelli, Adele Lim, Kevin Kwan","Comedy, Drama, Romance","<a href=""https://www.imdb.com/title/tt3104988"" target=""_blank"">tt3104988</a>","<a href=""https://www.imdb.com/title/tt3104988"" target=""_blank"">Crazy Rich Asians</a>"
tt1661199,Cinderella,2015,3431,6.9,207208,105,Kenneth Branagh,"Chris Weitz, Charles Perrault, Ken Anderson, Homer Brightman, Winston Hibler, Bill Peet, Erdman Penner, Harry Reeves, Joe Rinaldi, Ted Sears","Adventure, Drama, Family","<a href=""https://www.imdb.com/title/tt1661199"" target=""_blank"">tt1661199</a>","<a href=""https://www.imdb.com/title/tt1661199"" target=""_blank"">Cinderella</a>"
tt6166392,Wonka,2023,3432,6.9,197936,116,Paul King,"Simon Farnaby, Paul King, Roald Dahl","Adventure, Comedy, Drama","<a href=""https://www.imdb.com/title/tt6166392"" target=""_blank"">tt6166392</a>","<a href=""https://www.imdb.com/title/tt6166392"" target=""_blank"">Wonka</a>"
tt26584495,Companion,2025,3433,6.9,192766,97,Drew Hancock,Drew Hancock,"Sci-Fi, Thriller","<a href=""https://www.imdb.com/title/tt26584495"" target=""_blank"">tt26584495</a>","<a href=""https://www.imdb.com/title/tt26584495"" target=""_blank"">Companion</a>"
tt1462758,Buried,2010,3434,6.9,177694,95,Rodrigo Cortés,Chris Sparling,"Drama, Mystery, Thriller","<a href=""https://www.imdb.com/title/tt1462758"" target=""_blank"">tt1462758</a>","<a href=""https://www.imdb.com/title/tt1462758"" target=""_blank"">Buried</a>"
tt8097030,Turning Red,2022,3435,6.9,177671,100,Domee Shi,"Domee Shi, Julia Cho, Sarah Streicher","Action, Adventure, Animation","<a href=""https://www.imdb.com/title/tt8097030"" target=""_blank"">tt8097030</a>","<a href=""https://www.imdb.com/title/tt8097030"" target=""_blank"">Turning Red</a>"
tt0082198,Conan the Barbarian,1982,3436,6.9,176028,129,John Milius,"Robert E. Howard, John Milius, Oliver Stone, Edward Summer","Adventure, Fantasy","<a href=""https://www.imdb.com/title/tt0082198"" target=""_blank"">tt0082198</a>","<a href=""https://www.imdb.com/title/tt0082198"" target=""_blank"">Conan the Barbarian</a>"
tt1091722,Adventureland,2009,3437,6.8,175555,107,Greg Mottola,Greg Mottola,"Comedy, Drama, Romance","<a href=""https://www.imdb.com/title/tt1091722"" target=""_blank"">tt1091722</a>","<a href=""https://www.imdb.com/title/tt1091722"" target=""_blank"">Adventureland</a>"
tt0120888,The Wedding Singer,1998,3438,6.9,175340,97,Frank Coraci,Tim Herlihy,"Comedy, Music, Romance","<a href=""https://www.imdb.com/title/tt0120888"" target=""_blank"">tt0120888</a>","<a href=""https://www.imdb.com/title/tt0120888"" target=""_blank"">The Wedding Singer</a>"
tt0107120,Hocus Pocus,1993,3439,6.9,174884,96,Kenny Ortega,"David Kirschner, Mick Garris, Neil Cuthbert","Comedy, Family, Fantasy","<a href=""https://www.imdb.com/title/tt0107120"" target=""_blank"">tt0107120</a>","<a href=""https://www.imdb.com/title/tt0107120"" target=""_blank"">Hocus Pocus</a>"
tt5177120,The Ministry of Ungentlemanly Warfare,2024,3440,6.8,173307,122,Guy Ritchie,"Paul Tamasy, Eric Johnson, Arash Amel, Guy Ritchie, Damien Lewis","Action, Comedy, War","<a href=""https://www.imdb.com/title/tt5177120"" target=""_blank"">tt5177120</a>","<a href=""https://www.imdb.com/title/tt5177120"" target=""_blank"">The Ministry of Ungentlemanly Warfare</a>"
tt11389872,Kingdom of the Planet of the Apes,2024,3441,6.8,172905,145,Wes Ball,"Josh Friedman, Rick Jaffa, Amanda Silver","Action, Adventure, Drama","<a href=""https://www.imdb.com/title/tt11389872"" target=""_blank"">tt11389872</a>","<a href=""https://www.imdb.com/title/tt11389872"" target=""_blank"">Kingdom of the Planet of the Apes</a>"
tt0430105,Four Brothers,2005,3442,6.8,171294,109,John Singleton,"David Elliot, Paul Lovett","Action, Crime, Drama","<a href=""https://www.imdb.com/title/tt0430105"" target=""_blank"">tt0430105</a>","<a href=""https://www.imdb.com/title/tt0430105"" target=""_blank"">Four Brothers</a>"
tt3289956,The Autopsy of Jane Doe,2016,3443,6.8,169671,86,André Øvredal,"Ian Goldberg, Richard Naing","Horror, Mystery, Thriller","<a href=""https://www.imdb.com/title/tt3289956"" target=""_blank"">tt3289956</a>","<a href=""https://www.imdb.com/title/tt3289956"" target=""_blank"">The Autopsy of Jane Doe</a>"
tt0261392,Jay and Silent Bob Strike Back,2001,3444,6.8,167544,104,Kevin Smith,Kevin Smith,Comedy,"<a href=""https://www.imdb.com/title/tt0261392"" target=""_blank"">tt0261392</a>","<a href=""https://www.imdb.com/title/tt0261392"" target=""_blank"">Jay and Silent Bob Strike Back</a>"
tt0410297,The Lake House,2006,3445,6.8,167094,99,Alejandro Agresti,"David Auburn, Eun-Jeong Kim, Ji Na Yeo","Drama, Fantasy, Romance","<a href=""https://www.imdb.com/title/tt0410297"" target=""_blank"">tt0410297</a>","<a href=""https://www.imdb.com/title/tt0410297"" target=""_blank"">The Lake House</a>"
tt17024450,The Equalizer 3,2023,3446,6.8,166525,109,Antoine Fuqua,"Richard Wenk, Michael Sloan, Richard Lindheim","Action, Crime, Thriller","<a href=""https://www.imdb.com/title/tt17024450"" target=""_blank"">tt17024450</a>","<a href=""https://www.imdb.com/title/tt17024450"" target=""_blank"">The Equalizer 3</a>"
tt0106918,The Firm,1993,3447,6.9,165052,154,Sydney Pollack,"John Grisham, David Rabe, Robert Towne, David Rayfiel","Crime, Drama, Mystery","<a href=""https://www.imdb.com/title/tt0106918"" target=""_blank"">tt0106918</a>","<a href=""https://www.imdb.com/title/tt0106918"" target=""_blank"">The Firm</a>"
tt7181546,Ballerina,2025,3448,6.8,163959,124,Len Wiseman,"Shay Hatten, Derek Kolstad","Action, Adventure, Crime","<a href=""https://www.imdb.com/title/tt7181546"" target=""_blank"">tt7181546</a>","<a href=""https://www.imdb.com/title/tt7181546"" target=""_blank"">Ballerina</a>"
tt2222042,Love and Monsters,2020,3449,6.9,162536,109,Michael Matthews,"Brian Duffield, Matthew Robinson","Action, Adventure, Comedy","<a href=""https://www.imdb.com/title/tt2222042"" target=""_blank"">tt2222042</a>","<a href=""https://www.imdb.com/title/tt2222042"" target=""_blank"">Love and Monsters</a>"
tt1390411,In the Heart of the Sea,2015,3450,6.9,160922,122,Ron Howard,"Charles Leavitt, Rick Jaffa, Amanda Silver, Nathaniel Philbrick","Action, Adventure, Biography","<a href=""https://www.imdb.com/title/tt1390411"" target=""_blank"">tt1390411</a>","<a href=""https://www.imdb.com/title/tt1390411"" target=""_blank"">In the Heart of the Sea</a>"
tt0451079,Horton Hears a Who!,2008,3451,6.8,160332,86,"Jimmy Hayward, Steve Martino","Cinco Paul, Ken Daurio, Dr. Seuss","Adventure, Animation, Comedy","<a href=""https://www.imdb.com/title/tt0451079"" target=""_blank"">tt0451079</a>","<a href=""https://www.imdb.com/title/tt0451079"" target=""_blank"">Horton Hears a Who!</a>"
tt0093177,Hellraiser,1987,3452,6.9,156556,94,Clive Barker,Clive Barker,"Horror, Thriller","<a href=""https://www.imdb.com/title/tt0093177"" target=""_blank"">tt0093177</a>","<a href=""https://www.imdb.com/title/tt0093177"" target=""_blank"">Hellraiser</a>"
tt4062536,Green Room,2015,3453,6.9,156050,95,Jeremy Saulnier,Jeremy Saulnier,"Horror, Thriller","<a href=""https://www.imdb.com/title/tt4062536"" target=""_blank"">tt4062536</a>","<a href=""https://www.imdb.com/title/tt4062536"" target=""_blank"">Green Room</a>"
tt1187064,Triangle,2009,3454,6.9,152904,99,Christopher Smith,Christopher Smith,"Fantasy, Mystery, Sci-Fi","<a href=""https://www.imdb.com/title/tt1187064"" target=""_blank"">tt1187064</a>","<a href=""https://www.imdb.com/title/tt1187064"" target=""_blank"">Triangle</a>"
tt0096928,Bill & Ted's Excellent Adventure,1989,3455,6.9,151134,90,Stephen Herek,"Chris Matheson, Ed Solomon","Adventure, Comedy, Music","<a href=""https://www.imdb.com/title/tt0096928"" target=""_blank"">tt0096928</a>","<a href=""https://www.imdb.com/title/tt0096928"" target=""_blank"">Bill & Ted's Excellent Adventure</a>"
tt0230011,Atlantis: The Lost Empire,2001,3456,6.9,150617,95,"Gary Trousdale, Kirk Wise","Tab Murphy, Kirk Wise, Gary Trousdale, Joss Whedon, Bryce Zabel, Jackie Zabel, David Reynolds, Plato","Action, Adventure, Animation","<a href=""https://www.imdb.com/title/tt0230011"" target=""_blank"">tt0230011</a>","<a href=""https://www.imdb.com/title/tt0230011"" target=""_blank"">Atlantis: The Lost Empire</a>"
tt27534307,Speak No Evil,2024,3457,6.8,149303,110,James Watkins,"James Watkins, Christian Tafdrup, Mads Tafdrup","Drama, Horror, Thriller","<a href=""https://www.imdb.com/title/tt27534307"" target=""_blank"">tt27534307</a>","<a href=""https://www.imdb.com/title/tt27534307"" target=""_blank"">Speak No Evil</a>"
tt0947810,Green Zone,2010,3458,6.8,148860,115,Paul Greengrass,"Brian Helgeland, Rajiv Chandrasekaran","Action, Drama, Thriller","<a href=""https://www.imdb.com/title/tt0947810"" target=""_blank"">tt0947810</a>","<a href=""https://www.imdb.com/title/tt0947810"" target=""_blank"">Green Zone</a>"
tt1536537,What Happened to Monday,2017,3459,6.8,146558,123,Tommy Wirkola,"Max Botkin, Kerry Williamson","Action, Crime, Fantasy","<a href=""https://www.imdb.com/title/tt1536537"" target=""_blank"">tt1536537</a>","<a href=""https://www.imdb.com/title/tt1536537"" target=""_blank"">What Happened to Monday</a>"
tt0227445,The Score,2001,3460,6.8,145812,124,Frank Oz,"Daniel E. Taylor, Kario Salem, Lem Dobbs, Scott Marshall Smith","Crime, Drama, Thriller","<a href=""https://www.imdb.com/title/tt0227445"" target=""_blank"">tt0227445</a>","<a href=""https://www.imdb.com/title/tt0227445"" target=""_blank"">The Score</a>"
tt0112431,Babe,1995,3461,6.9,144253,91,Chris Noonan,"George Miller, Chris Noonan, Dick King-Smith","Comedy, Drama, Family","<a href=""https://www.imdb.com/title/tt0112431"" target=""_blank"">tt0112431</a>","<a href=""https://www.imdb.com/title/tt0112431"" target=""_blank"">Babe</a>"
tt0102510,The Naked Gun 2½: The Smell of Fear,1991,3462,6.9,143452,85,David Zucker,"Jim Abrahams, David Zucker, Jerry Zucker, Pat Proft","Comedy, Crime","<a href=""https://www.imdb.com/title/tt0102510"" target=""_blank"">tt0102510</a>","<a href=""https://www.imdb.com/title/tt0102510"" target=""_blank"">The Naked Gun 2½: The Smell of Fear</a>"
tt4034354,Swiss Army Man,2016,3463,6.9,143004,97,"Daniel Kwan, Daniel Scheinert","Daniel Scheinert, Daniel Kwan","Comedy, Drama, Fantasy","<a href=""https://www.imdb.com/title/tt4034354"" target=""_blank"">tt4034354</a>","<a href=""https://www.imdb.com/title/tt4034354"" target=""_blank"">Swiss Army Man</a>"
tt1067106,A Christmas Carol,2009,3464,6.8,142525,96,Robert Zemeckis,"Robert Zemeckis, Charles Dickens","Adventure, Animation, Comedy","<a href=""https://www.imdb.com/title/tt1067106"" target=""_blank"">tt1067106</a>","<a href=""https://www.imdb.com/title/tt1067106"" target=""_blank"">A Christmas Carol</a>"
tt0265459,One Hour Photo,2002,3465,6.8,141610,96,Mark Romanek,Mark Romanek,"Drama, Thriller","<a href=""https://www.imdb.com/title/tt0265459"" target=""_blank"">tt0265459</a>","<a href=""https://www.imdb.com/title/tt0265459"" target=""_blank"">One Hour Photo</a>"
tt0337741,Something's Gotta Give,2003,3466,6.8,141481,128,Nancy Meyers,Nancy Meyers,"Comedy, Drama, Romance","<a href=""https://www.imdb.com/title/tt0337741"" target=""_blank"">tt0337741</a>","<a href=""https://www.imdb.com/title/tt0337741"" target=""_blank"">Something's Gotta Give</a>"
tt1937390,Nymphomaniac: Vol. I,2013,3467,6.9,140202,117,Lars von Trier,Lars von Trier,Drama,"<a href=""https://www.imdb.com/title/tt1937390"" target=""_blank"">tt1937390</a>","<a href=""https://www.imdb.com/title/tt1937390"" target=""_blank"">Nymphomaniac: Vol. I</a>"
tt0059800,Thunderball,1965,3468,6.9,139534,130,Terence Young,"Richard Maibaum, John Hopkins, Jack Whittingham, Kevin McClory, Ian Fleming","Action, Adventure, Thriller","<a href=""https://www.imdb.com/title/tt0059800"" target=""_blank"">tt0059800</a>","<a href=""https://www.imdb.com/title/tt0059800"" target=""_blank"">Thunderball</a>"
tt0365737,Syriana,2005,3469,6.8,139321,128,Stephen Gaghan,"Stephen Gaghan, Robert Baer","Drama, Thriller","<a href=""https://www.imdb.com/title/tt0365737"" target=""_blank"">tt0365737</a>","<a href=""https://www.imdb.com/title/tt0365737"" target=""_blank"">Syriana</a>"
tt0328880,Brother Bear,2003,3470,6.9,138890,85,"Aaron Blaise, Robert Walker","Tab Murphy, Lorne Cameron, David Hoselton, Steve Bencich, Ron J. Friedman, Stephen J. Anderson, Nathan Greno, Stevie Wermers, Kevin Deters, Woody Woodman, Thom Enriquez, Kevin Harkey, Broose Johnson, John Norton, John Puglisi, Tim Hodge, Tom LaBaff, Ray Shenusay, Brian Pimental, Jim Story, Don Dougherty, Don Hall, Samuel Levine, Aurian Redson, Chris Williams, Jeff Hand, Samuel J. Levine, Roger Allers","Adventure, Animation, Comedy","<a href=""https://www.imdb.com/title/tt0328880"" target=""_blank"">tt0328880</a>","<a href=""https://www.imdb.com/title/tt0328880"" target=""_blank"">Brother Bear</a>"
tt6394270,Bombshell,2019,3471,6.8,137782,109,Jay Roach,Charles Randolph,"Biography, Drama","<a href=""https://www.imdb.com/title/tt6394270"" target=""_blank"">tt6394270</a>","<a href=""https://www.imdb.com/title/tt6394270"" target=""_blank"">Bombshell</a>"
tt20215968,Hit Man,2023,3472,6.8,134856,115,Richard Linklater,"Richard Linklater, Glen Powell, Skip Hollandsworth","Comedy, Crime, Romance","<a href=""https://www.imdb.com/title/tt20215968"" target=""_blank"">tt20215968</a>","<a href=""https://www.imdb.com/title/tt20215968"" target=""_blank"">Hit Man</a>"
tt0421073,Street Kings,2008,3473,6.8,130955,109,David Ayer,"James Ellroy, Kurt Wimmer, Jamie Moss","Action, Crime, Thriller","<a href=""https://www.imdb.com/title/tt0421073"" target=""_blank"">tt0421073</a>","<a href=""https://www.imdb.com/title/tt0421073"" target=""_blank"">Street Kings</a>"
tt2139881,Long Shot,2019,3474,6.8,129947,125,Jonathan Levine,"Dan Sterling, Liz Hannah","Comedy, Romance","<a href=""https://www.imdb.com/title/tt2139881"" target=""_blank"">tt2139881</a>","<a href=""https://www.imdb.com/title/tt2139881"" target=""_blank"">Long Shot</a>"
tt0062512,You Only Live Twice,1967,3475,6.8,129021,117,Lewis Gilbert,"Harold Jack Bloom, Roald Dahl, Ian Fleming, Geoffrey Jenkins","Action, Adventure, Thriller","<a href=""https://www.imdb.com/title/tt0062512"" target=""_blank"">tt0062512</a>","<a href=""https://www.imdb.com/title/tt0062512"" target=""_blank"">You Only Live Twice</a>"
tt0114924,While You Were Sleeping,1995,3476,6.8,128995,103,Jon Turteltaub,"Daniel G. Sullivan, Fred Lebow","Comedy, Drama, Romance","<a href=""https://www.imdb.com/title/tt0114924"" target=""_blank"">tt0114924</a>","<a href=""https://www.imdb.com/title/tt0114924"" target=""_blank"">While You Were Sleeping</a>"
tt14641788,Enola Holmes 2,2022,3477,6.8,127269,129,Harry Bradbeer,"Jack Thorne, Harry Bradbeer, Nancy Springer","Action, Adventure, Crime","<a href=""https://www.imdb.com/title/tt14641788"" target=""_blank"">tt14641788</a>","<a href=""https://www.imdb.com/title/tt14641788"" target=""_blank"">Enola Holmes 2</a>"
tt0081573,Superman II,1980,3478,6.8,125075,127,"Richard Lester, Richard Donner","Mario Puzo, David Newman, Leslie Newman, Jerry Siegel, Joe Shuster, Tom Mankiewicz","Action, Adventure, Sci-Fi","<a href=""https://www.imdb.com/title/tt0081573"" target=""_blank"">tt0081573</a>","<a href=""https://www.imdb.com/title/tt0081573"" target=""_blank"">Superman II</a>"
tt0365830,Tenacious D in the Pick of Destiny,2006,3479,6.8,120630,94,Liam Lynch,"Jack Black, Kyle Gass, Liam Lynch","Adventure, Comedy, Music","<a href=""https://www.imdb.com/title/tt0365830"" target=""_blank"">tt0365830</a>","<a href=""https://www.imdb.com/title/tt0365830"" target=""_blank"">Tenacious D in the Pick of Destiny</a>"
tt0120907,eXistenZ,1999,3480,6.8,114917,97,David Cronenberg,David Cronenberg,"Horror, Mystery, Sci-Fi","<a href=""https://www.imdb.com/title/tt0120907"" target=""_blank"">tt0120907</a>","<a href=""https://www.imdb.com/title/tt0120907"" target=""_blank"">eXistenZ</a>"
tt0100758,Teenage Mutant Ninja Turtles,1990,3481,6.8,113819,93,Steve Barron,"Kevin Eastman, Peter Laird, Bobby Herbeck, Todd W. Langen","Action, Adventure, Comedy","<a href=""https://www.imdb.com/title/tt0100758"" target=""_blank"">tt0100758</a>","<a href=""https://www.imdb.com/title/tt0100758"" target=""_blank"">Teenage Mutant Ninja Turtles</a>"
tt13274016,Reptile,2023,3482,6.8,112520,134,Grant Singer,"Grant Singer, Benjamin Brewer, Benicio Del Toro","Crime, Drama, Mystery","<a href=""https://www.imdb.com/title/tt13274016"" target=""_blank"">tt13274016</a>","<a href=""https://www.imdb.com/title/tt13274016"" target=""_blank"">Reptile</a>"
tt0480242,Dan in Real Life,2007,3483,6.8,111909,98,Peter Hedges,"Pierce Gardner, Peter Hedges","Comedy, Drama, Romance","<a href=""https://www.imdb.com/title/tt0480242"" target=""_blank"">tt0480242</a>","<a href=""https://www.imdb.com/title/tt0480242"" target=""_blank"">Dan in Real Life</a>"
tt0103919,Candyman,1992,3484,6.8,110852,99,Bernard Rose,"Clive Barker, Bernard Rose","Horror, Thriller","<a href=""https://www.imdb.com/title/tt0103919"" target=""_blank"">tt0103919</a>","<a href=""https://www.imdb.com/title/tt0103919"" target=""_blank"">Candyman</a>"
tt0274812,Secretary,2002,3485,6.8,110362,107,Steven Shainberg,"Erin Cressida Wilson, Mary Gaitskill, Steven Shainberg","Comedy, Drama, Romance","<a href=""https://www.imdb.com/title/tt0274812"" target=""_blank"">tt0274812</a>","<a href=""https://www.imdb.com/title/tt0274812"" target=""_blank"">Secretary</a>"
tt4682786,Collateral Beauty,2016,3486,6.8,110301,97,David Frankel,Allan Loeb,"Drama, Romance","<a href=""https://www.imdb.com/title/tt4682786"" target=""_blank"">tt4682786</a>","<a href=""https://www.imdb.com/title/tt4682786"" target=""_blank"">Collateral Beauty</a>"
tt0086200,Risky Business,1983,3487,6.8,110106,99,Paul Brickman,Paul Brickman,"Comedy, Crime, Drama","<a href=""https://www.imdb.com/title/tt0086200"" target=""_blank"">tt0086200</a>","<a href=""https://www.imdb.com/title/tt0086200"" target=""_blank"">Risky Business</a>"
tt4218572,Widows,2018,3488,6.8,109925,129,Steve McQueen,"Gillian Flynn, Steve McQueen, Lynda La Plante","Crime, Drama, Thriller","<a href=""https://www.imdb.com/title/tt4218572"" target=""_blank"">tt4218572</a>","<a href=""https://www.imdb.com/title/tt4218572"" target=""_blank"">Widows</a>"
tt4003440,The House That Jack Built,2018,3489,6.8,108300,152,Lars von Trier,"Lars von Trier, Jenle Hallund","Crime, Drama, Horror","<a href=""https://www.imdb.com/title/tt4003440"" target=""_blank"">tt4003440</a>","<a href=""https://www.imdb.com/title/tt4003440"" target=""_blank"">The House That Jack Built</a>"
tt0328538,Thirteen,2003,3490,6.8,108222,100,Catherine Hardwicke,"Catherine Hardwicke, Nikki Reed",Drama,"<a href=""https://www.imdb.com/title/tt0328538"" target=""_blank"">tt0328538</a>","<a href=""https://www.imdb.com/title/tt0328538"" target=""_blank"">Thirteen</a>"
tt11301886,Rebel Ridge,2024,3491,6.8,106719,131,Jeremy Saulnier,Jeremy Saulnier,"Action, Crime, Drama","<a href=""https://www.imdb.com/title/tt11301886"" target=""_blank"">tt11301886</a>","<a href=""https://www.imdb.com/title/tt11301886"" target=""_blank"">Rebel Ridge</a>"
tt10618286,Mank,2020,3492,6.8,105919,131,David Fincher,Jack Fincher,"Biography, Drama","<a href=""https://www.imdb.com/title/tt10618286"" target=""_blank"">tt10618286</a>","<a href=""https://www.imdb.com/title/tt10618286"" target=""_blank"">Mank</a>"
tt0092675,Bloodsport,1988,3493,6.8,104938,92,Newt Arnold,"Sheldon Lettich, Chris Cosby, Mel Friedman, Frank Dux","Action, Drama, Sport","<a href=""https://www.imdb.com/title/tt0092675"" target=""_blank"">tt0092675</a>","<a href=""https://www.imdb.com/title/tt0092675"" target=""_blank"">Bloodsport</a>"
tt0105812,White Men Can't Jump,1992,3494,6.8,104792,115,Ron Shelton,Ron Shelton,"Comedy, Sport","<a href=""https://www.imdb.com/title/tt0105812"" target=""_blank"">tt0105812</a>","<a href=""https://www.imdb.com/title/tt0105812"" target=""_blank"">White Men Can't Jump</a>"
tt0085333,Christine,1983,3495,6.8,104240,110,John Carpenter,"Stephen King, Bill Phillips","Horror, Thriller","<a href=""https://www.imdb.com/title/tt0085333"" target=""_blank"">tt0085333</a>","<a href=""https://www.imdb.com/title/tt0085333"" target=""_blank"">Christine</a>"
tt6878306,News of the World,2020,3496,6.8,102346,118,Paul Greengrass,"Paul Greengrass, Luke Davies, Paulette Jiles","Action, Adventure, Drama","<a href=""https://www.imdb.com/title/tt6878306"" target=""_blank"">tt6878306</a>","<a href=""https://www.imdb.com/title/tt6878306"" target=""_blank"">News of the World</a>"
tt9214772,Monkey Man,2024,3497,6.8,101747,121,Dev Patel,"Dev Patel, Paul Angunawela, John Collee","Action, Crime, Thriller","<a href=""https://www.imdb.com/title/tt9214772"" target=""_blank"">tt9214772</a>","<a href=""https://www.imdb.com/title/tt9214772"" target=""_blank"">Monkey Man</a>"
tt1781922,No Escape,2015,3498,6.8,99753,103,John Erick Dowdle,"John Erick Dowdle, Drew Dowdle","Action, Adventure, Drama","<a href=""https://www.imdb.com/title/tt1781922"" target=""_blank"">tt1781922</a>","<a href=""https://www.imdb.com/title/tt1781922"" target=""_blank"">No Escape</a>"
tt32430579,Crime 101,2026,3499,6.8,98019,140,Bart Layton,"Bart Layton, Don Winslow","Crime, Drama, Thriller","<a href=""https://www.imdb.com/title/tt32430579"" target=""_blank"">tt32430579</a>","<a href=""https://www.imdb.com/title/tt32430579"" target=""_blank"">Crime 101</a>"
tt21942866,Dream Scenario,2023,3500,6.8,97750,102,Kristoffer Borgli,Kristoffer Borgli,"Comedy, Drama, Fantasy","<a href=""https://www.imdb.com/title/tt21942866"" target=""_blank"">tt21942866</a>","<a href=""https://www.imdb.com/title/tt21942866"" target=""_blank"">Dream Scenario</a>"
tt5294550,All the Money in the World,2017,3501,6.8,97417,132,Ridley Scott,"David Scarpa, John Pearson","Biography, Crime, Drama","<a href=""https://www.imdb.com/title/tt5294550"" target=""_blank"">tt5294550</a>","<a href=""https://www.imdb.com/title/tt5294550"" target=""_blank"">All the Money in the World</a>"
tt0498399,We Own the Night,2007,3502,6.8,97296,117,James Gray,James Gray,"Crime, Drama, Thriller","<a href=""https://www.imdb.com/title/tt0498399"" target=""_blank"">tt0498399</a>","<a href=""https://www.imdb.com/title/tt0498399"" target=""_blank"">We Own the Night</a>"
tt0076666,Saturday Night Fever,1977,3503,6.8,96128,119,John Badham,"Nik Cohn, Norman Wexler","Drama, Music","<a href=""https://www.imdb.com/title/tt0076666"" target=""_blank"">tt0076666</a>","<a href=""https://www.imdb.com/title/tt0076666"" target=""_blank"">Saturday Night Fever</a>"
tt1456635,Goon,2011,3504,6.8,94810,92,Michael Dowse,"Jay Baruchel, Evan Goldberg, Adam Frattasio, Douglas Smith","Comedy, Drama, Sport","<a href=""https://www.imdb.com/title/tt1456635"" target=""_blank"">tt1456635</a>","<a href=""https://www.imdb.com/title/tt1456635"" target=""_blank"">Goon</a>"
tt0116908,The Long Kiss Goodnight,1996,3505,6.8,94035,121,Renny Harlin,Shane Black,"Action, Crime, Drama","<a href=""https://www.imdb.com/title/tt0116908"" target=""_blank"">tt0116908</a>","<a href=""https://www.imdb.com/title/tt0116908"" target=""_blank"">The Long Kiss Goodnight</a>"
tt0096734,The 'Burbs,1989,3506,6.8,93730,102,Joe Dante,Dana Olsen,"Comedy, Mystery, Thriller","<a href=""https://www.imdb.com/title/tt0096734"" target=""_blank"">tt0096734</a>","<a href=""https://www.imdb.com/title/tt0096734"" target=""_blank"">The 'Burbs</a>"
tt0080749,The Fog,1980,3507,6.8,93306,89,John Carpenter,"John Carpenter, Debra Hill","Horror, Thriller","<a href=""https://www.imdb.com/title/tt0080749"" target=""_blank"">tt0080749</a>","<a href=""https://www.imdb.com/title/tt0080749"" target=""_blank"">The Fog</a>"
tt4273800,The Good Nurse,2022,3508,6.8,92666,121,Tobias Lindholm,"Charles Graeber, Krysty Wilson-Cairns","Biography, Crime, Drama","<a href=""https://www.imdb.com/title/tt4273800"" target=""_blank"">tt4273800</a>","<a href=""https://www.imdb.com/title/tt4273800"" target=""_blank"">The Good Nurse</a>"
tt7638348,Boss Level,2020,3509,6.8,92230,100,Joe Carnahan,"Chris Borey, Eddie Borey, Joe Carnahan","Action, Adventure, Comedy","<a href=""https://www.imdb.com/title/tt7638348"" target=""_blank"">tt7638348</a>","<a href=""https://www.imdb.com/title/tt7638348"" target=""_blank"">Boss Level</a>"
tt1493274,Caught Stealing,2025,3510,6.8,91414,107,Darren Aronofsky,Charlie Huston,"Comedy, Crime, Thriller","<a href=""https://www.imdb.com/title/tt1493274"" target=""_blank"">tt1493274</a>","<a href=""https://www.imdb.com/title/tt1493274"" target=""_blank"">Caught Stealing</a>"
tt6265828,A Ghost Story,2017,3511,6.8,87776,92,David Lowery,David Lowery,"Drama, Fantasy, Mystery","<a href=""https://www.imdb.com/title/tt6265828"" target=""_blank"">tt6265828</a>","<a href=""https://www.imdb.com/title/tt6265828"" target=""_blank"">A Ghost Story</a>"
tt0083131,Stripes,1981,3512,6.8,86985,106,Ivan Reitman,"Len Blum, Daniel Goldberg, Harold Ramis","Comedy, War","<a href=""https://www.imdb.com/title/tt0083131"" target=""_blank"">tt0083131</a>","<a href=""https://www.imdb.com/title/tt0083131"" target=""_blank"">Stripes</a>"
tt0316396,Peter Pan,2003,3513,6.8,85878,113,P.J. Hogan,"J.M. Barrie, P.J. Hogan, Michael Goldenberg","Adventure, Family, Fantasy","<a href=""https://www.imdb.com/title/tt0316396"" target=""_blank"">tt0316396</a>","<a href=""https://www.imdb.com/title/tt0316396"" target=""_blank"">Peter Pan</a>"
tt0864835,Mr. Peabody & Sherman,2014,3514,6.8,85641,92,Rob Minkoff,"Jay Ward, Craig Wright, Robert Ben Garant, Thomas Lennon, Jason Clark, Ted Key, Michael McCullers, Rob Minkoff","Adventure, Animation, Comedy","<a href=""https://www.imdb.com/title/tt0864835"" target=""_blank"">tt0864835</a>","<a href=""https://www.imdb.com/title/tt0864835"" target=""_blank"">Mr. Peabody & Sherman</a>"
tt1486834,What If,2013,3515,6.8,85000,98,Michael Dowse,"Elan Mastai, T.J. Dawe, Michael Rinaldi","Comedy, Romance","<a href=""https://www.imdb.com/title/tt1486834"" target=""_blank"">tt1486834</a>","<a href=""https://www.imdb.com/title/tt1486834"" target=""_blank"">What If</a>"
tt1491044,The Iceman,2012,3516,6.8,84506,106,Ariel Vromen,"Morgan Land, Ariel Vromen, Anthony Bruno, Jim Thebaut","Biography, Crime, Drama","<a href=""https://www.imdb.com/title/tt1491044"" target=""_blank"">tt1491044</a>","<a href=""https://www.imdb.com/title/tt1491044"" target=""_blank"">The Iceman</a>"
tt0975645,Hitchcock,2012,3517,6.8,83879,98,Sacha Gervasi,"John J. McLaughlin, Stephen Rebello","Biography, Drama, Romance","<a href=""https://www.imdb.com/title/tt0975645"" target=""_blank"">tt0975645</a>","<a href=""https://www.imdb.com/title/tt0975645"" target=""_blank"">Hitchcock</a>"
tt0163988,Bringing Out the Dead,1999,3518,6.8,82172,121,Martin Scorsese,"Joe Connelly, Paul Schrader","Drama, Thriller","<a href=""https://www.imdb.com/title/tt0163988"" target=""_blank"">tt0163988</a>","<a href=""https://www.imdb.com/title/tt0163988"" target=""_blank"">Bringing Out the Dead</a>"
tt0120686,Stepmom,1998,3519,6.8,81377,125,Chris Columbus,"Gigi Levangie, Jessie Nelson, Steven Rogers, Karen Leigh Hopkins, Ron Bass","Comedy, Drama","<a href=""https://www.imdb.com/title/tt0120686"" target=""_blank"">tt0120686</a>","<a href=""https://www.imdb.com/title/tt0120686"" target=""_blank"">Stepmom</a>"
tt8912936,DC League of Super-Pets,2022,3520,6.8,80971,105,"Jared Stern, Samuel J. Levine","Jared Stern, John Whittington, Jerry Siegel, Joe Shuster, Bob Kane, Bill Finger, William Moulton Marston","Action, Adventure, Animation","<a href=""https://www.imdb.com/title/tt8912936"" target=""_blank"">tt8912936</a>","<a href=""https://www.imdb.com/title/tt8912936"" target=""_blank"">DC League of Super-Pets</a>"
tt0414055,Elizabeth: The Golden Age,2007,3521,6.8,78573,114,Shekhar Kapur,"William Nicholson, Michael Hirst","Biography, Drama, History","<a href=""https://www.imdb.com/title/tt0414055"" target=""_blank"">tt0414055</a>","<a href=""https://www.imdb.com/title/tt0414055"" target=""_blank"">Elizabeth: The Golden Age</a>"
tt6079516,I See You,2019,3522,6.8,77946,98,Adam Randall,Devon Graye,"Horror, Mystery, Thriller","<a href=""https://www.imdb.com/title/tt6079516"" target=""_blank"">tt6079516</a>","<a href=""https://www.imdb.com/title/tt6079516"" target=""_blank"">I See You</a>"
tt0862846,Sunshine Cleaning,2008,3523,6.8,76531,91,Christine Jeffs,Megan Holley,"Comedy, Drama","<a href=""https://www.imdb.com/title/tt0862846"" target=""_blank"">tt0862846</a>","<a href=""https://www.imdb.com/title/tt0862846"" target=""_blank"">Sunshine Cleaning</a>"
tt10168670,Bones and All,2022,3524,6.8,76148,131,Luca Guadagnino,"David Kajganich, Camille DeAngelis","Drama, Horror, Romance","<a href=""https://www.imdb.com/title/tt10168670"" target=""_blank"">tt10168670</a>","<a href=""https://www.imdb.com/title/tt10168670"" target=""_blank"">Bones and All</a>"
tt1763303,The First Time,2012,3525,6.8,76078,95,Jonathan Kasdan,Jonathan Kasdan,"Comedy, Drama, Romance","<a href=""https://www.imdb.com/title/tt1763303"" target=""_blank"">tt1763303</a>","<a href=""https://www.imdb.com/title/tt1763303"" target=""_blank"">The First Time</a>"
tt0119558,Lolita,1997,3526,6.8,75975,137,Adrian Lyne,"Vladimir Nabokov, Stephen Schiff","Drama, Romance","<a href=""https://www.imdb.com/title/tt0119558"" target=""_blank"">tt0119558</a>","<a href=""https://www.imdb.com/title/tt0119558"" target=""_blank"">Lolita</a>"
tt0104815,El Mariachi,1992,3527,6.8,75518,81,Robert Rodriguez,"Robert Rodriguez, Carlos Gallardo","Action, Crime, Thriller","<a href=""https://www.imdb.com/title/tt0104815"" target=""_blank"">tt0104815</a>","<a href=""https://www.imdb.com/title/tt0104815"" target=""_blank"">El Mariachi</a>"
tt0096487,Young Guns,1988,3528,6.8,74985,107,Christopher Cain,John Fusco,"Action, Drama, Western","<a href=""https://www.imdb.com/title/tt0096487"" target=""_blank"">tt0096487</a>","<a href=""https://www.imdb.com/title/tt0096487"" target=""_blank"">Young Guns</a>"
tt1226753,The Debt,2010,3529,6.8,74749,113,John Madden,"Matthew Vaughn, Jane Goldman, Peter Straughan, Assaf Bernstein, Ido Rosenblum","Drama, Thriller","<a href=""https://www.imdb.com/title/tt1226753"" target=""_blank"">tt1226753</a>","<a href=""https://www.imdb.com/title/tt1226753"" target=""_blank"">The Debt</a>"
tt2223990,Draft Day,2014,3530,6.8,74102,110,Ivan Reitman,"Scott Rothman, Rajiv Joseph","Drama, Sport","<a href=""https://www.imdb.com/title/tt2223990"" target=""_blank"">tt2223990</a>","<a href=""https://www.imdb.com/title/tt2223990"" target=""_blank"">Draft Day</a>"
tt4624424,Storks,2016,3531,6.8,73606,87,"Nicholas Stoller, Doug Sweetland",Nicholas Stoller,"Adventure, Animation, Comedy","<a href=""https://www.imdb.com/title/tt4624424"" target=""_blank"">tt4624424</a>","<a href=""https://www.imdb.com/title/tt4624424"" target=""_blank"">Storks</a>"
tt2083383,Trouble with the Curve,2012,3532,6.8,72918,111,Robert Lorenz,Randy Brown,"Drama, Romance, Sport","<a href=""https://www.imdb.com/title/tt2083383"" target=""_blank"">tt2083383</a>","<a href=""https://www.imdb.com/title/tt2083383"" target=""_blank"">Trouble with the Curve</a>"
tt0280609,Dog Soldiers,2002,3533,6.8,71898,105,Neil Marshall,Neil Marshall,"Action, Horror, Thriller","<a href=""https://www.imdb.com/title/tt0280609"" target=""_blank"">tt0280609</a>","<a href=""https://www.imdb.com/title/tt0280609"" target=""_blank"">Dog Soldiers</a>"
tt0116409,The Ghost and the Darkness,1996,3534,6.8,71529,110,Stephen Hopkins,William Goldman,"Adventure, Drama, Thriller","<a href=""https://www.imdb.com/title/tt0116409"" target=""_blank"">tt0116409</a>","<a href=""https://www.imdb.com/title/tt0116409"" target=""_blank"">The Ghost and the Darkness</a>"
tt0433387,Harsh Times,2005,3535,6.8,71269,116,David Ayer,David Ayer,"Action, Crime, Drama","<a href=""https://www.imdb.com/title/tt0433387"" target=""_blank"">tt0433387</a>","<a href=""https://www.imdb.com/title/tt0433387"" target=""_blank"">Harsh Times</a>"
tt3168230,Mr. Holmes,2015,3536,6.8,70624,104,Bill Condon,"Mitch Cullin, Jeffrey Hatcher, Arthur Conan Doyle","Crime, Drama, Family","<a href=""https://www.imdb.com/title/tt3168230"" target=""_blank"">tt3168230</a>","<a href=""https://www.imdb.com/title/tt3168230"" target=""_blank"">Mr. Holmes</a>"
tt0460829,Inland Empire,2006,3537,6.8,70095,180,David Lynch,David Lynch,"Drama, Fantasy, Mystery","<a href=""https://www.imdb.com/title/tt0460829"" target=""_blank"">tt0460829</a>","<a href=""https://www.imdb.com/title/tt0460829"" target=""_blank"">Inland Empire</a>"
tt0443465,Before We Go,2014,3538,6.8,69724,95,Chris Evans,"Ron Bass, Jen Smolka, Chris Shafer, Paul Vicknair","Comedy, Drama, Romance","<a href=""https://www.imdb.com/title/tt0443465"" target=""_blank"">tt0443465</a>","<a href=""https://www.imdb.com/title/tt0443465"" target=""_blank"">Before We Go</a>"
tt1441952,Salmon Fishing in the Yemen,2011,3539,6.8,69345,107,Lasse Hallström,"Simon Beaufoy, Paul Torday","Comedy, Drama, Romance","<a href=""https://www.imdb.com/title/tt1441952"" target=""_blank"">tt1441952</a>","<a href=""https://www.imdb.com/title/tt1441952"" target=""_blank"">Salmon Fishing in the Yemen</a>"
tt0096463,Working Girl,1988,3540,6.8,68816,113,Mike Nichols,Kevin Wade,"Comedy, Drama, Romance","<a href=""https://www.imdb.com/title/tt0096463"" target=""_blank"">tt0096463</a>","<a href=""https://www.imdb.com/title/tt0096463"" target=""_blank"">Working Girl</a>"
tt0101587,City Slickers,1991,3541,6.8,68151,113,Ron Underwood,"Lowell Ganz, Babaloo Mandel","Comedy, Western","<a href=""https://www.imdb.com/title/tt0101587"" target=""_blank"">tt0101587</a>","<a href=""https://www.imdb.com/title/tt0101587"" target=""_blank"">City Slickers</a>"
tt1704573,Bernie,2011,3542,6.8,67760,104,Richard Linklater,"Skip Hollandsworth, Richard Linklater","Biography, Comedy, Crime","<a href=""https://www.imdb.com/title/tt1704573"" target=""_blank"">tt1704573</a>","<a href=""https://www.imdb.com/title/tt1704573"" target=""_blank"">Bernie</a>"
tt0385887,Motherless Brooklyn,2019,3543,6.8,66897,144,Edward Norton,"Edward Norton, Jonathan Lethem","Crime, Drama, Mystery","<a href=""https://www.imdb.com/title/tt0385887"" target=""_blank"">tt0385887</a>","<a href=""https://www.imdb.com/title/tt0385887"" target=""_blank"">Motherless Brooklyn</a>"
tt0074812,Logan's Run,1976,3544,6.8,66582,119,Michael Anderson,"David Zelag Goodman, William F. Nolan, George Clayton Johnson","Action, Adventure, Sci-Fi","<a href=""https://www.imdb.com/title/tt0074812"" target=""_blank"">tt0074812</a>","<a href=""https://www.imdb.com/title/tt0074812"" target=""_blank"">Logan's Run</a>"
tt0328589,Under the Tuscan Sun,2003,3545,6.8,66124,113,Audrey Wells,"Frances Mayes, Audrey Wells","Comedy, Drama, Romance","<a href=""https://www.imdb.com/title/tt0328589"" target=""_blank"">tt0328589</a>","<a href=""https://www.imdb.com/title/tt0328589"" target=""_blank"">Under the Tuscan Sun</a>"
tt0787474,The Boxtrolls,2014,3546,6.8,65816,96,"Graham Annable, Anthony Stacchi","Irena Brignull, Adam Pava, Anthony Stacchi, Phil Dale, Alan Snow, Vera Brosgol","Adventure, Animation, Comedy","<a href=""https://www.imdb.com/title/tt0787474"" target=""_blank"">tt0787474</a>","<a href=""https://www.imdb.com/title/tt0787474"" target=""_blank"">The Boxtrolls</a>"
tt1772264,Stonehearst Asylum,2014,3547,6.8,65575,112,Brad Anderson,"Joe Gangemi, Edgar Allan Poe","Drama, Horror, Mystery","<a href=""https://www.imdb.com/title/tt1772264"" target=""_blank"">tt1772264</a>","<a href=""https://www.imdb.com/title/tt1772264"" target=""_blank"">Stonehearst Asylum</a>"
tt0165982,Sinbad: Legend of the Seven Seas,2003,3548,6.8,65196,86,"Patrick Gilmore, Tim Johnson",John Logan,"Adventure, Animation, Comedy","<a href=""https://www.imdb.com/title/tt0165982"" target=""_blank"">tt0165982</a>","<a href=""https://www.imdb.com/title/tt0165982"" target=""_blank"">Sinbad: Legend of the Seven Seas</a>"
tt26625693,The Order,2024,3549,6.8,65168,116,Justin Kurzel,"Zach Baylin, Kevin Flynn, Gary Gerhardt","Crime, Drama, Thriller","<a href=""https://www.imdb.com/title/tt26625693"" target=""_blank"">tt26625693</a>","<a href=""https://www.imdb.com/title/tt26625693"" target=""_blank"">The Order</a>"
tt13957560,Dumb Money,2023,3550,6.8,64576,105,Craig Gillespie,"Lauren Schuker Blum, Rebecca Angelo, Ben Mezrich","Biography, Comedy, Drama","<a href=""https://www.imdb.com/title/tt13957560"" target=""_blank"">tt13957560</a>","<a href=""https://www.imdb.com/title/tt13957560"" target=""_blank"">Dumb Money</a>"
tt6820256,Arctic,2018,3551,6.8,64245,98,Joe Penna,"Joe Penna, Ryan Morrison","Adventure, Drama","<a href=""https://www.imdb.com/title/tt6820256"" target=""_blank"">tt6820256</a>","<a href=""https://www.imdb.com/title/tt6820256"" target=""_blank"">Arctic</a>"
tt5814534,Spies in Disguise,2019,3552,6.8,63999,102,"Nick Bruno, Troy Quane","Brad Copeland, Lloyd Taylor, Cindy Davis, Lucas Martell","Action, Adventure, Animation","<a href=""https://www.imdb.com/title/tt5814534"" target=""_blank"">tt5814534</a>","<a href=""https://www.imdb.com/title/tt5814534"" target=""_blank"">Spies in Disguise</a>"
tt0368794,I'm Not There,2007,3553,6.8,63825,135,Todd Haynes,"Todd Haynes, Oren Moverman","Biography, Drama, Music","<a href=""https://www.imdb.com/title/tt0368794"" target=""_blank"">tt0368794</a>","<a href=""https://www.imdb.com/title/tt0368794"" target=""_blank"">I'm Not There</a>"
tt0115641,Beavis and Butt-Head Do America,1996,3554,6.8,63381,81,"Geoffrey Johnson, Mike de Seve, Yvette Kaplan, Brian Mulroney, Mike Judge","Mike Judge, Joe Stillman, Brian Mulroney","Adventure, Animation, Comedy","<a href=""https://www.imdb.com/title/tt0115641"" target=""_blank"">tt0115641</a>","<a href=""https://www.imdb.com/title/tt0115641"" target=""_blank"">Beavis and Butt-Head Do America</a>"
tt0070849,Last Tango in Paris,1972,3555,6.8,63321,129,Bernardo Bertolucci,"Bernardo Bertolucci, Franco Arcalli, Agnès Varda","Drama, Romance","<a href=""https://www.imdb.com/title/tt0070849"" target=""_blank"">tt0070849</a>","<a href=""https://www.imdb.com/title/tt0070849"" target=""_blank"">Last Tango in Paris</a>"
tt1767354,Odd Thomas,2013,3556,6.8,63046,97,Stephen Sommers,"Stephen Sommers, Dean R. Koontz","Comedy, Fantasy, Horror","<a href=""https://www.imdb.com/title/tt1767354"" target=""_blank"">tt1767354</a>","<a href=""https://www.imdb.com/title/tt1767354"" target=""_blank"">Odd Thomas</a>"
tt4136084,Florence Foster Jenkins,2016,3557,6.8,62743,111,Stephen Frears,"Nicholas Martin, Julia Kogan","Biography, Comedy, Drama","<a href=""https://www.imdb.com/title/tt4136084"" target=""_blank"">tt4136084</a>","<a href=""https://www.imdb.com/title/tt4136084"" target=""_blank"">Florence Foster Jenkins</a>"
tt0095174,Frantic,1988,3558,6.8,62282,120,Roman Polanski,"Roman Polanski, Gérard Brach, Robert Towne, Jeff Gross","Crime, Drama, Mystery","<a href=""https://www.imdb.com/title/tt0095174"" target=""_blank"">tt0095174</a>","<a href=""https://www.imdb.com/title/tt0095174"" target=""_blank"">Frantic</a>"
tt6772802,Hillbilly Elegy,2020,3559,6.7,62068,116,Ron Howard,"JD Vance, Vanessa Taylor","Biography, Drama","<a href=""https://www.imdb.com/title/tt6772802"" target=""_blank"">tt6772802</a>","<a href=""https://www.imdb.com/title/tt6772802"" target=""_blank"">Hillbilly Elegy</a>"
tt0123964,Life,1999,3560,6.8,61871,108,Ted Demme,"Robert Ramsey, Matthew Stone","Comedy, Crime, Drama","<a href=""https://www.imdb.com/title/tt0123964"" target=""_blank"">tt0123964</a>","<a href=""https://www.imdb.com/title/tt0123964"" target=""_blank"">Life</a>"
tt0086837,2010: The Year We Make Contact,1984,3561,6.7,61737,116,Peter Hyams,"Arthur C. Clarke, Peter Hyams","Adventure, Mystery, Sci-Fi","<a href=""https://www.imdb.com/title/tt0086837"" target=""_blank"">tt0086837</a>","<a href=""https://www.imdb.com/title/tt0086837"" target=""_blank"">2010: The Year We Make Contact</a>"
tt0114681,To Die For,1995,3562,6.8,61376,106,Gus Van Sant,"Joyce Maynard, Buck Henry","Comedy, Crime, Drama","<a href=""https://www.imdb.com/title/tt0114681"" target=""_blank"">tt0114681</a>","<a href=""https://www.imdb.com/title/tt0114681"" target=""_blank"">To Die For</a>"
tt0119223,Great Expectations,1998,3563,6.8,61036,111,Alfonso Cuarón,"Charles Dickens, Mitch Glazer","Drama, Romance","<a href=""https://www.imdb.com/title/tt0119223"" target=""_blank"">tt0119223</a>","<a href=""https://www.imdb.com/title/tt0119223"" target=""_blank"">Great Expectations</a>"
tt15552142,Caddo Lake,2024,3564,6.8,60499,103,"Logan George, Celine Held","Celine Held, Logan George","Drama, Mystery, Sci-Fi","<a href=""https://www.imdb.com/title/tt15552142"" target=""_blank"">tt15552142</a>","<a href=""https://www.imdb.com/title/tt15552142"" target=""_blank"">Caddo Lake</a>"
tt0100944,The Witches,1990,3565,6.8,60183,91,Nicolas Roeg,"Roald Dahl, Allan Scott","Adventure, Comedy, Family","<a href=""https://www.imdb.com/title/tt0100944"" target=""_blank"">tt0100944</a>","<a href=""https://www.imdb.com/title/tt0100944"" target=""_blank"">The Witches</a>"
tt5541240,To the Bone,2017,3566,6.7,60176,107,Marti Noxon,Marti Noxon,Drama,"<a href=""https://www.imdb.com/title/tt5541240"" target=""_blank"">tt5541240</a>","<a href=""https://www.imdb.com/title/tt5541240"" target=""_blank"">To the Bone</a>"
tt0111756,Wyatt Earp,1994,3567,6.7,60170,191,Lawrence Kasdan,"Dan Gordon, Lawrence Kasdan","Adventure, Biography, Drama","<a href=""https://www.imdb.com/title/tt0111756"" target=""_blank"">tt0111756</a>","<a href=""https://www.imdb.com/title/tt0111756"" target=""_blank"">Wyatt Earp</a>"
tt0804522,Rendition,2007,3568,6.8,60144,122,Gavin Hood,Kelley Sane,"Drama, Thriller","<a href=""https://www.imdb.com/title/tt0804522"" target=""_blank"">tt0804522</a>","<a href=""https://www.imdb.com/title/tt0804522"" target=""_blank"">Rendition</a>"
tt17527468,Bottoms,2023,3569,6.7,60036,91,Emma Seligman,"Emma Seligman, Rachel Sennott",Comedy,"<a href=""https://www.imdb.com/title/tt17527468"" target=""_blank"">tt17527468</a>","<a href=""https://www.imdb.com/title/tt17527468"" target=""_blank"">Bottoms</a>"
tt3064298,Man Up,2015,3570,6.8,59880,88,Ben Palmer,Tess Morris,"Comedy, Drama, Romance","<a href=""https://www.imdb.com/title/tt3064298"" target=""_blank"">tt3064298</a>","<a href=""https://www.imdb.com/title/tt3064298"" target=""_blank"">Man Up</a>"
tt0082517,History of the World: Part I,1981,3571,6.8,59674,92,Mel Brooks,Mel Brooks,"Comedy, History, Musical","<a href=""https://www.imdb.com/title/tt0082517"" target=""_blank"">tt0082517</a>","<a href=""https://www.imdb.com/title/tt0082517"" target=""_blank"">History of the World: Part I</a>"
tt1441326,Martha Marcy May Marlene,2011,3572,6.8,59070,102,Sean Durkin,Sean Durkin,"Drama, Mystery, Thriller","<a href=""https://www.imdb.com/title/tt1441326"" target=""_blank"">tt1441326</a>","<a href=""https://www.imdb.com/title/tt1441326"" target=""_blank"">Martha Marcy May Marlene</a>"
tt7549996,Judy,2019,3573,6.8,59031,118,Rupert Goold,"Tom Edge, Peter Quilter","Biography, Drama, Music","<a href=""https://www.imdb.com/title/tt7549996"" target=""_blank"">tt7549996</a>","<a href=""https://www.imdb.com/title/tt7549996"" target=""_blank"">Judy</a>"
tt2170299,Bad Words,2013,3574,6.7,58655,89,Jason Bateman,Andrew Dodge,"Comedy, Drama","<a href=""https://www.imdb.com/title/tt2170299"" target=""_blank"">tt2170299</a>","<a href=""https://www.imdb.com/title/tt2170299"" target=""_blank"">Bad Words</a>"
tt0210070,Ginger Snaps,2000,3575,6.8,58551,108,John Fawcett,"Karen Walton, John Fawcett","Drama, Fantasy, Horror","<a href=""https://www.imdb.com/title/tt0210070"" target=""_blank"">tt0210070</a>","<a href=""https://www.imdb.com/title/tt0210070"" target=""_blank"">Ginger Snaps</a>"
tt0083767,Creepshow,1982,3576,6.8,58486,120,George A. Romero,Stephen King,"Comedy, Fantasy, Horror","<a href=""https://www.imdb.com/title/tt0083767"" target=""_blank"">tt0083767</a>","<a href=""https://www.imdb.com/title/tt0083767"" target=""_blank"">Creepshow</a>"
tt0120399,U Turn,1997,3577,6.7,58130,125,Oliver Stone,John Ridley,"Crime, Drama, Thriller","<a href=""https://www.imdb.com/title/tt0120399"" target=""_blank"">tt0120399</a>","<a href=""https://www.imdb.com/title/tt0120399"" target=""_blank"">U Turn</a>"
tt21103218,The Lost Bus,2025,3578,6.8,57959,130,Paul Greengrass,"Brad Ingelsby, Paul Greengrass, Lizzie Johnson","Biography, Drama, History","<a href=""https://www.imdb.com/title/tt21103218"" target=""_blank"">tt21103218</a>","<a href=""https://www.imdb.com/title/tt21103218"" target=""_blank"">The Lost Bus</a>"
tt8544498,The Way Back,2020,3579,6.7,57539,108,Gavin O'Connor,Brad Ingelsby,"Drama, Sport","<a href=""https://www.imdb.com/title/tt8544498"" target=""_blank"">tt8544498</a>","<a href=""https://www.imdb.com/title/tt8544498"" target=""_blank"">The Way Back</a>"
tt1024943,Om Shanti Om,2007,3580,6.8,57366,162,Farah Khan,"Farah Khan, Mushtaq Shiekh, Mayur Puri","Action, Comedy, Drama","<a href=""https://www.imdb.com/title/tt1024943"" target=""_blank"">tt1024943</a>","<a href=""https://www.imdb.com/title/tt1024943"" target=""_blank"">Om Shanti Om</a>"
tt2771372,Veronica Mars,2014,3581,6.7,57338,107,Rob Thomas,"Rob Thomas, Diane Ruggiero-Wright","Crime, Drama, Mystery","<a href=""https://www.imdb.com/title/tt2771372"" target=""_blank"">tt2771372</a>","<a href=""https://www.imdb.com/title/tt2771372"" target=""_blank"">Veronica Mars</a>"
tt0104389,The Hand That Rocks the Cradle,1992,3582,6.7,57099,110,Curtis Hanson,Amanda Silver,"Drama, Thriller","<a href=""https://www.imdb.com/title/tt0104389"" target=""_blank"">tt0104389</a>","<a href=""https://www.imdb.com/title/tt0104389"" target=""_blank"">The Hand That Rocks the Cradle</a>"
tt0821642,The Soloist,2009,3583,6.7,57031,117,Joe Wright,"Susannah Grant, Steve Lopez","Biography, Drama, Music","<a href=""https://www.imdb.com/title/tt0821642"" target=""_blank"">tt0821642</a>","<a href=""https://www.imdb.com/title/tt0821642"" target=""_blank"">The Soloist</a>"
tt0375154,Tristan + Isolde,2006,3584,6.8,56553,125,Kevin Reynolds,Dean Georgaris,"Action, Drama, Romance","<a href=""https://www.imdb.com/title/tt0375154"" target=""_blank"">tt0375154</a>","<a href=""https://www.imdb.com/title/tt0375154"" target=""_blank"">Tristan + Isolde</a>"
tt11466222,Jackass Forever,2022,3585,6.8,56368,96,Jeff Tremaine,"Jason 'Wee Man' Acuña, Derrick Beckles, J.P. Blackmon, Sean Cliver, Dimitry Elyashkevich, Dave England, Zach Holmes, Rick Kosick, Nick Kreiss, Preston Lacy, Knate Lee, Eric Manaka, Bam Margera, Ehren McGhehey, Sean McInerney, Chris Pontius, Sarah Sherman, Steve-O, Trip Taylor, Jeff Tremaine, Andrew Weinberg, Davon Wilson, Rachel Wolfson","Comedy, Documentary","<a href=""https://www.imdb.com/title/tt11466222"" target=""_blank"">tt11466222</a>","<a href=""https://www.imdb.com/title/tt11466222"" target=""_blank"">Jackass Forever</a>"
tt0112883,Don Juan DeMarco,1994,3586,6.7,55657,97,Jeremy Leven,"Lord Byron, Jeremy Leven","Comedy, Drama, Romance","<a href=""https://www.imdb.com/title/tt0112883"" target=""_blank"">tt0112883</a>","<a href=""https://www.imdb.com/title/tt0112883"" target=""_blank"">Don Juan DeMarco</a>"
tt5563334,The Good Liar,2019,3587,6.7,54947,109,Bill Condon,"Nicholas Searle, Jeffrey Hatcher","Crime, Drama, Mystery","<a href=""https://www.imdb.com/title/tt5563334"" target=""_blank"">tt5563334</a>","<a href=""https://www.imdb.com/title/tt5563334"" target=""_blank"">The Good Liar</a>"
tt1430626,The Pirates! Band of Misfits,2012,3588,6.7,54891,88,"Peter Lord, Jeff Newitt","Gideon Defoe, Kevin Cecil, Andy Riley","Action, Adventure, Animation","<a href=""https://www.imdb.com/title/tt1430626"" target=""_blank"">tt1430626</a>","<a href=""https://www.imdb.com/title/tt1430626"" target=""_blank"">The Pirates! Band of Misfits</a>"
tt0844286,The Brothers Bloom,2008,3589,6.7,54363,114,Rian Johnson,Rian Johnson,"Action, Adventure, Comedy","<a href=""https://www.imdb.com/title/tt0844286"" target=""_blank"">tt0844286</a>","<a href=""https://www.imdb.com/title/tt0844286"" target=""_blank"">The Brothers Bloom</a>"
tt1869716,The East,2013,3590,6.8,54355,116,Zal Batmanglij,"Zal Batmanglij, Brit Marling","Adventure, Crime, Drama","<a href=""https://www.imdb.com/title/tt1869716"" target=""_blank"">tt1869716</a>","<a href=""https://www.imdb.com/title/tt1869716"" target=""_blank"">The East</a>"
tt3495026,Fan,2016,3591,6.8,54164,142,Maneesh Sharma,"Maneesh Sharma, Habib Faisal, Sharat Katariya","Action, Drama, Thriller","<a href=""https://www.imdb.com/title/tt3495026"" target=""_blank"">tt3495026</a>","<a href=""https://www.imdb.com/title/tt3495026"" target=""_blank"">Fan</a>"
tt2382396,Joe,2013,3592,6.8,53929,117,David Gordon Green,"Gary Hawkins, Larry Brown","Crime, Drama, Thriller","<a href=""https://www.imdb.com/title/tt2382396"" target=""_blank"">tt2382396</a>","<a href=""https://www.imdb.com/title/tt2382396"" target=""_blank"">Joe</a>"
tt0074483,The Enforcer,1976,3593,6.7,53722,96,James Fargo,"Harry Julian Fink, Rita M. Fink, Stirling Silliphant, Dean Riesner, Gail Morgan Hickman, S.W. Schurr","Action, Crime, Thriller","<a href=""https://www.imdb.com/title/tt0074483"" target=""_blank"">tt0074483</a>","<a href=""https://www.imdb.com/title/tt0074483"" target=""_blank"">The Enforcer</a>"
tt0977855,Fair Game,2010,3594,6.8,53143,108,Doug Liman,"Jez Butterworth, John-Henry Butterworth, Joseph Wilson, Valerie Plame Wilson","Biography, Drama, Thriller","<a href=""https://www.imdb.com/title/tt0977855"" target=""_blank"">tt0977855</a>","<a href=""https://www.imdb.com/title/tt0977855"" target=""_blank"">Fair Game</a>"
tt2837574,The Old Man & the Gun,2018,3595,6.7,53105,93,David Lowery,"David Lowery, David Grann","Biography, Comedy, Crime","<a href=""https://www.imdb.com/title/tt2837574"" target=""_blank"">tt2837574</a>","<a href=""https://www.imdb.com/title/tt2837574"" target=""_blank"">The Old Man & the Gun</a>"
tt0091187,Heartbreak Ridge,1986,3596,6.8,53060,130,Clint Eastwood,"James Carabatsos, Dennis Hackin, Joseph Stinson","Drama, War","<a href=""https://www.imdb.com/title/tt0091187"" target=""_blank"">tt0091187</a>","<a href=""https://www.imdb.com/title/tt0091187"" target=""_blank"">Heartbreak Ridge</a>"
tt0119807,Nothing to Lose,1997,3597,6.7,53023,98,Steve Oedekerk,Steve Oedekerk,"Action, Adventure, Comedy","<a href=""https://www.imdb.com/title/tt0119807"" target=""_blank"">tt0119807</a>","<a href=""https://www.imdb.com/title/tt0119807"" target=""_blank"">Nothing to Lose</a>"
tt0364385,Ju-on: The Grudge,2002,3598,6.7,53019,92,Takashi Shimizu,Takashi Shimizu,Horror,"<a href=""https://www.imdb.com/title/tt0364385"" target=""_blank"">tt0364385</a>","<a href=""https://www.imdb.com/title/tt0364385"" target=""_blank"">Ju-on: The Grudge</a>"
tt5774450,Summer of 84,2018,3599,6.7,52341,105,"François Simard, Anouk Whissell, Yoann-Karl Whissell","Matt Leslie, Stephen J. Smith","Crime, Drama, Horror","<a href=""https://www.imdb.com/title/tt5774450"" target=""_blank"">tt5774450</a>","<a href=""https://www.imdb.com/title/tt5774450"" target=""_blank"">Summer of 84</a>"
tt3361792,Tolkien,2019,3600,6.8,52051,112,Dome Karukoski,"David Gleeson, Stephen Beresford","Biography, Drama, Romance","<a href=""https://www.imdb.com/title/tt3361792"" target=""_blank"">tt3361792</a>","<a href=""https://www.imdb.com/title/tt3361792"" target=""_blank"">Tolkien</a>"
tt0100477,The Rescuers Down Under,1990,3601,6.8,51950,77,"Hendel Butoy, Mike Gabriel","Jim Cox, Karey Kirkpatrick, Byron Simpson, Joe Ranft, Margery Sharp","Adventure, Animation, Comedy","<a href=""https://www.imdb.com/title/tt0100477"" target=""_blank"">tt0100477</a>","<a href=""https://www.imdb.com/title/tt0100477"" target=""_blank"">The Rescuers Down Under</a>"
tt0324133,Swimming Pool,2003,3602,6.7,51950,102,François Ozon,"François Ozon, Emmanuèle Bernheim, Sionann O'Neill","Crime, Drama, Mystery","<a href=""https://www.imdb.com/title/tt0324133"" target=""_blank"">tt0324133</a>","<a href=""https://www.imdb.com/title/tt0324133"" target=""_blank"">Swimming Pool</a>"
tt5886440,Marrowbone,2017,3603,6.7,51906,110,Sergio G. Sánchez,Sergio G. Sánchez,"Drama, Horror, Mystery","<a href=""https://www.imdb.com/title/tt5886440"" target=""_blank"">tt5886440</a>","<a href=""https://www.imdb.com/title/tt5886440"" target=""_blank"">Marrowbone</a>"
tt0332375,Saved!,2004,3604,6.7,51631,92,Brian Dannelly,"Brian Dannelly, Michael Urban","Comedy, Drama","<a href=""https://www.imdb.com/title/tt0332375"" target=""_blank"">tt0332375</a>","<a href=""https://www.imdb.com/title/tt0332375"" target=""_blank"">Saved!</a>"
tt1172991,The Company Men,2010,3605,6.7,51480,104,John Wells,John Wells,Drama,"<a href=""https://www.imdb.com/title/tt1172991"" target=""_blank"">tt1172991</a>","<a href=""https://www.imdb.com/title/tt1172991"" target=""_blank"">The Company Men</a>"
tt0110527,Miracle on 34th Street,1994,3606,6.7,51452,114,Les Mayfield,"Valentine Davies, George Seaton, John Hughes","Drama, Family, Fantasy","<a href=""https://www.imdb.com/title/tt0110527"" target=""_blank"">tt0110527</a>","<a href=""https://www.imdb.com/title/tt0110527"" target=""_blank"">Miracle on 34th Street</a>"
tt6803046,The Vast of Night,2019,3607,6.7,51357,91,Andrew Patterson,"Andrew Patterson, Craig W. Sanger","Drama, Mystery, Sci-Fi","<a href=""https://www.imdb.com/title/tt6803046"" target=""_blank"">tt6803046</a>","<a href=""https://www.imdb.com/title/tt6803046"" target=""_blank"">The Vast of Night</a>"
tt5797184,Escape from Pretoria,2020,3608,6.8,51077,106,Francis Annan,"Francis Annan, L.H. Adams, Tim Jenkin, Karol Griffiths","Action, Biography, Crime","<a href=""https://www.imdb.com/title/tt5797184"" target=""_blank"">tt5797184</a>","<a href=""https://www.imdb.com/title/tt5797184"" target=""_blank"">Escape from Pretoria</a>"
tt17076046,Weird: The Al Yankovic Story,2022,3609,6.8,50477,108,Eric Appel,"'Weird Al' Yankovic, Eric Appel","Action, Biography, Comedy","<a href=""https://www.imdb.com/title/tt17076046"" target=""_blank"">tt17076046</a>","<a href=""https://www.imdb.com/title/tt17076046"" target=""_blank"">Weird: The Al Yankovic Story</a>"
tt0087597,The Last Starfighter,1984,3610,6.7,50466,100,Nick Castle,Jonathan R. Betuel,"Action, Adventure, Sci-Fi","<a href=""https://www.imdb.com/title/tt0087597"" target=""_blank"">tt0087597</a>","<a href=""https://www.imdb.com/title/tt0087597"" target=""_blank"">The Last Starfighter</a>"
tt0113326,Rumble in the Bronx,1995,3611,6.8,50429,106,Stanley Tong,"Edward Tang, Fibe Ma","Action, Comedy, Crime","<a href=""https://www.imdb.com/title/tt0113326"" target=""_blank"">tt0113326</a>","<a href=""https://www.imdb.com/title/tt0113326"" target=""_blank"">Rumble in the Bronx</a>"
tt0096787,All Dogs Go to Heaven,1989,3612,6.8,50269,84,"Don Bluth, Gary Goldman, Dan Kuenster","David N. Weiss, Don Bluth, Ken Cromar, Gary Goldman, Larry Leker, Linda Miller, Monica Parker, John Pomeroy, Guy Shulman, David J. Steinberg","Adventure, Animation, Comedy","<a href=""https://www.imdb.com/title/tt0096787"" target=""_blank"">tt0096787</a>","<a href=""https://www.imdb.com/title/tt0096787"" target=""_blank"">All Dogs Go to Heaven</a>"
tt0094761,The Blob,1988,3613,6.7,50141,95,Chuck Russell,"Theodore Simonson, Kay Linaker, Irvine H. Millgate, Chuck Russell, Frank Darabont","Horror, Sci-Fi, Thriller","<a href=""https://www.imdb.com/title/tt0094761"" target=""_blank"">tt0094761</a>","<a href=""https://www.imdb.com/title/tt0094761"" target=""_blank"">The Blob</a>"
tt0100258,Night of the Living Dead,1990,3614,6.8,49810,92,Tom Savini,"John A. Russo, George A. Romero",Horror,"<a href=""https://www.imdb.com/title/tt0100258"" target=""_blank"">tt0100258</a>","<a href=""https://www.imdb.com/title/tt0100258"" target=""_blank"">Night of the Living Dead</a>"
tt28309594,Nonnas,2025,3615,6.8,49651,111,Stephen Chbosky,"Liz Maccie, Jody Scaravella","Comedy, Drama, Family","<a href=""https://www.imdb.com/title/tt28309594"" target=""_blank"">tt28309594</a>","<a href=""https://www.imdb.com/title/tt28309594"" target=""_blank"">Nonnas</a>"
tt0098273,Sea of Love,1989,3616,6.8,49316,113,Harold Becker,Richard Price,"Crime, Drama, Mystery","<a href=""https://www.imdb.com/title/tt0098273"" target=""_blank"">tt0098273</a>","<a href=""https://www.imdb.com/title/tt0098273"" target=""_blank"">Sea of Love</a>"
tt0097162,Dead Calm,1989,3617,6.8,49290,96,Phillip Noyce,"Terry Hayes, Charles Williams","Horror, Thriller","<a href=""https://www.imdb.com/title/tt0097162"" target=""_blank"">tt0097162</a>","<a href=""https://www.imdb.com/title/tt0097162"" target=""_blank"">Dead Calm</a>"
tt9873892,They Cloned Tyrone,2023,3618,6.7,49215,122,Juel Taylor,"Tony Rettenmaier, Juel Taylor","Comedy, Mystery, Sci-Fi","<a href=""https://www.imdb.com/title/tt9873892"" target=""_blank"">tt9873892</a>","<a href=""https://www.imdb.com/title/tt9873892"" target=""_blank"">They Cloned Tyrone</a>"
tt0856288,Inside,2007,3619,6.7,49213,82,"Alexandre Bustillo, Julien Maury","Julien Maury, Alexandre Bustillo",Horror,"<a href=""https://www.imdb.com/title/tt0856288"" target=""_blank"">tt0856288</a>","<a href=""https://www.imdb.com/title/tt0856288"" target=""_blank"">Inside</a>"
tt0420293,The Stanford Prison Experiment,2015,3620,6.8,48478,122,Kyle Patrick Alvarez,"Tim Talbott, Philip Zimbardo","Biography, Drama, History","<a href=""https://www.imdb.com/title/tt0420293"" target=""_blank"">tt0420293</a>","<a href=""https://www.imdb.com/title/tt0420293"" target=""_blank"">The Stanford Prison Experiment</a>"
tt0472198,Notorious,2009,3621,6.7,48362,122,George Tillman Jr.,"Reggie Rock Bythewood, Cheo Hodari Coker","Biography, Crime, Drama","<a href=""https://www.imdb.com/title/tt0472198"" target=""_blank"">tt0472198</a>","<a href=""https://www.imdb.com/title/tt0472198"" target=""_blank"">Notorious</a>"
tt0365485,The Matador,2005,3622,6.7,48112,96,Richard Shepard,Richard Shepard,"Comedy, Crime, Thriller","<a href=""https://www.imdb.com/title/tt0365485"" target=""_blank"">tt0365485</a>","<a href=""https://www.imdb.com/title/tt0365485"" target=""_blank"">The Matador</a>"
tt31121295,Deep Cover,2025,3623,6.7,47488,100,Tom Kingsley,"Derek Connolly, Colin Trevorrow, Ben Ashenden, Alexander Owen","Action, Comedy, Crime","<a href=""https://www.imdb.com/title/tt31121295"" target=""_blank"">tt31121295</a>","<a href=""https://www.imdb.com/title/tt31121295"" target=""_blank"">Deep Cover</a>"
tt1571249,The Skeleton Twins,2014,3624,6.8,47201,93,Craig Johnson,"Craig Johnson, Mark Heyman","Comedy, Drama, Romance","<a href=""https://www.imdb.com/title/tt1571249"" target=""_blank"">tt1571249</a>","<a href=""https://www.imdb.com/title/tt1571249"" target=""_blank"">The Skeleton Twins</a>"
tt0119314,The Horse Whisperer,1998,3625,6.7,47117,169,Robert Redford,"Nick Evans, Eric Roth, Richard LaGravenese","Drama, Romance, Western","<a href=""https://www.imdb.com/title/tt0119314"" target=""_blank"">tt0119314</a>","<a href=""https://www.imdb.com/title/tt0119314"" target=""_blank"">The Horse Whisperer</a>"
tt2720680,The Salvation,2014,3626,6.7,46981,92,Kristian Levring,"Anders Thomas Jensen, Kristian Levring","Action, Drama, Thriller","<a href=""https://www.imdb.com/title/tt2720680"" target=""_blank"">tt2720680</a>","<a href=""https://www.imdb.com/title/tt2720680"" target=""_blank"">The Salvation</a>"
tt0092718,Can't Buy Me Love,1987,3627,6.8,46770,94,Steve Rash,Michael Swerdlick,"Comedy, Drama, Romance","<a href=""https://www.imdb.com/title/tt0092718"" target=""_blank"">tt0092718</a>","<a href=""https://www.imdb.com/title/tt0092718"" target=""_blank"">Can't Buy Me Love</a>"
tt28014327,Mayday,2026,3628,6.8,46625,110,"John Francis Daley, Jonathan Goldstein","John Francis Daley, Jonathan Goldstein","Action, Adventure, Comedy","<a href=""https://www.imdb.com/title/tt28014327"" target=""_blank"">tt28014327</a>","<a href=""https://www.imdb.com/title/tt28014327"" target=""_blank"">Mayday</a>"
tt1529572,Trust,2010,3629,6.8,46464,106,David Schwimmer,"Andy Bellin, Robert Festinger","Crime, Drama, Mystery","<a href=""https://www.imdb.com/title/tt1529572"" target=""_blank"">tt1529572</a>","<a href=""https://www.imdb.com/title/tt1529572"" target=""_blank"">Trust</a>"
tt0086984,Body Double,1984,3630,6.8,46295,114,Brian De Palma,"Robert J. Avrech, Brian De Palma","Crime, Drama, Mystery","<a href=""https://www.imdb.com/title/tt0086984"" target=""_blank"">tt0086984</a>","<a href=""https://www.imdb.com/title/tt0086984"" target=""_blank"">Body Double</a>"
tt0087995,Repo Man,1984,3631,6.8,46283,92,Alex Cox,Alex Cox,"Comedy, Crime, Sci-Fi","<a href=""https://www.imdb.com/title/tt0087995"" target=""_blank"">tt0087995</a>","<a href=""https://www.imdb.com/title/tt0087995"" target=""_blank"">Repo Man</a>"
tt0127357,Who Am I?,1998,3632,6.8,46238,108,"Benny Chan, Jackie Chan","Jackie Chan, Susan Chan, Lee Reynolds","Action, Adventure, Comedy","<a href=""https://www.imdb.com/title/tt0127357"" target=""_blank"">tt0127357</a>","<a href=""https://www.imdb.com/title/tt0127357"" target=""_blank"">Who Am I?</a>"
tt0157503,Drop Dead Gorgeous,1999,3633,6.7,45845,97,Michael Patrick Jann,Lona Williams,"Comedy, Thriller","<a href=""https://www.imdb.com/title/tt0157503"" target=""_blank"">tt0157503</a>","<a href=""https://www.imdb.com/title/tt0157503"" target=""_blank"">Drop Dead Gorgeous</a>"
tt8781414,Freaks,2018,3634,6.7,45366,105,"Zach Lipovsky, Adam B. Stein","Zach Lipovsky, Adam B. Stein","Drama, Fantasy, Mystery","<a href=""https://www.imdb.com/title/tt8781414"" target=""_blank"">tt8781414</a>","<a href=""https://www.imdb.com/title/tt8781414"" target=""_blank"">Freaks</a>"
tt0118636,Apt Pupil,1998,3635,6.7,44733,111,Bryan Singer,"Stephen King, Brandon Boyce","Crime, Drama, Thriller","<a href=""https://www.imdb.com/title/tt0118636"" target=""_blank"">tt0118636</a>","<a href=""https://www.imdb.com/title/tt0118636"" target=""_blank"">Apt Pupil</a>"
tt1650043,Diary of a Wimpy Kid: Rodrick Rules,2011,3636,6.7,44645,99,David Bowers,"Gabe Sachs, Jeff Judah, Jeff Kinney","Comedy, Family","<a href=""https://www.imdb.com/title/tt1650043"" target=""_blank"">tt1650043</a>","<a href=""https://www.imdb.com/title/tt1650043"" target=""_blank"">Diary of a Wimpy Kid: Rodrick Rules</a>"
tt0162677,Summer of Sam,1999,3637,6.7,44598,142,Spike Lee,"Spike Lee, Victor Colicchio, Michael Imperioli","Crime, Drama, Romance","<a href=""https://www.imdb.com/title/tt0162677"" target=""_blank"">tt0162677</a>","<a href=""https://www.imdb.com/title/tt0162677"" target=""_blank"">Summer of Sam</a>"
tt0068555,Everything You Always Wanted to Know About Sex * But Were Afraid to Ask,1972,3638,6.7,44296,88,Woody Allen,"David Reuben, Woody Allen",Comedy,"<a href=""https://www.imdb.com/title/tt0068555"" target=""_blank"">tt0068555</a>","<a href=""https://www.imdb.com/title/tt0068555"" target=""_blank"">Everything You Always Wanted to Know About Sex * But Were Afraid to Ask</a>"
tt13510660,Dhamaka,2021,3639,6.7,44165,103,Ram Madhvani,"Ram Madhvani, Puneet Sharma","Action, Crime, Drama","<a href=""https://www.imdb.com/title/tt13510660"" target=""_blank"">tt13510660</a>","<a href=""https://www.imdb.com/title/tt13510660"" target=""_blank"">Dhamaka</a>"
tt0256524,The Curse of the Jade Scorpion,2001,3640,6.7,43246,103,Woody Allen,Woody Allen,"Comedy, Crime, Mystery","<a href=""https://www.imdb.com/title/tt0256524"" target=""_blank"">tt0256524</a>","<a href=""https://www.imdb.com/title/tt0256524"" target=""_blank"">The Curse of the Jade Scorpion</a>"
tt0283003,Spun,2002,3641,6.7,43213,101,Jonas Åkerlund,"Will De Los Santos, Creighton Vero","Comedy, Crime, Drama","<a href=""https://www.imdb.com/title/tt0283003"" target=""_blank"">tt0283003</a>","<a href=""https://www.imdb.com/title/tt0283003"" target=""_blank"">Spun</a>"
tt1235189,Wild Target,2010,3642,6.7,43093,98,Jonathan Lynn,"Lucinda Coxon, Pierre Salvadori","Action, Comedy, Crime","<a href=""https://www.imdb.com/title/tt1235189"" target=""_blank"">tt1235189</a>","<a href=""https://www.imdb.com/title/tt1235189"" target=""_blank"">Wild Target</a>"
tt1703148,The Hunter,2011,3643,6.7,43030,100,Daniel Nettheim,"Alice Addison, Wain Fimeri, Daniel Nettheim, Julia Leigh","Adventure, Drama, Thriller","<a href=""https://www.imdb.com/title/tt1703148"" target=""_blank"">tt1703148</a>","<a href=""https://www.imdb.com/title/tt1703148"" target=""_blank"">The Hunter</a>"
tt0102526,New Jack City,1991,3644,6.7,42929,97,Mario Van Peebles,"Thomas Lee Wright, Barry Michael Cooper","Action, Crime, Drama","<a href=""https://www.imdb.com/title/tt0102526"" target=""_blank"">tt0102526</a>","<a href=""https://www.imdb.com/title/tt0102526"" target=""_blank"">New Jack City</a>"
tt1872818,Liberal Arts,2012,3645,6.7,42389,97,Josh Radnor,Josh Radnor,"Comedy, Drama, Romance","<a href=""https://www.imdb.com/title/tt1872818"" target=""_blank"">tt1872818</a>","<a href=""https://www.imdb.com/title/tt1872818"" target=""_blank"">Liberal Arts</a>"
tt0278731,Spider,2002,3646,6.7,42339,98,David Cronenberg,Patrick McGrath,"Drama, Mystery, Thriller","<a href=""https://www.imdb.com/title/tt0278731"" target=""_blank"">tt0278731</a>","<a href=""https://www.imdb.com/title/tt0278731"" target=""_blank"">Spider</a>"
tt6865690,The Professor,2018,3647,6.7,42245,90,Wayne Roberts,Wayne Roberts,"Comedy, Drama","<a href=""https://www.imdb.com/title/tt6865690"" target=""_blank"">tt6865690</a>","<a href=""https://www.imdb.com/title/tt6865690"" target=""_blank"">The Professor</a>"
tt9340860,Let Him Go,2020,3648,6.7,42075,113,Thomas Bezucha,"Thomas Bezucha, Larry Watson","Crime, Drama, Thriller","<a href=""https://www.imdb.com/title/tt9340860"" target=""_blank"">tt9340860</a>","<a href=""https://www.imdb.com/title/tt9340860"" target=""_blank"">Let Him Go</a>"
tt0100140,Mermaids,1990,3649,6.7,41939,110,Richard Benjamin,"Patty Dann, June Roberts","Comedy, Drama, Romance","<a href=""https://www.imdb.com/title/tt0100140"" target=""_blank"">tt0100140</a>","<a href=""https://www.imdb.com/title/tt0100140"" target=""_blank"">Mermaids</a>"
tt0116242,Everyone Says I Love You,1996,3650,6.7,41548,101,Woody Allen,Woody Allen,"Comedy, Musical, Romance","<a href=""https://www.imdb.com/title/tt0116242"" target=""_blank"">tt0116242</a>","<a href=""https://www.imdb.com/title/tt0116242"" target=""_blank"">Everyone Says I Love You</a>"
tt2752200,Young & Beautiful,2013,3651,6.7,41374,95,François Ozon,François Ozon,"Drama, Romance","<a href=""https://www.imdb.com/title/tt2752200"" target=""_blank"">tt2752200</a>","<a href=""https://www.imdb.com/title/tt2752200"" target=""_blank"">Young & Beautiful</a>"
tt27196021,Small Things Like These,2024,3652,6.7,40755,98,Tim Mielants,"Enda Walsh, Claire Keegan",Drama,"<a href=""https://www.imdb.com/title/tt27196021"" target=""_blank"">tt27196021</a>","<a href=""https://www.imdb.com/title/tt27196021"" target=""_blank"">Small Things Like These</a>"
tt0166485,Anna and the King,1999,3653,6.7,40624,148,Andy Tennant,"Anna Leonowens, Steve Meerson, Peter Krikes","Drama, History, Romance","<a href=""https://www.imdb.com/title/tt0166485"" target=""_blank"">tt0166485</a>","<a href=""https://www.imdb.com/title/tt0166485"" target=""_blank"">Anna and the King</a>"
tt3504048,Housebound,2014,3654,6.7,40325,107,Gerard Johnstone,Gerard Johnstone,"Comedy, Horror, Mystery","<a href=""https://www.imdb.com/title/tt3504048"" target=""_blank"">tt3504048</a>","<a href=""https://www.imdb.com/title/tt3504048"" target=""_blank"">Housebound</a>"
tt0090685,Back to School,1986,3655,6.7,40226,96,Alan Metter,"Steven Kampmann, William Porter, PJ Torokvei, Harold Ramis, Rodney Dangerfield, Greg Fields, Dennis Snee","Comedy, Romance, Sport","<a href=""https://www.imdb.com/title/tt0090685"" target=""_blank"">tt0090685</a>","<a href=""https://www.imdb.com/title/tt0090685"" target=""_blank"">Back to School</a>"
tt31844586,Sisu: Road to Revenge,2025,3656,6.7,40151,89,Jalmari Helander,Jalmari Helander,"Action, Thriller, War","<a href=""https://www.imdb.com/title/tt31844586"" target=""_blank"">tt31844586</a>","<a href=""https://www.imdb.com/title/tt31844586"" target=""_blank"">Sisu: Road to Revenge</a>"
tt12573454,Sharper,2023,3657,6.7,40147,116,Benjamin Caron,"Brian Gatewood, Alessandro Tanaka","Crime, Drama, Thriller","<a href=""https://www.imdb.com/title/tt12573454"" target=""_blank"">tt12573454</a>","<a href=""https://www.imdb.com/title/tt12573454"" target=""_blank"">Sharper</a>"
tt1179031,Cold in July,2014,3658,6.7,40014,109,Jim Mickle,"Nick Damici, Jim Mickle, Joe R. Lansdale","Crime, Thriller","<a href=""https://www.imdb.com/title/tt1179031"" target=""_blank"">tt1179031</a>","<a href=""https://www.imdb.com/title/tt1179031"" target=""_blank"">Cold in July</a>"
tt0114887,A Walk in the Clouds,1995,3659,6.7,39560,102,Alfonso Arau,"Robert Mark Kamen, Mark Miller, Harvey Weitzman, Piero Tellini, Cesare Zavattini, Vittorio de Benedetti","Drama, Romance","<a href=""https://www.imdb.com/title/tt0114887"" target=""_blank"">tt0114887</a>","<a href=""https://www.imdb.com/title/tt0114887"" target=""_blank"">A Walk in the Clouds</a>"
tt1512685,Julia's Eyes,2010,3660,6.7,39533,118,Guillem Morales,"Guillem Morales, Oriol Paulo","Horror, Mystery, Thriller","<a href=""https://www.imdb.com/title/tt1512685"" target=""_blank"">tt1512685</a>","<a href=""https://www.imdb.com/title/tt1512685"" target=""_blank"">Julia's Eyes</a>"
tt27548557,Dhamaal 4,2026,3661,6.7,39236,143,Indra Kumar,"Paritosh Painter, Unknown, Bunty Rathore, Balvinder Singh Suri","Action, Adventure, Comedy","<a href=""https://www.imdb.com/title/tt27548557"" target=""_blank"">tt27548557</a>","<a href=""https://www.imdb.com/title/tt27548557"" target=""_blank"">Dhamaal 4</a>"
tt1440345,This Must Be the Place,2011,3662,6.7,39143,118,Paolo Sorrentino,"Paolo Sorrentino, Umberto Contarello","Adventure, Comedy, Drama","<a href=""https://www.imdb.com/title/tt1440345"" target=""_blank"">tt1440345</a>","<a href=""https://www.imdb.com/title/tt1440345"" target=""_blank"">This Must Be the Place</a>"
tt0198021,Where the Heart Is,2000,3663,6.7,38684,120,Matt Williams,"Lowell Ganz, Babaloo Mandel, Billie Letts","Comedy, Drama, Romance","<a href=""https://www.imdb.com/title/tt0198021"" target=""_blank"">tt0198021</a>","<a href=""https://www.imdb.com/title/tt0198021"" target=""_blank"">Where the Heart Is</a>"
tt0346631,Blood and Bone,2009,3664,6.7,38666,93,Ben Ramsey,Michael Andrews,"Action, Crime, Drama","<a href=""https://www.imdb.com/title/tt0346631"" target=""_blank"">tt0346631</a>","<a href=""https://www.imdb.com/title/tt0346631"" target=""_blank"">Blood and Bone</a>"
tt1303828,Defendor,2009,3665,6.7,38348,101,Peter Stebbings,Peter Stebbings,"Comedy, Crime, Drama","<a href=""https://www.imdb.com/title/tt1303828"" target=""_blank"">tt1303828</a>","<a href=""https://www.imdb.com/title/tt1303828"" target=""_blank"">Defendor</a>"
tt0308379,Dark Water,2002,3666,6.7,37942,101,Hideo Nakata,"Kôji Suzuki, Yoshihiro Nakamura, Ken'ichi Suzuki, Takashige Ichise, Hideo Nakata","Drama, Horror, Mystery","<a href=""https://www.imdb.com/title/tt0308379"" target=""_blank"">tt0308379</a>","<a href=""https://www.imdb.com/title/tt0308379"" target=""_blank"">Dark Water</a>"
tt3108894,The Tender Bar,2021,3667,6.7,37845,106,George Clooney,"William Monahan, J.R. Moehringer","Biography, Drama, Romance","<a href=""https://www.imdb.com/title/tt3108894"" target=""_blank"">tt3108894</a>","<a href=""https://www.imdb.com/title/tt3108894"" target=""_blank"">The Tender Bar</a>"
tt12141112,Metal Lords,2022,3668,6.7,37621,97,Peter Sollett,D.B. Weiss,"Comedy, Music","<a href=""https://www.imdb.com/title/tt12141112"" target=""_blank"">tt12141112</a>","<a href=""https://www.imdb.com/title/tt12141112"" target=""_blank"">Metal Lords</a>"
tt5822536,Paddington in Peru,2024,3669,6.6,37208,106,Dougal Wilson,"Michael Bond, Paul King, Simon Farnaby, Mark Burton, Jon Foster, James Lamont","Adventure, Comedy, Family","<a href=""https://www.imdb.com/title/tt5822536"" target=""_blank"">tt5822536</a>","<a href=""https://www.imdb.com/title/tt5822536"" target=""_blank"">Paddington in Peru</a>"
tt0479537,Seraphim Falls,2006,3670,6.6,37064,115,David Von Ancken,"David Von Ancken, Abby Everett Jaques","Action, Drama, Thriller","<a href=""https://www.imdb.com/title/tt0479537"" target=""_blank"">tt0479537</a>","<a href=""https://www.imdb.com/title/tt0479537"" target=""_blank"">Seraphim Falls</a>"
tt28089700,Raid 2,2025,3671,6.6,37064,145,Raj Kumar Gupta,"Raj Kumar Gupta, Ritesh Shah, Karan Vyas, Jaideep Yadav","Crime, Drama, Thriller","<a href=""https://www.imdb.com/title/tt28089700"" target=""_blank"">tt28089700</a>","<a href=""https://www.imdb.com/title/tt28089700"" target=""_blank"">Raid 2</a>"
tt0104029,Cronos,1992,3672,6.7,37063,94,Guillermo del Toro,Guillermo del Toro,"Drama, Fantasy, Horror","<a href=""https://www.imdb.com/title/tt0104029"" target=""_blank"">tt0104029</a>","<a href=""https://www.imdb.com/title/tt0104029"" target=""_blank"">Cronos</a>"
tt0102768,Regarding Henry,1991,3673,6.7,36628,108,Mike Nichols,J.J. Abrams,"Drama, Romance","<a href=""https://www.imdb.com/title/tt0102768"" target=""_blank"">tt0102768</a>","<a href=""https://www.imdb.com/title/tt0102768"" target=""_blank"">Regarding Henry</a>"
tt0310910,Confidence,2003,3674,6.6,36573,97,James Foley,Doug Jung,"Crime, Thriller","<a href=""https://www.imdb.com/title/tt0310910"" target=""_blank"">tt0310910</a>","<a href=""https://www.imdb.com/title/tt0310910"" target=""_blank"">Confidence</a>"
tt13320662,Slumberland,2022,3675,6.7,36539,117,Francis Lawrence,"David Guion, Michael Handelman","Adventure, Comedy, Drama","<a href=""https://www.imdb.com/title/tt13320662"" target=""_blank"">tt13320662</a>","<a href=""https://www.imdb.com/title/tt13320662"" target=""_blank"">Slumberland</a>"
tt0091083,From Beyond,1986,3676,6.6,36518,85,Stuart Gordon,"H.P. Lovecraft, Brian Yuzna, Dennis Paoli, Stuart Gordon","Horror, Sci-Fi","<a href=""https://www.imdb.com/title/tt0091083"" target=""_blank"">tt0091083</a>","<a href=""https://www.imdb.com/title/tt0091083"" target=""_blank"">From Beyond</a>"
tt0154421,The Idiots,1998,3677,6.7,36430,117,Lars von Trier,Lars von Trier,"Comedy, Drama","<a href=""https://www.imdb.com/title/tt0154421"" target=""_blank"">tt0154421</a>","<a href=""https://www.imdb.com/title/tt0154421"" target=""_blank"">The Idiots</a>"
tt0083284,Victory,1981,3678,6.7,36397,116,John Huston,"Yabo Yablonsky, Djordje Milicevic, Jeff Maguire, Evan Jones","Drama, Sport, War","<a href=""https://www.imdb.com/title/tt0083284"" target=""_blank"">tt0083284</a>","<a href=""https://www.imdb.com/title/tt0083284"" target=""_blank"">Victory</a>"
tt0082869,Outland,1981,3679,6.6,36132,109,Peter Hyams,Peter Hyams,"Action, Crime, Sci-Fi","<a href=""https://www.imdb.com/title/tt0082869"" target=""_blank"">tt0082869</a>","<a href=""https://www.imdb.com/title/tt0082869"" target=""_blank"">Outland</a>"
tt0086154,Psycho II,1983,3680,6.6,35896,113,Richard Franklin,"Tom Holland, Robert Bloch","Crime, Horror, Mystery","<a href=""https://www.imdb.com/title/tt0086154"" target=""_blank"">tt0086154</a>","<a href=""https://www.imdb.com/title/tt0086154"" target=""_blank"">Psycho II</a>"
tt0128278,Instinct,1999,3681,6.6,35741,126,Jon Turteltaub,"Gerald Di Pego, Daniel Quinn","Drama, Thriller","<a href=""https://www.imdb.com/title/tt0128278"" target=""_blank"">tt0128278</a>","<a href=""https://www.imdb.com/title/tt0128278"" target=""_blank"">Instinct</a>"
tt1401143,Rare Exports,2010,3682,6.6,35721,84,Jalmari Helander,"Jalmari Helander, Juuso Helander, Petri Jokiranta, Sami Parkkinen","Adventure, Fantasy, Horror","<a href=""https://www.imdb.com/title/tt1401143"" target=""_blank"">tt1401143</a>","<a href=""https://www.imdb.com/title/tt1401143"" target=""_blank"">Rare Exports</a>"
tt0485851,The Air I Breathe,2007,3683,6.7,35636,95,Jieho Lee,"Jieho Lee, Bob DeRosa","Crime, Drama, Thriller","<a href=""https://www.imdb.com/title/tt0485851"" target=""_blank"">tt0485851</a>","<a href=""https://www.imdb.com/title/tt0485851"" target=""_blank"">The Air I Breathe</a>"
tt4995776,The Red Sea Diving Resort,2019,3684,6.6,35588,129,Gideon Raff,Gideon Raff,"Drama, History, Thriller","<a href=""https://www.imdb.com/title/tt4995776"" target=""_blank"">tt4995776</a>","<a href=""https://www.imdb.com/title/tt4995776"" target=""_blank"">The Red Sea Diving Resort</a>"
tt0114168,Powder,1995,3685,6.6,35514,111,Victor Salva,Victor Salva,"Drama, Fantasy, Mystery","<a href=""https://www.imdb.com/title/tt0114168"" target=""_blank"">tt0114168</a>","<a href=""https://www.imdb.com/title/tt0114168"" target=""_blank"">Powder</a>"
tt1951181,The Immigrant,2013,3686,6.6,35465,120,James Gray,"James Gray, Ric Menello","Drama, Romance","<a href=""https://www.imdb.com/title/tt1951181"" target=""_blank"">tt1951181</a>","<a href=""https://www.imdb.com/title/tt1951181"" target=""_blank"">The Immigrant</a>"
tt0051744,House on Haunted Hill,1959,3687,6.7,35378,75,William Castle,Robb White,"Crime, Horror, Mystery","<a href=""https://www.imdb.com/title/tt0051744"" target=""_blank"">tt0051744</a>","<a href=""https://www.imdb.com/title/tt0051744"" target=""_blank"">House on Haunted Hill</a>"
tt0489664,Shattered,2007,3688,6.6,35354,95,Mike Barker,William Morrissey,"Crime, Drama, Thriller","<a href=""https://www.imdb.com/title/tt0489664"" target=""_blank"">tt0489664</a>","<a href=""https://www.imdb.com/title/tt0489664"" target=""_blank"">Shattered</a>"
tt1405365,Celeste & Jesse Forever,2012,3689,6.6,35350,92,Lee Toland Krieger,"Rashida Jones, Will McCormack","Comedy, Drama, Romance","<a href=""https://www.imdb.com/title/tt1405365"" target=""_blank"">tt1405365</a>","<a href=""https://www.imdb.com/title/tt1405365"" target=""_blank"">Celeste & Jesse Forever</a>"
tt0385705,The Football Factory,2004,3690,6.7,35272,91,Nick Love,"John King, Nick Love","Crime, Drama, Sport","<a href=""https://www.imdb.com/title/tt0385705"" target=""_blank"">tt0385705</a>","<a href=""https://www.imdb.com/title/tt0385705"" target=""_blank"">The Football Factory</a>"
tt3179568,"Men, Women & Children",2014,3691,6.6,35227,119,Jason Reitman,"Chad Kultgen, Jason Reitman, Erin Cressida Wilson","Comedy, Drama","<a href=""https://www.imdb.com/title/tt3179568"" target=""_blank"">tt3179568</a>","<a href=""https://www.imdb.com/title/tt3179568"" target=""_blank"">Men, Women & Children</a>"
tt3722070,The Lady in the Van,2015,3692,6.7,35102,104,Nicholas Hytner,Alan Bennett,"Biography, Comedy, Drama","<a href=""https://www.imdb.com/title/tt3722070"" target=""_blank"">tt3722070</a>","<a href=""https://www.imdb.com/title/tt3722070"" target=""_blank"">The Lady in the Van</a>"
tt0102250,L.A. Story,1991,3693,6.7,35022,95,Mick Jackson,Steve Martin,"Comedy, Drama, Fantasy","<a href=""https://www.imdb.com/title/tt0102250"" target=""_blank"">tt0102250</a>","<a href=""https://www.imdb.com/title/tt0102250"" target=""_blank"">L.A. Story</a>"
tt0120824,The Shipping News,2001,3694,6.7,35017,111,Lasse Hallström,"Annie Proulx, Robert Nelson Jacobs",Drama,"<a href=""https://www.imdb.com/title/tt0120824"" target=""_blank"">tt0120824</a>","<a href=""https://www.imdb.com/title/tt0120824"" target=""_blank"">The Shipping News</a>"
tt0089908,Return to Oz,1985,3695,6.7,34602,113,Walter Murch,"Walter Murch, Gill Dennis, L. Frank Baum","Adventure, Family, Fantasy","<a href=""https://www.imdb.com/title/tt0089908"" target=""_blank"">tt0089908</a>","<a href=""https://www.imdb.com/title/tt0089908"" target=""_blank"">Return to Oz</a>"
tt3395184,Spring,2014,3696,6.7,34463,109,"Justin Benson, Aaron Moorhead",Justin Benson,"Drama, Horror, Romance","<a href=""https://www.imdb.com/title/tt3395184"" target=""_blank"">tt3395184</a>","<a href=""https://www.imdb.com/title/tt3395184"" target=""_blank"">Spring</a>"
tt1435513,Hysteria,2011,3697,6.7,34294,100,Tanya Wexler,"Stephen Dyer, Jonah Lisa Dyer, Howard Gensler","Biography, Comedy, Romance","<a href=""https://www.imdb.com/title/tt1435513"" target=""_blank"">tt1435513</a>","<a href=""https://www.imdb.com/title/tt1435513"" target=""_blank"">Hysteria</a>"
tt0094894,Colors,1988,3698,6.7,34289,120,Dennis Hopper,"Michael Schiffer, Richard Di Lello","Crime, Drama, Thriller","<a href=""https://www.imdb.com/title/tt0094894"" target=""_blank"">tt0094894</a>","<a href=""https://www.imdb.com/title/tt0094894"" target=""_blank"">Colors</a>"
tt0067756,Silent Running,1972,3699,6.6,34145,89,Douglas Trumbull,"Deric Washburn, Michael Cimino, Steven Bochco","Drama, Sci-Fi","<a href=""https://www.imdb.com/title/tt0067756"" target=""_blank"">tt0067756</a>","<a href=""https://www.imdb.com/title/tt0067756"" target=""_blank"">Silent Running</a>"
tt0091557,The Mosquito Coast,1986,3700,6.6,34087,117,Peter Weir,"Paul Theroux, Paul Schrader","Adventure, Drama, Thriller","<a href=""https://www.imdb.com/title/tt0091557"" target=""_blank"">tt0091557</a>","<a href=""https://www.imdb.com/title/tt0091557"" target=""_blank"">The Mosquito Coast</a>"
tt2294677,In a World...,2013,3701,6.6,34009,93,Lake Bell,Lake Bell,Comedy,"<a href=""https://www.imdb.com/title/tt2294677"" target=""_blank"">tt2294677</a>","<a href=""https://www.imdb.com/title/tt2294677"" target=""_blank"">In a World...</a>"
tt0110006,Heavyweights,1995,3702,6.6,33772,97,Steven Brill,"Judd Apatow, Steven Brill","Comedy, Drama, Family","<a href=""https://www.imdb.com/title/tt0110006"" target=""_blank"">tt0110006</a>","<a href=""https://www.imdb.com/title/tt0110006"" target=""_blank"">Heavyweights</a>"
tt0087909,Phenomena,1985,3703,6.7,33728,116,Dario Argento,"Dario Argento, Franco Ferrini","Crime, Horror, Mystery","<a href=""https://www.imdb.com/title/tt0087909"" target=""_blank"">tt0087909</a>","<a href=""https://www.imdb.com/title/tt0087909"" target=""_blank"">Phenomena</a>"
tt0441048,Dhoom 2,2006,3704,6.6,33514,152,Sanjay Gadhvi,"Vijay Krishna Acharya, Aditya Chopra","Action, Adventure, Crime","<a href=""https://www.imdb.com/title/tt0441048"" target=""_blank"">tt0441048</a>","<a href=""https://www.imdb.com/title/tt0441048"" target=""_blank"">Dhoom 2</a>"
tt0284978,Cypher,2002,3705,6.7,33387,95,Vincenzo Natali,Brian King,"Mystery, Sci-Fi, Thriller","<a href=""https://www.imdb.com/title/tt0284978"" target=""_blank"">tt0284978</a>","<a href=""https://www.imdb.com/title/tt0284978"" target=""_blank"">Cypher</a>"
tt7693316,Devotion,2022,3706,6.6,33364,139,J.D. Dillard,"Jake Crane, Jonathan Stewart, Adam Makos","Action, Adventure, Biography","<a href=""https://www.imdb.com/title/tt7693316"" target=""_blank"">tt7693316</a>","<a href=""https://www.imdb.com/title/tt7693316"" target=""_blank"">Devotion</a>"
tt0488085,Big Nothing,2006,3707,6.7,33302,86,Jean-Baptiste Andrea,"Jean-Baptiste Andrea, William Rosenfeld","Comedy, Crime, Thriller","<a href=""https://www.imdb.com/title/tt0488085"" target=""_blank"">tt0488085</a>","<a href=""https://www.imdb.com/title/tt0488085"" target=""_blank"">Big Nothing</a>"
tt0107501,The Man Without a Face,1993,3708,6.7,33226,115,Mel Gibson,"Isabelle Holland, Malcolm MacRury",Drama,"<a href=""https://www.imdb.com/title/tt0107501"" target=""_blank"">tt0107501</a>","<a href=""https://www.imdb.com/title/tt0107501"" target=""_blank"">The Man Without a Face</a>"
tt0842929,Paranoid Park,2007,3709,6.6,33221,85,Gus Van Sant,"Gus Van Sant, Blake Nelson","Crime, Drama, Mystery","<a href=""https://www.imdb.com/title/tt0842929"" target=""_blank"">tt0842929</a>","<a href=""https://www.imdb.com/title/tt0842929"" target=""_blank"">Paranoid Park</a>"
tt24458622,The Six Triple Eight,2024,3710,6.7,33072,127,Tyler Perry,"Kevin Hymel, Tyler Perry","Drama, History, War","<a href=""https://www.imdb.com/title/tt24458622"" target=""_blank"">tt24458622</a>","<a href=""https://www.imdb.com/title/tt24458622"" target=""_blank"">The Six Triple Eight</a>"
tt0081562,Stir Crazy,1980,3711,6.7,33009,111,Sidney Poitier,"Bruce Jay Friedman, Charles Blackwell","Comedy, Crime","<a href=""https://www.imdb.com/title/tt0081562"" target=""_blank"">tt0081562</a>","<a href=""https://www.imdb.com/title/tt0081562"" target=""_blank"">Stir Crazy</a>"
tt0120633,A Civil Action,1998,3712,6.6,33005,115,Steven Zaillian,"Jonathan Harr, Steven Zaillian","Biography, Drama","<a href=""https://www.imdb.com/title/tt0120633"" target=""_blank"">tt0120633</a>","<a href=""https://www.imdb.com/title/tt0120633"" target=""_blank"">A Civil Action</a>"
tt2452254,Clouds of Sils Maria,2014,3713,6.7,32774,124,Olivier Assayas,Olivier Assayas,Drama,"<a href=""https://www.imdb.com/title/tt2452254"" target=""_blank"">tt2452254</a>","<a href=""https://www.imdb.com/title/tt2452254"" target=""_blank"">Clouds of Sils Maria</a>"
tt0841044,Two Days in Paris,2007,3714,6.7,32771,96,Julie Delpy,Julie Delpy,"Comedy, Drama, Romance","<a href=""https://www.imdb.com/title/tt0841044"" target=""_blank"">tt0841044</a>","<a href=""https://www.imdb.com/title/tt0841044"" target=""_blank"">Two Days in Paris</a>"
tt0085701,The Hunger,1983,3715,6.6,32587,97,Tony Scott,"James Costigan, Michael Thomas, Whitley Strieber","Drama, Horror","<a href=""https://www.imdb.com/title/tt0085701"" target=""_blank"">tt0085701</a>","<a href=""https://www.imdb.com/title/tt0085701"" target=""_blank"">The Hunger</a>"
tt0286751,Pulse,2001,3716,6.6,32558,119,Kiyoshi Kurosawa,Kiyoshi Kurosawa,"Horror, Mystery, Sci-Fi","<a href=""https://www.imdb.com/title/tt0286751"" target=""_blank"">tt0286751</a>","<a href=""https://www.imdb.com/title/tt0286751"" target=""_blank"">Pulse</a>"
tt0048960,Around the World in 80 Days,1956,3717,6.7,32432,175,"Michael Anderson, John Farrow","James Poe, John Farrow, S.J. Perelman, Jules Verne","Adventure, Comedy, Family","<a href=""https://www.imdb.com/title/tt0048960"" target=""_blank"">tt0048960</a>","<a href=""https://www.imdb.com/title/tt0048960"" target=""_blank"">Around the World in 80 Days</a>"
tt0114660,Things to Do in Denver When You're Dead,1995,3718,6.7,32341,115,Gary Fleder,Scott Rosenberg,"Crime, Drama, Thriller","<a href=""https://www.imdb.com/title/tt0114660"" target=""_blank"">tt0114660</a>","<a href=""https://www.imdb.com/title/tt0114660"" target=""_blank"">Things to Do in Denver When You're Dead</a>"
tt0116999,Marvin's Room,1996,3719,6.7,32300,98,Jerry Zaks,Scott McPherson,Drama,"<a href=""https://www.imdb.com/title/tt0116999"" target=""_blank"">tt0116999</a>","<a href=""https://www.imdb.com/title/tt0116999"" target=""_blank"">Marvin's Room</a>"
tt27613895,GOAT,2026,3720,6.6,32300,100,"Tyree Dillihay, Adam Rosette","Aaron Buchsbaum, Teddy Riley, Nicolas Curcio, Peter Chiarelli, Chris Tougas","Action, Animation, Comedy","<a href=""https://www.imdb.com/title/tt27613895"" target=""_blank"">tt27613895</a>","<a href=""https://www.imdb.com/title/tt27613895"" target=""_blank"">GOAT</a>"
tt0061107,Torn Curtain,1966,3721,6.6,32029,128,Alfred Hitchcock,"Brian Moore, Willis Hall, Keith Waterhouse","Drama, Romance, Thriller","<a href=""https://www.imdb.com/title/tt0061107"" target=""_blank"">tt0061107</a>","<a href=""https://www.imdb.com/title/tt0061107"" target=""_blank"">Torn Curtain</a>"
tt0113228,Grumpier Old Men,1995,3722,6.7,32026,101,Howard Deutch,Mark Steven Johnson,"Comedy, Romance","<a href=""https://www.imdb.com/title/tt0113228"" target=""_blank"">tt0113228</a>","<a href=""https://www.imdb.com/title/tt0113228"" target=""_blank"">Grumpier Old Men</a>"
tt14914988,Satyaprem Ki Katha,2023,3723,6.6,31955,146,"Sameer Vidwans, Sunil Kumar",Karan Shrikant Sharma,"Comedy, Drama, Musical","<a href=""https://www.imdb.com/title/tt14914988"" target=""_blank"">tt14914988</a>","<a href=""https://www.imdb.com/title/tt14914988"" target=""_blank"">Satyaprem Ki Katha</a>"
tt0119942,Primary Colors,1998,3724,6.7,31735,143,Mike Nichols,"Joe Klein, Elaine May","Comedy, Drama","<a href=""https://www.imdb.com/title/tt0119942"" target=""_blank"">tt0119942</a>","<a href=""https://www.imdb.com/title/tt0119942"" target=""_blank"">Primary Colors</a>"
tt1648216,Three Steps Above Heaven,2010,3725,6.7,31652,118,Fernando González Molina,"Federico Moccia, Ramón Salazar","Action, Drama, Romance","<a href=""https://www.imdb.com/title/tt1648216"" target=""_blank"">tt1648216</a>","<a href=""https://www.imdb.com/title/tt1648216"" target=""_blank"">Three Steps Above Heaven</a>"
tt10187208,A Boy Called Christmas,2021,3726,6.7,31559,106,Gil Kenan,"Ol Parker, Gil Kenan, Matt Haig, Surbhi Sehgal","Adventure, Drama, Family","<a href=""https://www.imdb.com/title/tt10187208"" target=""_blank"">tt10187208</a>","<a href=""https://www.imdb.com/title/tt10187208"" target=""_blank"">A Boy Called Christmas</a>"
tt0085970,Mr. Mom,1983,3727,6.6,31538,91,Stan Dragoti,John Hughes,"Comedy, Drama","<a href=""https://www.imdb.com/title/tt0085970"" target=""_blank"">tt0085970</a>","<a href=""https://www.imdb.com/title/tt0085970"" target=""_blank"">Mr. Mom</a>"
tt3369806,Max,2015,3728,6.6,31520,111,Boaz Yakin,"Boaz Yakin, Sheldon Lettich","Adventure, Drama, Family","<a href=""https://www.imdb.com/title/tt3369806"" target=""_blank"">tt3369806</a>","<a href=""https://www.imdb.com/title/tt3369806"" target=""_blank"">Max</a>"
tt24068064,Reality,2023,3729,6.7,31412,83,Tina Satter,"Tina Satter, James Paul Dallas","Biography, Drama","<a href=""https://www.imdb.com/title/tt24068064"" target=""_blank"">tt24068064</a>","<a href=""https://www.imdb.com/title/tt24068064"" target=""_blank"">Reality</a>"
tt3672742,Turbo Kid,2015,3730,6.7,31412,93,"François Simard, Anouk Whissell, Yoann-Karl Whissell","Anouk Whissell, François Simard, Yoann-Karl Whissell","Action, Adventure, Comedy","<a href=""https://www.imdb.com/title/tt3672742"" target=""_blank"">tt3672742</a>","<a href=""https://www.imdb.com/title/tt3672742"" target=""_blank"">Turbo Kid</a>"
tt11897478,The Stranger,2022,3731,6.6,31334,117,Thomas M. Wright,"Thomas M. Wright, Kate Kyriacou","Crime, Drama, Thriller","<a href=""https://www.imdb.com/title/tt11897478"" target=""_blank"">tt11897478</a>","<a href=""https://www.imdb.com/title/tt11897478"" target=""_blank"">The Stranger</a>"
tt6348138,Missing Link,2019,3732,6.7,31316,94,Chris Butler,Chris Butler,"Adventure, Animation, Comedy","<a href=""https://www.imdb.com/title/tt6348138"" target=""_blank"">tt6348138</a>","<a href=""https://www.imdb.com/title/tt6348138"" target=""_blank"">Missing Link</a>"
tt0457572,Fido,2006,3733,6.7,31266,93,Andrew Currie,"Robert Chomiak, Andrew Currie, Dennis Heaton, Allan Magee, John McAndrew, Annie Reid, Andrew Pope","Comedy, Drama, Horror","<a href=""https://www.imdb.com/title/tt0457572"" target=""_blank"">tt0457572</a>","<a href=""https://www.imdb.com/title/tt0457572"" target=""_blank"">Fido</a>"
tt0325655,The Eye,2002,3734,6.6,31266,99,"Danny Pang, Oxide Chun Pang","Yuet-Jan Hui, Danny Pang, Oxide Chun Pang","Horror, Mystery, Thriller","<a href=""https://www.imdb.com/title/tt0325655"" target=""_blank"">tt0325655</a>","<a href=""https://www.imdb.com/title/tt0325655"" target=""_blank"">The Eye</a>"
tt1334553,The Perfect Host,2010,3735,6.7,31176,93,Nicholas Tomnay,"Nicholas Tomnay, Krishna Jones","Comedy, Crime, Thriller","<a href=""https://www.imdb.com/title/tt1334553"" target=""_blank"">tt1334553</a>","<a href=""https://www.imdb.com/title/tt1334553"" target=""_blank"">The Perfect Host</a>"
tt6432466,Moxie,2021,3736,6.7,31078,111,Amy Poehler,"Jennifer Mathieu, Tamara Chestna, Dylan Meyer","Comedy, Drama","<a href=""https://www.imdb.com/title/tt6432466"" target=""_blank"">tt6432466</a>","<a href=""https://www.imdb.com/title/tt6432466"" target=""_blank"">Moxie</a>"
tt1481572,Happythankyoumoreplease,2010,3737,6.7,31074,100,Josh Radnor,Josh Radnor,"Comedy, Drama, Romance","<a href=""https://www.imdb.com/title/tt1481572"" target=""_blank"">tt1481572</a>","<a href=""https://www.imdb.com/title/tt1481572"" target=""_blank"">Happythankyoumoreplease</a>"
tt1127896,Taking Woodstock,2009,3738,6.7,31037,120,Ang Lee,"James Schamus, Elliot Tiber, Tom Monte","Biography, Comedy, Drama","<a href=""https://www.imdb.com/title/tt1127896"" target=""_blank"">tt1127896</a>","<a href=""https://www.imdb.com/title/tt1127896"" target=""_blank"">Taking Woodstock</a>"
tt4572792,The Book of Henry,2017,3739,6.6,30986,105,Colin Trevorrow,Gregg Hurwitz,"Crime, Drama, Thriller","<a href=""https://www.imdb.com/title/tt4572792"" target=""_blank"">tt4572792</a>","<a href=""https://www.imdb.com/title/tt4572792"" target=""_blank"">The Book of Henry</a>"
tt0094025,Stakeout,1987,3740,6.7,30861,117,John Badham,Jim Kouf,"Action, Comedy, Crime","<a href=""https://www.imdb.com/title/tt0094025"" target=""_blank"">tt0094025</a>","<a href=""https://www.imdb.com/title/tt0094025"" target=""_blank"">Stakeout</a>"
tt6823148,Benedetta,2021,3741,6.7,30736,131,Paul Verhoeven,"David Birke, Paul Verhoeven, Judith C. Brown, Pascal Bonitzer, Gerard Soeteman","Biography, Drama, Romance","<a href=""https://www.imdb.com/title/tt6823148"" target=""_blank"">tt6823148</a>","<a href=""https://www.imdb.com/title/tt6823148"" target=""_blank"">Benedetta</a>"
tt0080736,The Final Countdown,1980,3742,6.7,30492,103,Don Taylor,"Thomas Hunter, Peter Powell, David Ambrose, Gerry Davis","Action, Adventure, Sci-Fi","<a href=""https://www.imdb.com/title/tt0080736"" target=""_blank"">tt0080736</a>","<a href=""https://www.imdb.com/title/tt0080736"" target=""_blank"">The Final Countdown</a>"
tt0093137,Hamburger Hill,1987,3743,6.7,30373,110,John Irvin,James Carabatsos,"Action, Drama, Thriller","<a href=""https://www.imdb.com/title/tt0093137"" target=""_blank"">tt0093137</a>","<a href=""https://www.imdb.com/title/tt0093137"" target=""_blank"">Hamburger Hill</a>"
tt27852049,Deva,2025,3744,6.6,30357,156,Rosshan Andrrews,"Sumit Arora, Bobby, Abbas Dalal, Hussain Dalal, Sanjay, Arshad Syed","Action, Crime, Drama","<a href=""https://www.imdb.com/title/tt27852049"" target=""_blank"">tt27852049</a>","<a href=""https://www.imdb.com/title/tt27852049"" target=""_blank"">Deva</a>"
tt0089013,Demons,1985,3745,6.6,30131,88,Lamberto Bava,"Dardano Sacchetti, Dario Argento, Lamberto Bava, Franco Ferrini",Horror,"<a href=""https://www.imdb.com/title/tt0089013"" target=""_blank"">tt0089013</a>","<a href=""https://www.imdb.com/title/tt0089013"" target=""_blank"">Demons</a>"
tt0866437,The Jane Austen Book Club,2007,3746,6.7,30114,106,Robin Swicord,"Robin Swicord, Karen Joy Fowler","Comedy, Drama, Romance","<a href=""https://www.imdb.com/title/tt0866437"" target=""_blank"">tt0866437</a>","<a href=""https://www.imdb.com/title/tt0866437"" target=""_blank"">The Jane Austen Book Club</a>"
tt0134618,"Mystery, Alaska",1999,3747,6.7,29991,119,Jay Roach,"David E. Kelley, Sean O'Byrne","Comedy, Drama, Sport","<a href=""https://www.imdb.com/title/tt0134618"" target=""_blank"">tt0134618</a>","<a href=""https://www.imdb.com/title/tt0134618"" target=""_blank"">Mystery, Alaska</a>"
tt1084972,Wanted,2009,3748,6.6,29904,147,Prabhu Deva,"Sunil Kumar Agrawal, Shabbir Ahmed, Shiraz Ahmed, Wajid Ali, Arun Bhairav, Puri Jagannadh, Rebel Ravi, Jalees Sherwani","Action, Crime, Thriller","<a href=""https://www.imdb.com/title/tt1084972"" target=""_blank"">tt1084972</a>","<a href=""https://www.imdb.com/title/tt1084972"" target=""_blank"">Wanted</a>"
tt2872462,Mistress America,2015,3749,6.7,29830,84,Noah Baumbach,"Noah Baumbach, Greta Gerwig","Comedy, Drama","<a href=""https://www.imdb.com/title/tt2872462"" target=""_blank"">tt2872462</a>","<a href=""https://www.imdb.com/title/tt2872462"" target=""_blank"">Mistress America</a>"
tt0089869,The Quiet Earth,1985,3750,6.7,29827,91,Geoff Murphy,"Craig Harrison, Bill Baer, Bruno Lawrence, Sam Pillsbury","Drama, Mystery, Sci-Fi","<a href=""https://www.imdb.com/title/tt0089869"" target=""_blank"">tt0089869</a>","<a href=""https://www.imdb.com/title/tt0089869"" target=""_blank"">The Quiet Earth</a>"
tt31923069,Springsteen: Deliver Me from Nowhere,2025,3751,6.6,29518,119,Scott Cooper,"Scott Cooper, Warren Zanes","Biography, Drama, Music","<a href=""https://www.imdb.com/title/tt31923069"" target=""_blank"">tt31923069</a>","<a href=""https://www.imdb.com/title/tt31923069"" target=""_blank"">Springsteen: Deliver Me from Nowhere</a>"
tt14099334,Bhediya,2022,3752,6.7,29487,156,"Amar Kaushik, Manish Rana",Niren Bhatt,"Comedy, Horror, Thriller","<a href=""https://www.imdb.com/title/tt14099334"" target=""_blank"">tt14099334</a>","<a href=""https://www.imdb.com/title/tt14099334"" target=""_blank"">Bhediya</a>"
tt29439114,The Room Next Door,2024,3753,6.7,29384,107,Pedro Almodóvar,"Pedro Almodóvar, Sigrid Nunez",Drama,"<a href=""https://www.imdb.com/title/tt29439114"" target=""_blank"">tt29439114</a>","<a href=""https://www.imdb.com/title/tt29439114"" target=""_blank"">The Room Next Door</a>"
tt0091630,Night of the Creeps,1986,3754,6.7,29289,88,Fred Dekker,Fred Dekker,"Comedy, Horror, Sci-Fi","<a href=""https://www.imdb.com/title/tt0091630"" target=""_blank"">tt0091630</a>","<a href=""https://www.imdb.com/title/tt0091630"" target=""_blank"">Night of the Creeps</a>"
tt1742336,Your Sister's Sister,2011,3755,6.7,29272,90,Lynn Shelton,Lynn Shelton,"Comedy, Drama, Romance","<a href=""https://www.imdb.com/title/tt1742336"" target=""_blank"">tt1742336</a>","<a href=""https://www.imdb.com/title/tt1742336"" target=""_blank"">Your Sister's Sister</a>"
tt0114608,Tales from the Crypt: Demon Knight,1995,3756,6.7,29061,92,Ernest Dickerson,"Ethan Reiff, Cyrus Voris, Mark Bishop","Action, Fantasy, Horror","<a href=""https://www.imdb.com/title/tt0114608"" target=""_blank"">tt0114608</a>","<a href=""https://www.imdb.com/title/tt0114608"" target=""_blank"">Tales from the Crypt: Demon Knight</a>"
tt0089841,Prizzi's Honor,1985,3757,6.7,28920,130,John Huston,"Richard Condon, Janet Roach","Comedy, Crime, Drama","<a href=""https://www.imdb.com/title/tt0089841"" target=""_blank"">tt0089841</a>","<a href=""https://www.imdb.com/title/tt0089841"" target=""_blank"">Prizzi's Honor</a>"
tt0829459,A Mighty Heart,2007,3758,6.6,28834,108,Michael Winterbottom,"John Orloff, Mariane Pearl","Biography, Drama, History","<a href=""https://www.imdb.com/title/tt0829459"" target=""_blank"">tt0829459</a>","<a href=""https://www.imdb.com/title/tt0829459"" target=""_blank"">A Mighty Heart</a>"
tt0780516,Flawless,2007,3759,6.7,28753,108,Michael Radford,Edward Anderson,"Crime, Drama, Thriller","<a href=""https://www.imdb.com/title/tt0780516"" target=""_blank"">tt0780516</a>","<a href=""https://www.imdb.com/title/tt0780516"" target=""_blank"">Flawless</a>"
tt1465487,Heartbreaker,2010,3760,6.7,28704,105,Pascal Chaumeil,"Laurent Zeitoun, Jeremy Doner, Yoann Gromb","Comedy, Romance","<a href=""https://www.imdb.com/title/tt1465487"" target=""_blank"">tt1465487</a>","<a href=""https://www.imdb.com/title/tt1465487"" target=""_blank"">Heartbreaker</a>"
tt14369780,Lady Chatterley's Lover,2022,3761,6.6,28662,126,Laure de Clermont-Tonnerre,"David Magee, D.H. Lawrence","Drama, Romance","<a href=""https://www.imdb.com/title/tt14369780"" target=""_blank"">tt14369780</a>","<a href=""https://www.imdb.com/title/tt14369780"" target=""_blank"">Lady Chatterley's Lover</a>"
tt1379177,The Disappearance of Alice Creed,2009,3762,6.7,28603,100,J Blakeson,J Blakeson,"Crime, Thriller","<a href=""https://www.imdb.com/title/tt1379177"" target=""_blank"">tt1379177</a>","<a href=""https://www.imdb.com/title/tt1379177"" target=""_blank"">The Disappearance of Alice Creed</a>"
tt5437928,Colette,2018,3763,6.7,28426,111,Wash Westmoreland,"Richard Glatzer, Wash Westmoreland, Rebecca Lenkiewicz","Biography, Drama, History","<a href=""https://www.imdb.com/title/tt5437928"" target=""_blank"">tt5437928</a>","<a href=""https://www.imdb.com/title/tt5437928"" target=""_blank"">Colette</a>"
tt0082934,The Postman Always Rings Twice,1981,3764,6.6,28205,122,Bob Rafelson,"David Mamet, James M. Cain","Crime, Drama, Romance","<a href=""https://www.imdb.com/title/tt0082934"" target=""_blank"">tt0082934</a>","<a href=""https://www.imdb.com/title/tt0082934"" target=""_blank"">The Postman Always Rings Twice</a>"
tt0088194,Streets of Fire,1984,3765,6.7,27957,93,Walter Hill,"Walter Hill, Larry Gross","Action, Crime, Drama","<a href=""https://www.imdb.com/title/tt0088194"" target=""_blank"">tt0088194</a>","<a href=""https://www.imdb.com/title/tt0088194"" target=""_blank"">Streets of Fire</a>"
tt6257174,The Miseducation of Cameron Post,2018,3766,6.6,27926,91,Desiree Akhavan,"Desiree Akhavan, Cecilia Frugiuele, Emily M. Danforth","Comedy, Drama","<a href=""https://www.imdb.com/title/tt6257174"" target=""_blank"">tt6257174</a>","<a href=""https://www.imdb.com/title/tt6257174"" target=""_blank"">The Miseducation of Cameron Post</a>"
tt5112578,Super Dark Times,2017,3767,6.6,27820,103,Kevin Phillips,"Ben Collins, Luke Piotrowski","Crime, Drama, Thriller","<a href=""https://www.imdb.com/title/tt5112578"" target=""_blank"">tt5112578</a>","<a href=""https://www.imdb.com/title/tt5112578"" target=""_blank"">Super Dark Times</a>"
tt0494222,Eagle vs Shark,2007,3768,6.7,27818,88,Taika Waititi,"Loren Taylor, Taika Waititi","Comedy, Romance","<a href=""https://www.imdb.com/title/tt0494222"" target=""_blank"">tt0494222</a>","<a href=""https://www.imdb.com/title/tt0494222"" target=""_blank"">Eagle vs Shark</a>"
tt14402146,Empire of Light,2022,3769,6.7,27747,115,Sam Mendes,Sam Mendes,"Drama, Romance","<a href=""https://www.imdb.com/title/tt14402146"" target=""_blank"">tt14402146</a>","<a href=""https://www.imdb.com/title/tt14402146"" target=""_blank"">Empire of Light</a>"
tt12672536,The Three Musketeers - Part I: D'Artagnan,2023,3770,6.7,27720,121,Martin Bourboulon,"Matthieu Delaporte, Alexandre de La Patellière, Alexandre Dumas","Action, Adventure, History","<a href=""https://www.imdb.com/title/tt12672536"" target=""_blank"">tt12672536</a>","<a href=""https://www.imdb.com/title/tt12672536"" target=""_blank"">The Three Musketeers - Part I: D'Artagnan</a>"
tt0446046,Take the Lead,2006,3771,6.6,27705,118,Liz Friedlander,Dianne Houston,"Drama, Music","<a href=""https://www.imdb.com/title/tt0446046"" target=""_blank"">tt0446046</a>","<a href=""https://www.imdb.com/title/tt0446046"" target=""_blank"">Take the Lead</a>"
tt9260636,Bigil,2019,3772,6.7,27672,179,Atlee,"Atlee, Ramanagirivasan, Shanoor Mirza","Action, Drama, Sport","<a href=""https://www.imdb.com/title/tt9260636"" target=""_blank"">tt9260636</a>","<a href=""https://www.imdb.com/title/tt9260636"" target=""_blank"">Bigil</a>"
tt10192406,Causeway,2022,3773,6.6,27623,94,Lila Neugebauer,"Ottessa Moshfegh, Luke Goebel, Elizabeth Sanders",Drama,"<a href=""https://www.imdb.com/title/tt10192406"" target=""_blank"">tt10192406</a>","<a href=""https://www.imdb.com/title/tt10192406"" target=""_blank"">Causeway</a>"
tt12193804,Whitney Houston: I Wanna Dance with Somebody,2022,3774,6.6,27526,144,Kasi Lemmons,Anthony McCarten,"Biography, Drama, Music","<a href=""https://www.imdb.com/title/tt12193804"" target=""_blank"">tt12193804</a>","<a href=""https://www.imdb.com/title/tt12193804"" target=""_blank"">Whitney Houston: I Wanna Dance with Somebody</a>"
tt0437857,Behind the Mask: The Rise of Leslie Vernon,2006,3775,6.6,27414,92,Scott Glosserman,"Scott Glosserman, David J. Stieve","Comedy, Horror, Thriller","<a href=""https://www.imdb.com/title/tt0437857"" target=""_blank"">tt0437857</a>","<a href=""https://www.imdb.com/title/tt0437857"" target=""_blank"">Behind the Mask: The Rise of Leslie Vernon</a>"
tt0118531,One Eight Seven,1997,3776,6.6,27344,119,Kevin Reynolds,Scott Yagemann,"Drama, Thriller","<a href=""https://www.imdb.com/title/tt0118531"" target=""_blank"">tt0118531</a>","<a href=""https://www.imdb.com/title/tt0118531"" target=""_blank"">One Eight Seven</a>"
tt8633464,After Yang,2021,3777,6.6,26825,96,Kogonada,"Alexander Weinstein, Kogonada","Drama, Sci-Fi","<a href=""https://www.imdb.com/title/tt8633464"" target=""_blank"">tt8633464</a>","<a href=""https://www.imdb.com/title/tt8633464"" target=""_blank"">After Yang</a>"
tt0103112,Toy Soldiers,1991,3778,6.6,26801,111,Daniel Petrie Jr.,"William P. Kennedy, Daniel Petrie Jr., David Koepp","Action, Drama, Thriller","<a href=""https://www.imdb.com/title/tt0103112"" target=""_blank"">tt0103112</a>","<a href=""https://www.imdb.com/title/tt0103112"" target=""_blank"">Toy Soldiers</a>"
tt0080716,Fame,1980,3779,6.6,26753,134,Alan Parker,Christopher Gore,"Drama, Music, Musical","<a href=""https://www.imdb.com/title/tt0080716"" target=""_blank"">tt0080716</a>","<a href=""https://www.imdb.com/title/tt0080716"" target=""_blank"">Fame</a>"
tt0080923,Inferno,1980,3780,6.5,26731,106,Dario Argento,"Dario Argento, Dardano Sacchetti, Thomas De Quincey, Daria Nicolodi",Horror,"<a href=""https://www.imdb.com/title/tt0080923"" target=""_blank"">tt0080923</a>","<a href=""https://www.imdb.com/title/tt0080923"" target=""_blank"">Inferno</a>"
tt5607096,"Juliet, Naked",2018,3781,6.6,26718,97,Jesse Peretz,"Evgenia Peretz, Jim Taylor, Tamara Jenkins, Nick Hornby","Comedy, Drama, Music","<a href=""https://www.imdb.com/title/tt5607096"" target=""_blank"">tt5607096</a>","<a href=""https://www.imdb.com/title/tt5607096"" target=""_blank"">Juliet, Naked</a>"
tt0054135,Ocean's Eleven,1960,3782,6.5,26454,127,Lewis Milestone,"Harry Brown, Charles Lederer, George Clayton Johnson, Jack Golden Russell, Billy Wilder","Comedy, Crime, Music","<a href=""https://www.imdb.com/title/tt0054135"" target=""_blank"">tt0054135</a>","<a href=""https://www.imdb.com/title/tt0054135"" target=""_blank"">Ocean's Eleven</a>"
tt3704700,Brain on Fire,2016,3783,6.6,26436,88,Gerard Barrett,"Gerard Barrett, Susannah Cahalan","Biography, Drama","<a href=""https://www.imdb.com/title/tt3704700"" target=""_blank"">tt3704700</a>","<a href=""https://www.imdb.com/title/tt3704700"" target=""_blank"">Brain on Fire</a>"
tt0104427,Hoffa,1992,3784,6.6,26415,140,Danny DeVito,David Mamet,"Biography, Crime, Drama","<a href=""https://www.imdb.com/title/tt0104427"" target=""_blank"">tt0104427</a>","<a href=""https://www.imdb.com/title/tt0104427"" target=""_blank"">Hoffa</a>"
tt0118158,White Squall,1996,3785,6.6,26354,129,Ridley Scott,"Charles Gieg Jr., Felix Sutton, Todd Robinson","Adventure, Drama","<a href=""https://www.imdb.com/title/tt0118158"" target=""_blank"">tt0118158</a>","<a href=""https://www.imdb.com/title/tt0118158"" target=""_blank"">White Squall</a>"
tt0076141,High Anxiety,1977,3786,6.6,26285,94,Mel Brooks,"Mel Brooks, Ron Clark, Rudy De Luca, Barry Levinson","Comedy, Mystery, Thriller","<a href=""https://www.imdb.com/title/tt0076141"" target=""_blank"">tt0076141</a>","<a href=""https://www.imdb.com/title/tt0076141"" target=""_blank"">High Anxiety</a>"
tt29383379,Marco,2024,3787,6.5,26238,145,Haneef Adeni,Haneef Adeni,"Action, Crime, Thriller","<a href=""https://www.imdb.com/title/tt29383379"" target=""_blank"">tt29383379</a>","<a href=""https://www.imdb.com/title/tt29383379"" target=""_blank"">Marco</a>"
tt13139228,My Policeman,2022,3788,6.6,26235,113,Michael Grandage,"Ron Nyswaner, Bethan Roberts","Drama, Romance","<a href=""https://www.imdb.com/title/tt13139228"" target=""_blank"">tt13139228</a>","<a href=""https://www.imdb.com/title/tt13139228"" target=""_blank"">My Policeman</a>"
tt0831884,Reservation Road,2007,3789,6.6,26162,102,Terry George,"John Burnham Schwartz, Terry George","Crime, Drama, Thriller","<a href=""https://www.imdb.com/title/tt0831884"" target=""_blank"">tt0831884</a>","<a href=""https://www.imdb.com/title/tt0831884"" target=""_blank"">Reservation Road</a>"
tt7026672,Every Day,2018,3790,6.5,26121,97,Michael Sucsy,"Jesse Andrews, David Levithan","Drama, Fantasy, Romance","<a href=""https://www.imdb.com/title/tt7026672"" target=""_blank"">tt7026672</a>","<a href=""https://www.imdb.com/title/tt7026672"" target=""_blank"">Every Day</a>"
tt0279331,Dark Blue,2002,3791,6.6,26056,118,Ron Shelton,"James Ellroy, David Ayer","Crime, Drama, Thriller","<a href=""https://www.imdb.com/title/tt0279331"" target=""_blank"">tt0279331</a>","<a href=""https://www.imdb.com/title/tt0279331"" target=""_blank"">Dark Blue</a>"
tt4103724,Forever My Girl,2018,3792,6.6,26041,108,Bethany Ashton Wolf,"Bethany Ashton Wolf, Heidi McLaughlin","Comedy, Drama, Music","<a href=""https://www.imdb.com/title/tt4103724"" target=""_blank"">tt4103724</a>","<a href=""https://www.imdb.com/title/tt4103724"" target=""_blank"">Forever My Girl</a>"
tt0283084,Tuck Everlasting,2002,3793,6.6,25905,90,Jay Russell,"Natalie Babbitt, Jeffrey Lieber, James V. Hart","Drama, Family, Fantasy","<a href=""https://www.imdb.com/title/tt0283084"" target=""_blank"">tt0283084</a>","<a href=""https://www.imdb.com/title/tt0283084"" target=""_blank"">Tuck Everlasting</a>"
tt1129423,Fireproof,2008,3794,6.5,25817,122,Alex Kendrick,"Alex Kendrick, Stephen Kendrick","Drama, Romance","<a href=""https://www.imdb.com/title/tt1129423"" target=""_blank"">tt1129423</a>","<a href=""https://www.imdb.com/title/tt1129423"" target=""_blank"">Fireproof</a>"
tt32768323,The Assessment,2024,3795,6.6,25727,114,Fleur Fortune,"Nell Garfath Cox, Dave Thomas, John Donnelly","Drama, Sci-Fi","<a href=""https://www.imdb.com/title/tt32768323"" target=""_blank"">tt32768323</a>","<a href=""https://www.imdb.com/title/tt32768323"" target=""_blank"">The Assessment</a>"
tt3175038,The Villain,2014,3796,6.6,25713,129,Mohit Suri,"Tushar Hiranandani, Milap Zaveri","Action, Crime, Drama","<a href=""https://www.imdb.com/title/tt3175038"" target=""_blank"">tt3175038</a>","<a href=""https://www.imdb.com/title/tt3175038"" target=""_blank"">The Villain</a>"
tt0074102,In the Realm of the Senses,1976,3797,6.6,25614,109,Nagisa Ōshima,"Nagisa Ōshima, Kōji Wakamatsu","Drama, Romance","<a href=""https://www.imdb.com/title/tt0074102"" target=""_blank"">tt0074102</a>","<a href=""https://www.imdb.com/title/tt0074102"" target=""_blank"">In the Realm of the Senses</a>"
tt0098354,Society,1989,3798,6.5,25524,99,Brian Yuzna,"Zeph E. Daniel, Rick Fry","Comedy, Horror","<a href=""https://www.imdb.com/title/tt0098354"" target=""_blank"">tt0098354</a>","<a href=""https://www.imdb.com/title/tt0098354"" target=""_blank"">Society</a>"
tt0104412,Hero,1992,3799,6.5,25420,119,Stephen Frears,"Laura Ziskin, Alvin Sargent, David Webb Peoples","Comedy, Drama, Romance","<a href=""https://www.imdb.com/title/tt0104412"" target=""_blank"">tt0104412</a>","<a href=""https://www.imdb.com/title/tt0104412"" target=""_blank"">Hero</a>"
tt0326905,The Great Raid,2005,3800,6.6,25401,132,John Dahl,"William B. Breuer, Hampton Sides, Carlo Bernard, Doug Miro","Action, Drama, War","<a href=""https://www.imdb.com/title/tt0326905"" target=""_blank"">tt0326905</a>","<a href=""https://www.imdb.com/title/tt0326905"" target=""_blank"">The Great Raid</a>"
tt0173886,Halloweentown,1998,3801,6.5,25356,84,Duwayne Dunham,"Paul Bernbaum, Jon Cooksey, Ali Marie Matheson","Adventure, Comedy, Family","<a href=""https://www.imdb.com/title/tt0173886"" target=""_blank"">tt0173886</a>","<a href=""https://www.imdb.com/title/tt0173886"" target=""_blank"">Halloweentown</a>"
tt0078163,Revenge of the Pink Panther,1978,3802,6.6,25329,99,Blake Edwards,"Frank Waldman, Ron Clark, Blake Edwards","Comedy, Crime, Mystery","<a href=""https://www.imdb.com/title/tt0078163"" target=""_blank"">tt0078163</a>","<a href=""https://www.imdb.com/title/tt0078163"" target=""_blank"">Revenge of the Pink Panther</a>"
tt0111693,When a Man Loves a Woman,1994,3803,6.6,25281,126,Luis Mandoki,"Ron Bass, Al Franken","Drama, Romance","<a href=""https://www.imdb.com/title/tt0111693"" target=""_blank"">tt0111693</a>","<a href=""https://www.imdb.com/title/tt0111693"" target=""_blank"">When a Man Loves a Woman</a>"
tt0065377,Airport,1970,3804,6.6,25214,137,"George Seaton, Henry Hathaway","Arthur Hailey, George Seaton","Action, Drama, Thriller","<a href=""https://www.imdb.com/title/tt0065377"" target=""_blank"">tt0065377</a>","<a href=""https://www.imdb.com/title/tt0065377"" target=""_blank"">Airport</a>"
tt0051658,Gigi,1958,3805,6.6,25211,115,"Vincente Minnelli, Charles Walters","Alan Jay Lerner, Colette, Niven Busch","Comedy, Musical, Romance","<a href=""https://www.imdb.com/title/tt0051658"" target=""_blank"">tt0051658</a>","<a href=""https://www.imdb.com/title/tt0051658"" target=""_blank"">Gigi</a>"
tt0099850,Internal Affairs,1990,3806,6.5,25124,115,Mike Figgis,Henry Bean,"Crime, Drama, Thriller","<a href=""https://www.imdb.com/title/tt0099850"" target=""_blank"">tt0099850</a>","<a href=""https://www.imdb.com/title/tt0099850"" target=""_blank"">Internal Affairs</a>"
tt2527336,Star Wars: Episode VIII - The Last Jedi,2017,3807,6.8,728333,152,Rian Johnson,"Rian Johnson, George Lucas","Action, Adventure, Fantasy","<a href=""https://www.imdb.com/title/tt2527336"" target=""_blank"">tt2527336</a>","<a href=""https://www.imdb.com/title/tt2527336"" target=""_blank"">Star Wars: Episode VIII - The Last Jedi</a>"
tt1517268,Barbie,2023,3808,6.8,707713,114,Greta Gerwig,"Greta Gerwig, Noah Baumbach","Adventure, Comedy, Fantasy","<a href=""https://www.imdb.com/title/tt1517268"" target=""_blank"">tt1517268</a>","<a href=""https://www.imdb.com/title/tt1517268"" target=""_blank"">Barbie</a>"
tt0242653,The Matrix Revolutions,2003,3809,6.8,581042,129,"Lana Wachowski, Lilly Wachowski","Lilly Wachowski, Lana Wachowski","Action, Sci-Fi","<a href=""https://www.imdb.com/title/tt0242653"" target=""_blank"">tt0242653</a>","<a href=""https://www.imdb.com/title/tt0242653"" target=""_blank"">The Matrix Revolutions</a>"
tt1790864,The Maze Runner,2014,3810,6.8,573696,113,Wes Ball,"Noah Oppenheim, Grant Pierce Myers, T.S. Nowlin, James Dashner","Action, Mystery, Sci-Fi","<a href=""https://www.imdb.com/title/tt1790864"" target=""_blank"">tt1790864</a>","<a href=""https://www.imdb.com/title/tt1790864"" target=""_blank"">The Maze Runner</a>"
tt9419884,Doctor Strange in the Multiverse of Madness,2022,3811,6.8,562408,126,Sam Raimi,"Michael Waldron, Stan Lee, Steve Ditko","Action, Adventure, Fantasy","<a href=""https://www.imdb.com/title/tt9419884"" target=""_blank"">tt9419884</a>","<a href=""https://www.imdb.com/title/tt9419884"" target=""_blank"">Doctor Strange in the Multiverse of Madness</a>"
tt1477834,Aquaman,2018,3812,6.8,560878,143,James Wan,"David Leslie Johnson-McGoldrick, Will Beall, Geoff Johns, James Wan, Paul Norris, Mort Weisinger","Action, Adventure, Fantasy","<a href=""https://www.imdb.com/title/tt1477834"" target=""_blank"">tt1477834</a>","<a href=""https://www.imdb.com/title/tt1477834"" target=""_blank"">Aquaman</a>"
tt2379713,Spectre,2015,3813,6.8,502559,148,Sam Mendes,"John Logan, Neal Purvis, Robert Wade, Jez Butterworth, Ian Fleming","Action, Adventure, Thriller","<a href=""https://www.imdb.com/title/tt2379713"" target=""_blank"">tt2379713</a>","<a href=""https://www.imdb.com/title/tt2379713"" target=""_blank"">Spectre</a>"
tt3385516,X-Men: Apocalypse,2016,3814,6.8,500778,144,Bryan Singer,"Simon Kinberg, Bryan Singer, Michael Dougherty, Dan Harris, Jack Kirby, Stan Lee","Action, Adventure, Sci-Fi","<a href=""https://www.imdb.com/title/tt3385516"" target=""_blank"">tt3385516</a>","<a href=""https://www.imdb.com/title/tt3385516"" target=""_blank"">X-Men: Apocalypse</a>"
tt0315327,Bruce Almighty,2003,3815,6.8,476542,101,Tom Shadyac,"Steve Koren, Mark O'Keefe, Steve Oedekerk","Comedy, Fantasy","<a href=""https://www.imdb.com/title/tt0315327"" target=""_blank"">tt0315327</a>","<a href=""https://www.imdb.com/title/tt0315327"" target=""_blank"">Bruce Almighty</a>"
tt0232500,The Fast and the Furious,2001,3816,6.8,467986,106,Rob Cohen,"Ken Li, Gary Scott Thompson, Erik Bergquist, David Ayer","Action, Crime, Thriller","<a href=""https://www.imdb.com/title/tt0232500"" target=""_blank"">tt0232500</a>","<a href=""https://www.imdb.com/title/tt0232500"" target=""_blank"">The Fast and the Furious</a>"
tt0343660,50 First Dates,2004,3817,6.8,421549,99,Peter Segal,George Wing,"Comedy, Drama, Romance","<a href=""https://www.imdb.com/title/tt0343660"" target=""_blank"">tt0343660</a>","<a href=""https://www.imdb.com/title/tt0343660"" target=""_blank"">50 First Dates</a>"
tt0286106,Signs,2002,3818,6.8,419537,106,M. Night Shyamalan,M. Night Shyamalan,"Drama, Mystery, Sci-Fi","<a href=""https://www.imdb.com/title/tt0286106"" target=""_blank"">tt0286106</a>","<a href=""https://www.imdb.com/title/tt0286106"" target=""_blank"">Signs</a>"
tt1409024,Men in Black 3,2012,3819,6.8,416590,106,Barry Sonnenfeld,"Etan Cohen, Lowell Cunningham","Action, Adventure, Comedy","<a href=""https://www.imdb.com/title/tt1409024"" target=""_blank"">tt1409024</a>","<a href=""https://www.imdb.com/title/tt1409024"" target=""_blank"">Men in Black 3</a>"
tt1068680,Yes Man,2008,3820,6.8,409648,104,Peyton Reed,"Nicholas Stoller, Jarrad Paul, Andrew Mogel, Danny Wallace","Comedy, Romance","<a href=""https://www.imdb.com/title/tt1068680"" target=""_blank"">tt1068680</a>","<a href=""https://www.imdb.com/title/tt1068680"" target=""_blank"">Yes Man</a>"
tt1041829,The Proposal,2009,3821,6.8,404760,108,Anne Fletcher,Peter Chiarelli,"Comedy, Drama, Romance","<a href=""https://www.imdb.com/title/tt1041829"" target=""_blank"">tt1041829</a>","<a href=""https://www.imdb.com/title/tt1041829"" target=""_blank"">The Proposal</a>"
tt6857112,Us,2019,3822,6.8,401163,116,Jordan Peele,Jordan Peele,"Horror, Mystery, Thriller","<a href=""https://www.imdb.com/title/tt6857112"" target=""_blank"">tt6857112</a>","<a href=""https://www.imdb.com/title/tt6857112"" target=""_blank"">Us</a>"
tt2798920,Annihilation,2018,3823,6.8,399250,115,Alex Garland,"Alex Garland, Jeff VanderMeer","Adventure, Drama, Horror","<a href=""https://www.imdb.com/title/tt2798920"" target=""_blank"">tt2798920</a>","<a href=""https://www.imdb.com/title/tt2798920"" target=""_blank"">Annihilation</a>"
tt1104001,Tron: Legacy,2010,3824,6.8,390313,125,Joseph Kosinski,"Edward Kitsis, Adam Horowitz, Brian Klugman, Lee Sternthal, Steven Lisberger, Bonnie MacBird","Action, Adventure, Sci-Fi","<a href=""https://www.imdb.com/title/tt1104001"" target=""_blank"">tt1104001</a>","<a href=""https://www.imdb.com/title/tt1104001"" target=""_blank"">Tron: Legacy</a>"
tt1591095,Insidious,2010,3825,6.8,374576,103,James Wan,Leigh Whannell,"Horror, Mystery, Thriller","<a href=""https://www.imdb.com/title/tt1591095"" target=""_blank"">tt1591095</a>","<a href=""https://www.imdb.com/title/tt1591095"" target=""_blank"">Insidious</a>"
tt0463854,28 Weeks Later,2007,3826,6.8,369208,100,Juan Carlos Fresnadillo,"Rowan Joffe, Juan Carlos Fresnadillo, Enrique López Lavigne, Jesús Olmo","Horror, Sci-Fi","<a href=""https://www.imdb.com/title/tt0463854"" target=""_blank"">tt0463854</a>","<a href=""https://www.imdb.com/title/tt0463854"" target=""_blank"">28 Weeks Later</a>"
tt1037705,The Book of Eli,2010,3827,6.8,364799,118,"Albert Hughes, Allen Hughes",Gary Whitta,"Action, Adventure, Drama","<a href=""https://www.imdb.com/title/tt1037705"" target=""_blank"">tt1037705</a>","<a href=""https://www.imdb.com/title/tt1037705"" target=""_blank"">The Book of Eli</a>"
tt0399201,The Island,2005,3828,6.8,345693,136,Michael Bay,"Caspian Tredwell-Owen, Alex Kurtzman, Roberto Orci","Action, Sci-Fi, Thriller","<a href=""https://www.imdb.com/title/tt0399201"" target=""_blank"">tt0399201</a>","<a href=""https://www.imdb.com/title/tt0399201"" target=""_blank"">The Island</a>"
tt0293662,The Transporter,2002,3829,6.8,341466,92,Corey Yuen,"Luc Besson, Robert Mark Kamen","Action, Crime, Thriller","<a href=""https://www.imdb.com/title/tt0293662"" target=""_blank"">tt0293662</a>","<a href=""https://www.imdb.com/title/tt0293662"" target=""_blank"">The Transporter</a>"
tt1598778,Contagion,2011,3830,6.8,334679,106,Steven Soderbergh,Scott Z. Burns,"Drama, Thriller","<a href=""https://www.imdb.com/title/tt1598778"" target=""_blank"">tt1598778</a>","<a href=""https://www.imdb.com/title/tt1598778"" target=""_blank"">Contagion</a>"
tt1478338,Bridesmaids,2011,3831,6.8,328870,125,Paul Feig,"Kristen Wiig, Annie Mumolo",Comedy,"<a href=""https://www.imdb.com/title/tt1478338"" target=""_blank"">tt1478338</a>","<a href=""https://www.imdb.com/title/tt1478338"" target=""_blank"">Bridesmaids</a>"
tt10954984,Nope,2022,3832,6.8,324116,130,Jordan Peele,Jordan Peele,"Horror, Mystery, Sci-Fi","<a href=""https://www.imdb.com/title/tt10954984"" target=""_blank"">tt10954984</a>","<a href=""https://www.imdb.com/title/tt10954984"" target=""_blank"">Nope</a>"
tt1922777,Sinister,2012,3833,6.8,323882,110,Scott Derrickson,"Scott Derrickson, C. Robert Cargill","Horror, Mystery, Thriller","<a href=""https://www.imdb.com/title/tt1922777"" target=""_blank"">tt1922777</a>","<a href=""https://www.imdb.com/title/tt1922777"" target=""_blank"">Sinister</a>"
tt0438097,Ice Age: The Meltdown,2006,3834,6.8,322539,91,Carlos Saldanha,"Peter Gaulke, Gerry Swallow, Jim Hecht, Michael J. Wilson","Adventure, Animation, Comedy","<a href=""https://www.imdb.com/title/tt0438097"" target=""_blank"">tt0438097</a>","<a href=""https://www.imdb.com/title/tt0438097"" target=""_blank"">Ice Age: The Meltdown</a>"
tt0112442,Bad Boys,1995,3835,6.8,319534,119,Michael Bay,"George Gallo, Michael Barrie, Jim Mulholland, Doug Richardson","Action, Comedy, Crime","<a href=""https://www.imdb.com/title/tt0112442"" target=""_blank"">tt0112442</a>","<a href=""https://www.imdb.com/title/tt0112442"" target=""_blank"">Bad Boys</a>"
tt0450385,1408,2007,3836,6.8,318023,104,Mikael Håfström,"Matt Greenberg, Scott Alexander, Larry Karaszewski, Stephen King","Fantasy, Horror, Mystery","<a href=""https://www.imdb.com/title/tt0450385"" target=""_blank"">tt0450385</a>","<a href=""https://www.imdb.com/title/tt0450385"" target=""_blank"">1408</a>"
tt0258000,Panic Room,2002,3837,6.8,317522,112,David Fincher,David Koepp,"Crime, Drama, Thriller","<a href=""https://www.imdb.com/title/tt0258000"" target=""_blank"">tt0258000</a>","<a href=""https://www.imdb.com/title/tt0258000"" target=""_blank"">Panic Room</a>"
tt0212985,Hannibal,2001,3838,6.8,317403,131,Ridley Scott,"Thomas Harris, David Mamet, Steven Zaillian","Crime, Drama, Thriller","<a href=""https://www.imdb.com/title/tt0212985"" target=""_blank"">tt0212985</a>","<a href=""https://www.imdb.com/title/tt0212985"" target=""_blank"">Hannibal</a>"
tt3235888,It Follows,2014,3839,6.8,305566,100,David Robert Mitchell,David Robert Mitchell,"Horror, Mystery, Thriller","<a href=""https://www.imdb.com/title/tt3235888"" target=""_blank"">tt3235888</a>","<a href=""https://www.imdb.com/title/tt3235888"" target=""_blank"">It Follows</a>"
tt6105098,The Lion King,2019,3840,6.8,296221,118,Jon Favreau,"Jeff Nathanson, Irene Mecchi, Jonathan Roberts, Linda Woolverton","Adventure, Animation, Drama","<a href=""https://www.imdb.com/title/tt6105098"" target=""_blank"">tt6105098</a>","<a href=""https://www.imdb.com/title/tt6105098"" target=""_blank"">The Lion King</a>"
tt0102057,Hook,1991,3841,6.8,295177,142,Steven Spielberg,"J.M. Barrie, James V. Hart, Nick Castle, Malia Scotch Marmo","Adventure, Comedy, Family","<a href=""https://www.imdb.com/title/tt0102057"" target=""_blank"">tt0102057</a>","<a href=""https://www.imdb.com/title/tt0102057"" target=""_blank"">Hook</a>"
tt8936646,Extraction,2020,3842,6.8,294761,116,Sam Hargrave,"Joe Russo, Ande Parks, Anthony Russo, Fernando León González","Action, Crime, Thriller","<a href=""https://www.imdb.com/title/tt8936646"" target=""_blank"">tt8936646</a>","<a href=""https://www.imdb.com/title/tt8936646"" target=""_blank"">Extraction</a>"
tt10676052,The Fantastic Four: First Steps,2025,3843,6.8,294200,115,Matt Shakman,"Josh Friedman, Eric Pearson, Jeff Kaplan, Ian Springer, Kat Wood, Stan Lee, Jack Kirby","Action, Adventure, Sci-Fi","<a href=""https://www.imdb.com/title/tt10676052"" target=""_blank"">tt10676052</a>","<a href=""https://www.imdb.com/title/tt10676052"" target=""_blank"">The Fantastic Four: First Steps</a>"
tt0243155,Bridget Jones's Diary,2001,3844,6.8,289768,97,Sharon Maguire,"Helen Fielding, Andrew Davies, Richard Curtis","Comedy, Drama, Romance","<a href=""https://www.imdb.com/title/tt0243155"" target=""_blank"">tt0243155</a>","<a href=""https://www.imdb.com/title/tt0243155"" target=""_blank"">Bridget Jones's Diary</a>"
tt1823672,Chappie,2015,3845,6.8,286291,120,Neill Blomkamp,"Neill Blomkamp, Terri Tatchell","Action, Crime, Drama","<a href=""https://www.imdb.com/title/tt1823672"" target=""_blank"">tt1823672</a>","<a href=""https://www.imdb.com/title/tt1823672"" target=""_blank"">Chappie</a>"
tt0478087,21,2008,3846,6.8,283370,123,Robert Luketic,"Peter Steinfeld, Allan Loeb, Ben Mezrich","Crime, Drama, Thriller","<a href=""https://www.imdb.com/title/tt0478087"" target=""_blank"">tt0478087</a>","<a href=""https://www.imdb.com/title/tt0478087"" target=""_blank"">21</a>"
tt1401152,Unknown,2011,3847,6.8,277771,113,Jaume Collet-Serra,"Oliver Butcher, Stephen Cornwell, Didier Van Cauwelaert","Action, Mystery, Thriller","<a href=""https://www.imdb.com/title/tt1401152"" target=""_blank"">tt1401152</a>","<a href=""https://www.imdb.com/title/tt1401152"" target=""_blank"">Unknown</a>"
tt0486822,Disturbia,2007,3848,6.8,277066,105,D.J. Caruso,"Christopher Landon, Carl Ellsworth","Crime, Drama, Mystery","<a href=""https://www.imdb.com/title/tt0486822"" target=""_blank"">tt0486822</a>","<a href=""https://www.imdb.com/title/tt0486822"" target=""_blank"">Disturbia</a>"
tt1684562,The Fall Guy,2024,3849,6.8,275504,126,David Leitch,"Glen A. Larson, Drew Pearce","Action, Comedy, Drama","<a href=""https://www.imdb.com/title/tt1684562"" target=""_blank"">tt1684562</a>","<a href=""https://www.imdb.com/title/tt1684562"" target=""_blank"">The Fall Guy</a>"
tt2321549,The Babadook,2014,3850,6.8,273571,94,Jennifer Kent,Jennifer Kent,"Drama, Horror, Mystery","<a href=""https://www.imdb.com/title/tt2321549"" target=""_blank"">tt2321549</a>","<a href=""https://www.imdb.com/title/tt2321549"" target=""_blank"">The Babadook</a>"
tt1289401,Ghostbusters,2016,3851,6.8,260948,117,Paul Feig,"Katie Dippold, Paul Feig, Ivan Reitman, Dan Aykroyd, Harold Ramis","Action, Comedy, Fantasy","<a href=""https://www.imdb.com/title/tt1289401"" target=""_blank"">tt1289401</a>","<a href=""https://www.imdb.com/title/tt1289401"" target=""_blank"">Ghostbusters</a>"
tt1588173,Warm Bodies,2013,3852,6.8,257428,98,Jonathan Levine,"Isaac Marion, Jonathan Levine","Action, Adventure, Comedy","<a href=""https://www.imdb.com/title/tt1588173"" target=""_blank"">tt1588173</a>","<a href=""https://www.imdb.com/title/tt1588173"" target=""_blank"">Warm Bodies</a>"
tt0430922,Role Models,2008,3853,6.8,253643,99,David Wain,"Timothy Dowling, William Blake Herron, Paul Rudd, David Wain, Ken Marino",Comedy,"<a href=""https://www.imdb.com/title/tt0430922"" target=""_blank"">tt0430922</a>","<a href=""https://www.imdb.com/title/tt0430922"" target=""_blank"">Role Models</a>"
tt0397892,Bolt,2008,3854,6.8,251821,96,"Byron Howard, Chris Williams","Dan Fogelman, Chris Williams","Adventure, Animation, Comedy","<a href=""https://www.imdb.com/title/tt0397892"" target=""_blank"">tt0397892</a>","<a href=""https://www.imdb.com/title/tt0397892"" target=""_blank"">Bolt</a>"
tt0128853,You've Got Mail,1998,3855,6.8,249197,119,Nora Ephron,"Miklós László, Nora Ephron, Delia Ephron","Comedy, Drama, Romance","<a href=""https://www.imdb.com/title/tt0128853"" target=""_blank"">tt0128853</a>","<a href=""https://www.imdb.com/title/tt0128853"" target=""_blank"">You've Got Mail</a>"
tt0079501,Mad Max,1979,3856,6.8,247441,88,George Miller,"James McCausland, George Miller, Byron Kennedy","Action, Adventure, Sci-Fi","<a href=""https://www.imdb.com/title/tt0079501"" target=""_blank"">tt0079501</a>","<a href=""https://www.imdb.com/title/tt0079501"" target=""_blank"">Mad Max</a>"
tt10293406,The Power of the Dog,2021,3857,6.8,245333,126,Jane Campion,"Jane Campion, Thomas Savage","Drama, Western","<a href=""https://www.imdb.com/title/tt10293406"" target=""_blank"">tt10293406</a>","<a href=""https://www.imdb.com/title/tt10293406"" target=""_blank"">The Power of the Dog</a>"
tt2316411,Enemy,2013,3858,6.8,245191,91,Denis Villeneuve,"José Saramago, Javier Gullón","Drama, Mystery, Thriller","<a href=""https://www.imdb.com/title/tt2316411"" target=""_blank"">tt2316411</a>","<a href=""https://www.imdb.com/title/tt2316411"" target=""_blank"">Enemy</a>"
tt1605630,American Reunion,2012,3859,6.7,235787,113,"Jon Hurwitz, Hayden Schlossberg","Jon Hurwitz, Hayden Schlossberg, Adam Herz",Comedy,"<a href=""https://www.imdb.com/title/tt1605630"" target=""_blank"">tt1605630</a>","<a href=""https://www.imdb.com/title/tt1605630"" target=""_blank"">American Reunion</a>"
tt3766354,The Equalizer 2,2018,3860,6.7,234087,121,Antoine Fuqua,"Richard Wenk, Michael Sloan, Richard Lindheim","Action, Crime, Mystery","<a href=""https://www.imdb.com/title/tt3766354"" target=""_blank"">tt3766354</a>","<a href=""https://www.imdb.com/title/tt3766354"" target=""_blank"">The Equalizer 2</a>"
tt0339291,A Series of Unfortunate Events,2004,3861,6.8,233281,108,Brad Silberling,"Robert Gordon, Daniel Handler","Adventure, Comedy, Family","<a href=""https://www.imdb.com/title/tt0339291"" target=""_blank"">tt0339291</a>","<a href=""https://www.imdb.com/title/tt0339291"" target=""_blank"">A Series of Unfortunate Events</a>"
tt1321870,Gangster Squad,2013,3862,6.7,230378,113,Ruben Fleischer,"Will Beall, Paul Lieberman","Action, Crime, Drama","<a href=""https://www.imdb.com/title/tt1321870"" target=""_blank"">tt1321870</a>","<a href=""https://www.imdb.com/title/tt1321870"" target=""_blank"">Gangster Squad</a>"
tt1136617,The Killer,2023,3863,6.7,228383,118,David Fincher,"Alexis Nolent, Luc Jacamon, Andrew Kevin Walker","Action, Adventure, Crime","<a href=""https://www.imdb.com/title/tt1136617"" target=""_blank"">tt1136617</a>","<a href=""https://www.imdb.com/title/tt1136617"" target=""_blank"">The Killer</a>"
tt4520988,Frozen II,2019,3864,6.8,224222,103,"Chris Buck, Jennifer Lee","Jennifer Lee, Hans Christian Andersen, Chris Buck, Marc Smith, Kristen Anderson-Lopez, Robert Lopez, Allison Schroeder","Adventure, Animation, Comedy","<a href=""https://www.imdb.com/title/tt4520988"" target=""_blank"">tt4520988</a>","<a href=""https://www.imdb.com/title/tt4520988"" target=""_blank"">Frozen II</a>"
tt0139134,Cruel Intentions,1999,3865,6.8,223065,97,Roger Kumble,"Choderlos de Laclos, Roger Kumble","Drama, Romance","<a href=""https://www.imdb.com/title/tt0139134"" target=""_blank"">tt0139134</a>","<a href=""https://www.imdb.com/title/tt0139134"" target=""_blank"">Cruel Intentions</a>"
tt2406566,Atomic Blonde,2017,3866,6.7,222599,115,David Leitch,"Kurt Johnstad, Antony Johnston, Sam Hart","Action, Adventure, Thriller","<a href=""https://www.imdb.com/title/tt2406566"" target=""_blank"">tt2406566</a>","<a href=""https://www.imdb.com/title/tt2406566"" target=""_blank"">Atomic Blonde</a>"
tt1277953,Madagascar 3: Europe's Most Wanted,2012,3867,6.8,221886,93,"Eric Darnell, Tom McGrath, Conrad Vernon","Eric Darnell, Noah Baumbach, Alejandro Bien-Willner","Adventure, Animation, Comedy","<a href=""https://www.imdb.com/title/tt1277953"" target=""_blank"">tt1277953</a>","<a href=""https://www.imdb.com/title/tt1277953"" target=""_blank"">Madagascar 3: Europe's Most Wanted</a>"
tt26657236,Backrooms,2026,3868,6.7,221335,126,Kane Parsons,"Will Soodik, Kane Parsons","Horror, Sci-Fi, Thriller","<a href=""https://www.imdb.com/title/tt26657236"" target=""_blank"">tt26657236</a>","<a href=""https://www.imdb.com/title/tt26657236"" target=""_blank"">Backrooms</a>"
tt0477080,Unstoppable,2010,3869,6.8,221181,98,Tony Scott,Mark Bomback,"Action, Thriller","<a href=""https://www.imdb.com/title/tt0477080"" target=""_blank"">tt0477080</a>","<a href=""https://www.imdb.com/title/tt0477080"" target=""_blank"">Unstoppable</a>"
tt0114148,Pocahontas,1995,3870,6.7,220499,81,"Mike Gabriel, Eric Goldberg","Carl Binder, Susannah Grant, Philip LaZebnik, Glen Keane, Joe Grant, Ralph Zondag, Burny Mattinson, Ed Gombert, Kaan Kalyon, Francis Glebas, Rob Gibbs, Bruce Morris, Todd Kurosawa, Duncan Marjoribanks, Chris Buck, Andrew Chapman, Randy Cartwright, Will Finn, Broose Johnson, T. Daniel Hofstedt, David Pruiksma, Nik Ranieri, Vincent DeFrances, Tom Mazzocco, Don Dougherty, Jorgen Klubien, Mike Gabriel","Adventure, Animation, Drama","<a href=""https://www.imdb.com/title/tt0114148"" target=""_blank"">tt0114148</a>","<a href=""https://www.imdb.com/title/tt0114148"" target=""_blank"">Pocahontas</a>"
tt0401855,Underworld: Evolution,2006,3871,6.7,219597,106,Len Wiseman,"Danny McBride, Len Wiseman, Kevin Grevioux","Action, Fantasy, Thriller","<a href=""https://www.imdb.com/title/tt0401855"" target=""_blank"">tt0401855</a>","<a href=""https://www.imdb.com/title/tt0401855"" target=""_blank"">Underworld: Evolution</a>"
tt0371724,The Hitchhiker's Guide to the Galaxy,2005,3872,6.7,218740,109,Garth Jennings,"Douglas Adams, Karey Kirkpatrick","Adventure, Comedy, Sci-Fi","<a href=""https://www.imdb.com/title/tt0371724"" target=""_blank"">tt0371724</a>","<a href=""https://www.imdb.com/title/tt0371724"" target=""_blank"">The Hitchhiker's Guide to the Galaxy</a>"
tt0993842,Hanna,2011,3873,6.7,216043,111,Joe Wright,"Seth Lochhead, David Farr","Action, Adventure, Drama","<a href=""https://www.imdb.com/title/tt0993842"" target=""_blank"">tt0993842</a>","<a href=""https://www.imdb.com/title/tt0993842"" target=""_blank"">Hanna</a>"
tt1606389,The Vow,2012,3874,6.8,215954,104,Michael Sucsy,"Abby Kohn, Marc Silverstein, Jason Katims, Stuart Sender","Drama, Romance","<a href=""https://www.imdb.com/title/tt1606389"" target=""_blank"">tt1606389</a>","<a href=""https://www.imdb.com/title/tt1606389"" target=""_blank"">The Vow</a>"
tt7556122,The Old Guard,2020,3875,6.7,213177,125,Gina Prince-Bythewood,"Greg Rucka, Leandro Fernandez","Action, Fantasy, Thriller","<a href=""https://www.imdb.com/title/tt7556122"" target=""_blank"">tt7556122</a>","<a href=""https://www.imdb.com/title/tt7556122"" target=""_blank"">The Old Guard</a>"
tt0120746,The Mask of Zorro,1998,3876,6.8,212558,136,Martin Campbell,"Johnston McCulley, Ted Elliott, Terry Rossio, Randall Jahnson, John Eskow","Action, Adventure, Comedy","<a href=""https://www.imdb.com/title/tt0120746"" target=""_blank"">tt0120746</a>","<a href=""https://www.imdb.com/title/tt0120746"" target=""_blank"">The Mask of Zorro</a>"
tt4701182,Bumblebee,2018,3877,6.7,212548,114,Travis Knight,Christina Hodson,"Action, Adventure, Sci-Fi","<a href=""https://www.imdb.com/title/tt4701182"" target=""_blank"">tt4701182</a>","<a href=""https://www.imdb.com/title/tt4701182"" target=""_blank"">Bumblebee</a>"
tt0142688,The Ninth Gate,1999,3878,6.7,212397,133,Roman Polanski,"Arturo Pérez-Reverte, John Brownjohn, Enrique Urbizu, Roman Polanski","Mystery, Thriller","<a href=""https://www.imdb.com/title/tt0142688"" target=""_blank"">tt0142688</a>","<a href=""https://www.imdb.com/title/tt0142688"" target=""_blank"">The Ninth Gate</a>"
tt0106697,Demolition Man,1993,3879,6.7,211654,115,Marco Brambilla,"Peter M. Lenkov, Robert Reneau, Daniel Waters","Action, Sci-Fi, Thriller","<a href=""https://www.imdb.com/title/tt0106697"" target=""_blank"">tt0106697</a>","<a href=""https://www.imdb.com/title/tt0106697"" target=""_blank"">Demolition Man</a>"
tt1935859,Miss Peregrine's Home for Peculiar Children,2016,3880,6.7,211507,127,Tim Burton,"Ransom Riggs, Jane Goldman","Adventure, Drama, Family","<a href=""https://www.imdb.com/title/tt1935859"" target=""_blank"">tt1935859</a>","<a href=""https://www.imdb.com/title/tt1935859"" target=""_blank"">Miss Peregrine's Home for Peculiar Children</a>"
tt0108160,Sleepless in Seattle,1993,3881,6.8,210575,105,Nora Ephron,"Jeff Arch, Nora Ephron, David S. Ward","Comedy, Drama, Romance","<a href=""https://www.imdb.com/title/tt0108160"" target=""_blank"">tt0108160</a>","<a href=""https://www.imdb.com/title/tt0108160"" target=""_blank"">Sleepless in Seattle</a>"
tt11858890,The Creator,2023,3882,6.7,205993,133,Gareth Edwards,"Gareth Edwards, Chris Weitz","Action, Adventure, Drama","<a href=""https://www.imdb.com/title/tt11858890"" target=""_blank"">tt11858890</a>","<a href=""https://www.imdb.com/title/tt11858890"" target=""_blank"">The Creator</a>"
tt0327084,Over the Hedge,2006,3883,6.7,205853,83,"Tim Johnson, Karey Kirkpatrick","Len Blum, Lorne Cameron, David Hoselton, Karey Kirkpatrick, Michael Fry, T. Lewis, Chris Poche, Eric Forsberg, Mike de Seve","Adventure, Animation, Comedy","<a href=""https://www.imdb.com/title/tt0327084"" target=""_blank"">tt0327084</a>","<a href=""https://www.imdb.com/title/tt0327084"" target=""_blank"">Over the Hedge</a>"
tt1355683,Black Mass,2015,3884,6.8,204378,123,Scott Cooper,"Dick Lehr, Gerard O'Neill, Jez Butterworth, Mark Mallouk","Biography, Crime, Drama","<a href=""https://www.imdb.com/title/tt1355683"" target=""_blank"">tt1355683</a>","<a href=""https://www.imdb.com/title/tt1355683"" target=""_blank"">Black Mass</a>"
tt27543632,The Housemaid,2025,3885,6.7,203241,131,Paul Feig,"Rebecca Sonnenshine, Freida McFadden","Drama, Mystery, Thriller","<a href=""https://www.imdb.com/title/tt27543632"" target=""_blank"">tt27543632</a>","<a href=""https://www.imdb.com/title/tt27543632"" target=""_blank"">The Housemaid</a>"
tt0145681,The Bone Collector,1999,3886,6.7,203097,118,Phillip Noyce,"Jeffery Deaver, Jeremy Iacone","Crime, Drama, Mystery","<a href=""https://www.imdb.com/title/tt0145681"" target=""_blank"">tt0145681</a>","<a href=""https://www.imdb.com/title/tt0145681"" target=""_blank"">The Bone Collector</a>"
tt0478304,The Tree of Life,2011,3887,6.8,193659,139,Terrence Malick,Terrence Malick,"Drama, Fantasy","<a href=""https://www.imdb.com/title/tt0478304"" target=""_blank"">tt0478304</a>","<a href=""https://www.imdb.com/title/tt0478304"" target=""_blank"">The Tree of Life</a>"
tt7040874,A Simple Favor,2018,3888,6.7,192273,117,Paul Feig,"Darcey Bell, Jessica Sharzer","Comedy, Crime, Mystery","<a href=""https://www.imdb.com/title/tt7040874"" target=""_blank"">tt7040874</a>","<a href=""https://www.imdb.com/title/tt7040874"" target=""_blank"">A Simple Favor</a>"
tt0104714,Lethal Weapon 3,1992,3889,6.7,190368,118,Richard Donner,"Jeffrey Boam, Robert Mark Kamen, Shane Black","Action, Crime, Thriller","<a href=""https://www.imdb.com/title/tt0104714"" target=""_blank"">tt0104714</a>","<a href=""https://www.imdb.com/title/tt0104714"" target=""_blank"">Lethal Weapon 3</a>"
tt0088944,Commando,1985,3890,6.7,190037,90,Mark L. Lester,"Jeph Loeb, Matthew Weisman, Steven E. de Souza","Action, Adventure, Thriller","<a href=""https://www.imdb.com/title/tt0088944"" target=""_blank"">tt0088944</a>","<a href=""https://www.imdb.com/title/tt0088944"" target=""_blank"">Commando</a>"
tt8079248,Yesterday,2019,3891,6.8,187589,116,Danny Boyle,"Richard Curtis, Jack Barth","Comedy, Fantasy, Music","<a href=""https://www.imdb.com/title/tt8079248"" target=""_blank"">tt8079248</a>","<a href=""https://www.imdb.com/title/tt8079248"" target=""_blank"">Yesterday</a>"
tt13654226,The Gorge,2025,3892,6.7,182210,128,Scott Derrickson,Zach Dean,"Action, Adventure, Horror","<a href=""https://www.imdb.com/title/tt13654226"" target=""_blank"">tt13654226</a>","<a href=""https://www.imdb.com/title/tt13654226"" target=""_blank"">The Gorge</a>"
tt0120783,The Parent Trap,1998,3893,6.7,177246,128,Nancy Meyers,"Erich Kästner, David Swift, Nancy Meyers, Charles Shyer","Adventure, Comedy, Drama","<a href=""https://www.imdb.com/title/tt0120783"" target=""_blank"">tt0120783</a>","<a href=""https://www.imdb.com/title/tt0120783"" target=""_blank"">The Parent Trap</a>"
tt0120681,From Hell,2001,3894,6.7,173414,122,"Albert Hughes, Allen Hughes","Alan Moore, Eddie Campbell, Terry Hayes, Rafael Yglesias","Crime, Horror, Mystery","<a href=""https://www.imdb.com/title/tt0120681"" target=""_blank"">tt0120681</a>","<a href=""https://www.imdb.com/title/tt0120681"" target=""_blank"">From Hell</a>"
tt9619824,Final Destination: Bloodlines,2025,3895,6.7,172906,110,"Zach Lipovsky, Adam B. Stein","Guy Busick, Lori Evans Taylor, Jon Watts, Jeffrey Reddick","Horror, Thriller","<a href=""https://www.imdb.com/title/tt9619824"" target=""_blank"">tt9619824</a>","<a href=""https://www.imdb.com/title/tt9619824"" target=""_blank"">Final Destination: Bloodlines</a>"
tt0122933,Analyze This,1999,3896,6.7,170803,103,Harold Ramis,"Kenneth Lonergan, Peter Tolan, Harold Ramis","Comedy, Crime","<a href=""https://www.imdb.com/title/tt0122933"" target=""_blank"">tt0122933</a>","<a href=""https://www.imdb.com/title/tt0122933"" target=""_blank"">Analyze This</a>"
tt1188729,Pandorum,2009,3897,6.7,169606,108,Christian Alvart,"Travis Milloy, Christian Alvart","Action, Horror, Mystery","<a href=""https://www.imdb.com/title/tt1188729"" target=""_blank"">tt1188729</a>","<a href=""https://www.imdb.com/title/tt1188729"" target=""_blank"">Pandorum</a>"
tt0385880,Monster House,2006,3898,6.7,158851,91,Gil Kenan,"Dan Harmon, Rob Schrab, Pamela Pettler","Animation, Comedy, Family","<a href=""https://www.imdb.com/title/tt0385880"" target=""_blank"">tt0385880</a>","<a href=""https://www.imdb.com/title/tt0385880"" target=""_blank"">Monster House</a>"
tt1054606,The Imaginarium of Doctor Parnassus,2009,3899,6.7,158454,123,Terry Gilliam,"Terry Gilliam, Charles McKeown","Adventure, Comedy, Fantasy","<a href=""https://www.imdb.com/title/tt1054606"" target=""_blank"">tt1054606</a>","<a href=""https://www.imdb.com/title/tt1054606"" target=""_blank"">The Imaginarium of Doctor Parnassus</a>"
tt8036976,Send Help,2026,3900,6.7,158427,113,Sam Raimi,"Damian Shannon, Mark Swift","Adventure, Horror, Thriller","<a href=""https://www.imdb.com/title/tt8036976"" target=""_blank"">tt8036976</a>","<a href=""https://www.imdb.com/title/tt8036976"" target=""_blank"">Send Help</a>"
tt3606752,Cars 3,2017,3901,6.7,158393,102,Brian Fee,"Brian Fee, Ben Queen, Eyal Podell, Jonathon E. Stewart, Kiel Murray, Bob Peterson, Mike Rich","Adventure, Animation, Comedy","<a href=""https://www.imdb.com/title/tt3606752"" target=""_blank"">tt3606752</a>","<a href=""https://www.imdb.com/title/tt3606752"" target=""_blank"">Cars 3</a>"
tt29268110,Smile 2,2024,3902,6.7,155090,127,Parker Finn,Parker Finn,"Horror, Mystery, Thriller","<a href=""https://www.imdb.com/title/tt29268110"" target=""_blank"">tt29268110</a>","<a href=""https://www.imdb.com/title/tt29268110"" target=""_blank"">Smile 2</a>"
tt0104070,Death Becomes Her,1992,3903,6.7,152469,104,Robert Zemeckis,"Martin Donovan, David Koepp","Comedy, Fantasy, Horror","<a href=""https://www.imdb.com/title/tt0104070"" target=""_blank"">tt0104070</a>","<a href=""https://www.imdb.com/title/tt0104070"" target=""_blank"">Death Becomes Her</a>"
tt0404032,The Exorcism of Emily Rose,2005,3904,6.7,150990,119,Scott Derrickson,"Paul Harris Boardman, Scott Derrickson","Drama, Horror, Thriller","<a href=""https://www.imdb.com/title/tt0404032"" target=""_blank"">tt0404032</a>","<a href=""https://www.imdb.com/title/tt0404032"" target=""_blank"">The Exorcism of Emily Rose</a>"
tt0087928,Police Academy,1984,3905,6.7,150901,96,Hugh Wilson,"Neal Israel, Pat Proft, Hugh Wilson, Paul Maslansky",Comedy,"<a href=""https://www.imdb.com/title/tt0087928"" target=""_blank"">tt0087928</a>","<a href=""https://www.imdb.com/title/tt0087928"" target=""_blank"">Police Academy</a>"
tt32642706,The Rip,2026,3906,6.7,148502,113,Joe Carnahan,"Joe Carnahan, Michael McGrale","Action, Crime, Drama","<a href=""https://www.imdb.com/title/tt32642706"" target=""_blank"">tt32642706</a>","<a href=""https://www.imdb.com/title/tt32642706"" target=""_blank"">The Rip</a>"
tt0084827,Tron,1982,3907,6.7,147809,96,Steven Lisberger,"Steven Lisberger, Bonnie MacBird","Action, Adventure, Sci-Fi","<a href=""https://www.imdb.com/title/tt0084827"" target=""_blank"">tt0084827</a>","<a href=""https://www.imdb.com/title/tt0084827"" target=""_blank"">Tron</a>"
tt0107977,Robin Hood: Men in Tights,1993,3908,6.7,147562,104,Mel Brooks,"J.D. Shapiro, Evan Chandler, Mel Brooks","Adventure, Comedy, Musical","<a href=""https://www.imdb.com/title/tt0107977"" target=""_blank"">tt0107977</a>","<a href=""https://www.imdb.com/title/tt0107977"" target=""_blank"">Robin Hood: Men in Tights</a>"
tt0427327,Hairspray,2007,3909,6.7,147060,117,Adam Shankman,"Leslie Dixon, John Waters, Mark O'Donnell, Thomas Meehan","Comedy, Drama, Musical","<a href=""https://www.imdb.com/title/tt0427327"" target=""_blank"">tt0427327</a>","<a href=""https://www.imdb.com/title/tt0427327"" target=""_blank"">Hairspray</a>"
tt0117438,Ransom,1996,3910,6.7,145581,121,Ron Howard,"Cyril Hume, Richard Maibaum, Richard Price, Alexander Ignon","Action, Crime, Drama","<a href=""https://www.imdb.com/title/tt0117438"" target=""_blank"">tt0117438</a>","<a href=""https://www.imdb.com/title/tt0117438"" target=""_blank"">Ransom</a>"
tt1979388,The Good Dinosaur,2015,3911,6.7,142917,93,Peter Sohn,"Bob Peterson, Peter Sohn, Erik Benson, Meg LeFauve, Kelsey Mann, Peter Hedges, Adrian Molina","Action, Adventure, Animation","<a href=""https://www.imdb.com/title/tt1979388"" target=""_blank"">tt1979388</a>","<a href=""https://www.imdb.com/title/tt1979388"" target=""_blank"">The Good Dinosaur</a>"
tt0190138,The Whole Nine Yards,2000,3912,6.7,136783,98,Jonathan Lynn,Mitchell Kapner,"Comedy, Crime","<a href=""https://www.imdb.com/title/tt0190138"" target=""_blank"">tt0190138</a>","<a href=""https://www.imdb.com/title/tt0190138"" target=""_blank"">The Whole Nine Yards</a>"
tt5742374,You Were Never Really Here,2017,3913,6.7,136695,89,Lynne Ramsay,"Lynne Ramsay, Jonathan Ames","Crime, Drama, Thriller","<a href=""https://www.imdb.com/title/tt5742374"" target=""_blank"">tt5742374</a>","<a href=""https://www.imdb.com/title/tt5742374"" target=""_blank"">You Were Never Really Here</a>"
tt1258197,Exam,2009,3914,6.7,136468,101,Stuart Hazeldine,"Stuart Hazeldine, Simon Garrity","Crime, Mystery, Thriller","<a href=""https://www.imdb.com/title/tt1258197"" target=""_blank"">tt1258197</a>","<a href=""https://www.imdb.com/title/tt1258197"" target=""_blank"">Exam</a>"
tt0120632,City of Angels,1998,3915,6.7,136241,114,Brad Silberling,"Wim Wenders, Peter Handke, Richard Reitinger, Dana Stevens","Drama, Fantasy, Romance","<a href=""https://www.imdb.com/title/tt0120632"" target=""_blank"">tt0120632</a>","<a href=""https://www.imdb.com/title/tt0120632"" target=""_blank"">City of Angels</a>"
tt1911644,The Call,2013,3916,6.7,135993,94,Brad Anderson,"Richard D'Ovidio, Nicole D'Ovidio, Jon Bokenkamp","Crime, Drama, Horror","<a href=""https://www.imdb.com/title/tt1911644"" target=""_blank"">tt1911644</a>","<a href=""https://www.imdb.com/title/tt1911644"" target=""_blank"">The Call</a>"
tt0094862,Child's Play,1988,3917,6.7,134437,87,Tom Holland,"Don Mancini, John Lafia, Tom Holland","Horror, Thriller","<a href=""https://www.imdb.com/title/tt0094862"" target=""_blank"">tt0094862</a>","<a href=""https://www.imdb.com/title/tt0094862"" target=""_blank"">Child's Play</a>"
tt1206543,Out of the Furnace,2013,3918,6.7,133755,116,Scott Cooper,"Brad Ingelsby, Scott Cooper","Crime, Drama, Thriller","<a href=""https://www.imdb.com/title/tt1206543"" target=""_blank"">tt1206543</a>","<a href=""https://www.imdb.com/title/tt1206543"" target=""_blank"">Out of the Furnace</a>"
tt1355630,If I Stay,2014,3919,6.7,131984,107,R.J. Cutler,"Shauna Cross, Gayle Forman","Comedy, Drama, Fantasy","<a href=""https://www.imdb.com/title/tt1355630"" target=""_blank"">tt1355630</a>","<a href=""https://www.imdb.com/title/tt1355630"" target=""_blank"">If I Stay</a>"
tt0425123,Just Like Heaven,2005,3920,6.7,128824,95,Mark Waters,"Peter Tolan, Leslie Dixon, Marc Lévy","Comedy, Drama, Fantasy","<a href=""https://www.imdb.com/title/tt0425123"" target=""_blank"">tt0425123</a>","<a href=""https://www.imdb.com/title/tt0425123"" target=""_blank"">Just Like Heaven</a>"
tt0467200,The Other Boleyn Girl,2008,3921,6.7,128225,115,Justin Chadwick,"Peter Morgan, Philippa Gregory","Biography, Drama, History","<a href=""https://www.imdb.com/title/tt0467200"" target=""_blank"">tt0467200</a>","<a href=""https://www.imdb.com/title/tt0467200"" target=""_blank"">The Other Boleyn Girl</a>"
tt0102059,Hot Shots!,1991,3922,6.7,126353,85,Jim Abrahams,"Jim Abrahams, Pat Proft","Action, Comedy","<a href=""https://www.imdb.com/title/tt0102059"" target=""_blank"">tt0102059</a>","<a href=""https://www.imdb.com/title/tt0102059"" target=""_blank"">Hot Shots!</a>"
tt0070328,Live and Let Die,1973,3923,6.7,126212,121,Guy Hamilton,"Tom Mankiewicz, Ian Fleming","Action, Adventure, Thriller","<a href=""https://www.imdb.com/title/tt0070328"" target=""_blank"">tt0070328</a>","<a href=""https://www.imdb.com/title/tt0070328"" target=""_blank"">Live and Let Die</a>"
tt0090555,Crocodile Dundee,1986,3924,6.7,125682,97,Peter Faiman,"Paul Hogan, Ken Shadie, John Cornell","Adventure, Comedy","<a href=""https://www.imdb.com/title/tt0090555"" target=""_blank"">tt0090555</a>","<a href=""https://www.imdb.com/title/tt0090555"" target=""_blank"">Crocodile Dundee</a>"
tt0286499,Bend It Like Beckham,2002,3925,6.7,124477,112,Gurinder Chadha,"Gurinder Chadha, Guljit Bindra, Paul Mayeda Berges","Comedy, Drama, Romance","<a href=""https://www.imdb.com/title/tt0286499"" target=""_blank"">tt0286499</a>","<a href=""https://www.imdb.com/title/tt0286499"" target=""_blank"">Bend It Like Beckham</a>"
tt1307068,Seeking a Friend for the End of the World,2012,3926,6.7,123930,101,Lorene Scafaria,Lorene Scafaria,"Adventure, Comedy, Drama","<a href=""https://www.imdb.com/title/tt1307068"" target=""_blank"">tt1307068</a>","<a href=""https://www.imdb.com/title/tt1307068"" target=""_blank"">Seeking a Friend for the End of the World</a>"
tt0390384,Primer,2004,3927,6.7,123325,77,Shane Carruth,Shane Carruth,"Drama, Sci-Fi, Thriller","<a href=""https://www.imdb.com/title/tt0390384"" target=""_blank"">tt0390384</a>","<a href=""https://www.imdb.com/title/tt0390384"" target=""_blank"">Primer</a>"
tt0071807,The Man with the Golden Gun,1974,3928,6.7,123304,125,Guy Hamilton,"Richard Maibaum, Tom Mankiewicz, Ian Fleming","Action, Adventure, Thriller","<a href=""https://www.imdb.com/title/tt0071807"" target=""_blank"">tt0071807</a>","<a href=""https://www.imdb.com/title/tt0071807"" target=""_blank"">The Man with the Golden Gun</a>"
tt12003946,Violent Night,2022,3929,6.7,122937,112,Tommy Wirkola,"Pat Casey, Josh Miller","Action, Comedy, Thriller","<a href=""https://www.imdb.com/title/tt12003946"" target=""_blank"">tt12003946</a>","<a href=""https://www.imdb.com/title/tt12003946"" target=""_blank"">Violent Night</a>"
tt1702439,Safe Haven,2013,3930,6.7,122500,115,Lasse Hallström,"Dana Stevens, Gage Lansky, Nicholas Sparks","Drama, Romance, Thriller","<a href=""https://www.imdb.com/title/tt1702439"" target=""_blank"">tt1702439</a>","<a href=""https://www.imdb.com/title/tt1702439"" target=""_blank"">Safe Haven</a>"
tt0097742,Licence to Kill,1989,3931,6.7,122016,133,John Glen,"Michael G. Wilson, Richard Maibaum, Ian Fleming","Action, Adventure, Thriller","<a href=""https://www.imdb.com/title/tt0097742"" target=""_blank"">tt0097742</a>","<a href=""https://www.imdb.com/title/tt0097742"" target=""_blank"">Licence to Kill</a>"
tt1682180,Stoker,2013,3932,6.7,121818,99,Park Chan-wook,Wentworth Miller,"Drama, Mystery, Thriller","<a href=""https://www.imdb.com/title/tt1682180"" target=""_blank"">tt1682180</a>","<a href=""https://www.imdb.com/title/tt1682180"" target=""_blank"">Stoker</a>"
tt1911658,Penguins of Madagascar,2014,3933,6.7,118563,92,"Eric Darnell, Simon J. Smith","Michael Colton, John Aboud, Brandon Sawyer, Alan Schoolcraft, Brent Simons","Action, Adventure, Animation","<a href=""https://www.imdb.com/title/tt1911658"" target=""_blank"">tt1911658</a>","<a href=""https://www.imdb.com/title/tt1911658"" target=""_blank"">Penguins of Madagascar</a>"
tt30825738,Star Wars: The Mandalorian and Grogu,2026,3934,6.7,117911,132,Jon Favreau,"George Lucas, Jon Favreau, Dave Filoni, Noah Kloor","Action, Adventure, Family","<a href=""https://www.imdb.com/title/tt30825738"" target=""_blank"">tt30825738</a>","<a href=""https://www.imdb.com/title/tt30825738"" target=""_blank"">Star Wars: The Mandalorian and Grogu</a>"
tt0082398,For Your Eyes Only,1981,3935,6.7,117806,127,John Glen,"Richard Maibaum, Michael G. Wilson, Ian Fleming","Action, Adventure, Thriller","<a href=""https://www.imdb.com/title/tt0082398"" target=""_blank"">tt0082398</a>","<a href=""https://www.imdb.com/title/tt0082398"" target=""_blank"">For Your Eyes Only</a>"
tt0113101,Four Rooms,1995,3936,6.7,117751,98,"Allison Anders, Alexandre Rockwell, Robert Rodriguez, Quentin Tarantino","Allison Anders, Alexandre Rockwell, Robert Rodriguez, Quentin Tarantino",Comedy,"<a href=""https://www.imdb.com/title/tt0113101"" target=""_blank"">tt0113101</a>","<a href=""https://www.imdb.com/title/tt0113101"" target=""_blank"">Four Rooms</a>"
tt0093428,The Living Daylights,1987,3937,6.7,116117,130,John Glen,"Richard Maibaum, Michael G. Wilson, Ian Fleming","Action, Adventure, Thriller","<a href=""https://www.imdb.com/title/tt0093428"" target=""_blank"">tt0093428</a>","<a href=""https://www.imdb.com/title/tt0093428"" target=""_blank"">The Living Daylights</a>"
tt2980592,The Guest,2014,3938,6.7,115973,100,Adam Wingard,Simon Barrett,"Action, Mystery, Thriller","<a href=""https://www.imdb.com/title/tt2980592"" target=""_blank"">tt2980592</a>","<a href=""https://www.imdb.com/title/tt2980592"" target=""_blank"">The Guest</a>"
tt8633478,Run,2020,3939,6.7,115833,90,Aneesh Chaganty,"Aneesh Chaganty, Sev Ohanian","Drama, Horror, Mystery","<a href=""https://www.imdb.com/title/tt8633478"" target=""_blank"">tt8633478</a>","<a href=""https://www.imdb.com/title/tt8633478"" target=""_blank"">Run</a>"
tt0862856,Trick 'r Treat,2007,3940,6.7,115823,82,Michael Dougherty,Michael Dougherty,"Comedy, Horror","<a href=""https://www.imdb.com/title/tt0862856"" target=""_blank"">tt0862856</a>","<a href=""https://www.imdb.com/title/tt0862856"" target=""_blank"">Trick 'r Treat</a>"
tt0118883,Conspiracy Theory,1997,3941,6.7,115607,135,Richard Donner,Brian Helgeland,"Action, Crime, Drama","<a href=""https://www.imdb.com/title/tt0118883"" target=""_blank"">tt0118883</a>","<a href=""https://www.imdb.com/title/tt0118883"" target=""_blank"">Conspiracy Theory</a>"
tt0348333,Waiting...,2005,3942,6.7,114313,94,Rob McKittrick,Rob McKittrick,Comedy,"<a href=""https://www.imdb.com/title/tt0348333"" target=""_blank"">tt0348333</a>","<a href=""https://www.imdb.com/title/tt0348333"" target=""_blank"">Waiting...</a>"
tt0098206,Road House,1989,3943,6.7,114074,114,Rowdy Herrington,"R. Lance Hill, Hilary Henkin","Action, Thriller","<a href=""https://www.imdb.com/title/tt0098206"" target=""_blank"">tt0098206</a>","<a href=""https://www.imdb.com/title/tt0098206"" target=""_blank"">Road House</a>"
tt2481498,"Extremely Wicked, Shockingly Evil and Vile",2019,3944,6.7,113841,110,Joe Berlinger,"Elizabeth Kendall, Michael Werwie","Biography, Crime, Drama","<a href=""https://www.imdb.com/title/tt2481498"" target=""_blank"">tt2481498</a>","<a href=""https://www.imdb.com/title/tt2481498"" target=""_blank"">Extremely Wicked, Shockingly Evil and Vile</a>"
tt0343737,The Good Shepherd,2006,3945,6.7,113520,167,Robert De Niro,Eric Roth,"Drama, History, Thriller","<a href=""https://www.imdb.com/title/tt0343737"" target=""_blank"">tt0343737</a>","<a href=""https://www.imdb.com/title/tt0343737"" target=""_blank"">The Good Shepherd</a>"
tt1020530,Eden Lake,2008,3946,6.7,113363,91,James Watkins,James Watkins,"Horror, Thriller","<a href=""https://www.imdb.com/title/tt1020530"" target=""_blank"">tt1020530</a>","<a href=""https://www.imdb.com/title/tt1020530"" target=""_blank"">Eden Lake</a>"
tt0386117,Where the Wild Things Are,2009,3947,6.7,112772,101,Spike Jonze,"Spike Jonze, Dave Eggers, Maurice Sendak","Adventure, Drama, Family","<a href=""https://www.imdb.com/title/tt0386117"" target=""_blank"">tt0386117</a>","<a href=""https://www.imdb.com/title/tt0386117"" target=""_blank"">Where the Wild Things Are</a>"
tt0395584,The Devil's Rejects,2005,3948,6.7,112121,107,Rob Zombie,Rob Zombie,"Crime, Drama, Horror","<a href=""https://www.imdb.com/title/tt0395584"" target=""_blank"">tt0395584</a>","<a href=""https://www.imdb.com/title/tt0395584"" target=""_blank"">The Devil's Rejects</a>"
tt11145118,Creed III,2023,3949,6.7,111552,116,Michael B. Jordan,"Keenan Coogler, Zach Baylin, Ryan Coogler, Sylvester Stallone","Action, Drama, Sport","<a href=""https://www.imdb.com/title/tt11145118"" target=""_blank"">tt11145118</a>","<a href=""https://www.imdb.com/title/tt11145118"" target=""_blank"">Creed III</a>"
tt0248667,Ali,2001,3950,6.7,111166,157,Michael Mann,"Gregory Allen Howard, Stephen J. Rivele, Christopher Wilkinson, Eric Roth, Michael Mann","Biography, Drama, Sport","<a href=""https://www.imdb.com/title/tt0248667"" target=""_blank"">tt0248667</a>","<a href=""https://www.imdb.com/title/tt0248667"" target=""_blank"">Ali</a>"
tt0064757,On Her Majesty's Secret Service,1969,3951,6.7,110235,142,Peter R. Hunt,"Simon Raven, Richard Maibaum, Ian Fleming","Action, Adventure, Thriller","<a href=""https://www.imdb.com/title/tt0064757"" target=""_blank"">tt0064757</a>","<a href=""https://www.imdb.com/title/tt0064757"" target=""_blank"">On Her Majesty's Secret Service</a>"
tt3072482,Hardcore Henry,2015,3952,6.7,110031,96,Ilya Naishuller,"Ilya Naishuller, Will Stewart","Action, Adventure, Sci-Fi","<a href=""https://www.imdb.com/title/tt3072482"" target=""_blank"">tt3072482</a>","<a href=""https://www.imdb.com/title/tt3072482"" target=""_blank"">Hardcore Henry</a>"
tt7456310,Anna,2019,3953,6.7,109886,118,Luc Besson,Luc Besson,"Action, Adventure, Thriller","<a href=""https://www.imdb.com/title/tt7456310"" target=""_blank"">tt7456310</a>","<a href=""https://www.imdb.com/title/tt7456310"" target=""_blank"">Anna</a>"
tt0250797,Unfaithful,2002,3954,6.7,109028,124,Adrian Lyne,"Claude Chabrol, Alvin Sargent, William Broyles Jr.","Drama, Romance, Thriller","<a href=""https://www.imdb.com/title/tt0250797"" target=""_blank"">tt0250797</a>","<a href=""https://www.imdb.com/title/tt0250797"" target=""_blank"">Unfaithful</a>"
tt6292852,I Am Mother,2019,3955,6.7,107480,113,Grant Sputore,"Michael Lloyd Green, Grant Sputore","Drama, Mystery, Sci-Fi","<a href=""https://www.imdb.com/title/tt6292852"" target=""_blank"">tt6292852</a>","<a href=""https://www.imdb.com/title/tt6292852"" target=""_blank"">I Am Mother</a>"
tt6924650,Midway,2019,3956,6.7,107132,138,Roland Emmerich,Wes Tooke,"Action, Drama, History","<a href=""https://www.imdb.com/title/tt6924650"" target=""_blank"">tt6924650</a>","<a href=""https://www.imdb.com/title/tt6924650"" target=""_blank"">Midway</a>"
tt1034415,Suspiria,2018,3957,6.7,106893,152,Luca Guadagnino,"Dario Argento, Daria Nicolodi, David Kajganich","Drama, Fantasy, Horror","<a href=""https://www.imdb.com/title/tt1034415"" target=""_blank"">tt1034415</a>","<a href=""https://www.imdb.com/title/tt1034415"" target=""_blank"">Suspiria</a>"
tt0107798,The Pelican Brief,1993,3958,6.7,105671,141,Alan J. Pakula,"John Grisham, Alan J. Pakula","Crime, Drama, Mystery","<a href=""https://www.imdb.com/title/tt0107798"" target=""_blank"">tt0107798</a>","<a href=""https://www.imdb.com/title/tt0107798"" target=""_blank"">The Pelican Brief</a>"
tt0423294,Surf's Up,2007,3959,6.7,104597,85,"Ash Brannon, Chris Buck","Don Rhymer, Ash Brannon, Chris Buck, Christopher Jenkins, Christian Darren, Diego Garzon","Adventure, Animation, Comedy","<a href=""https://www.imdb.com/title/tt0423294"" target=""_blank"">tt0423294</a>","<a href=""https://www.imdb.com/title/tt0423294"" target=""_blank"">Surf's Up</a>"
tt0093629,A Nightmare on Elm Street 3: Dream Warriors,1987,3960,6.7,101431,96,Chuck Russell,"Wes Craven, Bruce Wagner, Frank Darabont, Chuck Russell","Fantasy, Horror","<a href=""https://www.imdb.com/title/tt0093629"" target=""_blank"">tt0093629</a>","<a href=""https://www.imdb.com/title/tt0093629"" target=""_blank"">A Nightmare on Elm Street 3: Dream Warriors</a>"
tt0787475,Hot Rod,2007,3961,6.7,100452,88,Akiva Schaffer,Pam Brady,"Comedy, Sport","<a href=""https://www.imdb.com/title/tt0787475"" target=""_blank"">tt0787475</a>","<a href=""https://www.imdb.com/title/tt0787475"" target=""_blank"">Hot Rod</a>"
tt0230838,Sweet November,2001,3962,6.7,99819,119,Pat O'Connor,"Herman Raucher, Paul Yurick, Kurt Voelker","Drama, Romance","<a href=""https://www.imdb.com/title/tt0230838"" target=""_blank"">tt0230838</a>","<a href=""https://www.imdb.com/title/tt0230838"" target=""_blank"">Sweet November</a>"
tt11655566,Lilo & Stitch,2025,3963,6.7,98975,108,Dean Fleischer Camp,"Chris Kekaniokalani Bright, Mike Van Waes, Chris Sanders, Dean DeBlois","Action, Adventure, Comedy","<a href=""https://www.imdb.com/title/tt11655566"" target=""_blank"">tt11655566</a>","<a href=""https://www.imdb.com/title/tt11655566"" target=""_blank"">Lilo & Stitch</a>"
tt30988739,Black Bag,2025,3964,6.7,98702,93,Steven Soderbergh,David Koepp,"Drama, Mystery, Romance","<a href=""https://www.imdb.com/title/tt30988739"" target=""_blank"">tt30988739</a>","<a href=""https://www.imdb.com/title/tt30988739"" target=""_blank"">Black Bag</a>"
tt0091790,Pretty in Pink,1986,3965,6.7,96620,97,Howard Deutch,John Hughes,"Comedy, Drama, Romance","<a href=""https://www.imdb.com/title/tt0091790"" target=""_blank"">tt0091790</a>","<a href=""https://www.imdb.com/title/tt0091790"" target=""_blank"">Pretty in Pink</a>"
tt1371150,This Is Where I Leave You,2014,3966,6.7,96609,103,Shawn Levy,Jonathan Tropper,"Comedy, Drama","<a href=""https://www.imdb.com/title/tt1371150"" target=""_blank"">tt1371150</a>","<a href=""https://www.imdb.com/title/tt1371150"" target=""_blank"">This Is Where I Leave You</a>"
tt13403046,Fresh,2022,3967,6.7,95862,114,Mimi Cave,Lauryn Kahn,"Comedy, Horror, Romance","<a href=""https://www.imdb.com/title/tt13403046"" target=""_blank"">tt13403046</a>","<a href=""https://www.imdb.com/title/tt13403046"" target=""_blank"">Fresh</a>"
tt0371257,Stay,2005,3968,6.7,95675,99,Marc Forster,David Benioff,"Drama, Mystery, Thriller","<a href=""https://www.imdb.com/title/tt0371257"" target=""_blank"">tt0371257</a>","<a href=""https://www.imdb.com/title/tt0371257"" target=""_blank"">Stay</a>"
tt0101393,Backdraft,1991,3969,6.7,95184,137,Ron Howard,Gregory Widen,"Action, Drama, Mystery","<a href=""https://www.imdb.com/title/tt0101393"" target=""_blank"">tt0101393</a>","<a href=""https://www.imdb.com/title/tt0101393"" target=""_blank"">Backdraft</a>"
tt0402399,The New World,2005,3970,6.7,94344,135,Terrence Malick,Terrence Malick,"Biography, Drama, History","<a href=""https://www.imdb.com/title/tt0402399"" target=""_blank"">tt0402399</a>","<a href=""https://www.imdb.com/title/tt0402399"" target=""_blank"">The New World</a>"
tt9701940,Fear Street: Part Two - 1978,2021,3971,6.7,92957,109,Leigh Janiak,"Zak Olkewicz, Leigh Janiak, Phil Graziadei, R.L. Stine","Drama, Horror, Mystery","<a href=""https://www.imdb.com/title/tt9701940"" target=""_blank"">tt9701940</a>","<a href=""https://www.imdb.com/title/tt9701940"" target=""_blank"">Fear Street: Part Two - 1978</a>"
tt1716772,The Inbetweeners,2011,3972,6.7,91917,97,Ben Palmer,"Iain Morris, Damon Beesley",Comedy,"<a href=""https://www.imdb.com/title/tt1716772"" target=""_blank"">tt1716772</a>","<a href=""https://www.imdb.com/title/tt1716772"" target=""_blank"">The Inbetweeners</a>"
tt0088170,Star Trek III: The Search for Spock,1984,3973,6.7,91750,105,Leonard Nimoy,"Harve Bennett, Gene Roddenberry","Action, Adventure, Sci-Fi","<a href=""https://www.imdb.com/title/tt0088170"" target=""_blank"">tt0088170</a>","<a href=""https://www.imdb.com/title/tt0088170"" target=""_blank"">Star Trek III: The Search for Spock</a>"
tt6977338,Good Boys,2019,3974,6.7,91202,90,Gene Stupnitsky,"Lee Eisenberg, Gene Stupnitsky","Adventure, Comedy","<a href=""https://www.imdb.com/title/tt6977338"" target=""_blank"">tt6977338</a>","<a href=""https://www.imdb.com/title/tt6977338"" target=""_blank"">Good Boys</a>"
tt31184028,Together,2025,3975,6.7,90426,102,Michael Shanks,Michael Shanks,"Horror, Romance","<a href=""https://www.imdb.com/title/tt31184028"" target=""_blank"">tt31184028</a>","<a href=""https://www.imdb.com/title/tt31184028"" target=""_blank"">Together</a>"
tt1726669,Killer Joe,2011,3976,6.7,89687,102,William Friedkin,Tracy Letts,"Crime, Drama, Thriller","<a href=""https://www.imdb.com/title/tt1726669"" target=""_blank"">tt1726669</a>","<a href=""https://www.imdb.com/title/tt1726669"" target=""_blank"">Killer Joe</a>"
tt0317648,Hidalgo,2004,3977,6.7,89239,136,Joe Johnston,John Fusco,"Action, Adventure, Biography","<a href=""https://www.imdb.com/title/tt0317648"" target=""_blank"">tt0317648</a>","<a href=""https://www.imdb.com/title/tt0317648"" target=""_blank"">Hidalgo</a>"
tt0109446,The Client,1994,3978,6.7,87910,119,Joel Schumacher,"John Grisham, Akiva Goldsman, Robert Getchell","Crime, Drama, Mystery","<a href=""https://www.imdb.com/title/tt0109446"" target=""_blank"">tt0109446</a>","<a href=""https://www.imdb.com/title/tt0109446"" target=""_blank"">The Client</a>"
tt1512235,Super,2010,3979,6.7,87910,96,James Gunn,James Gunn,"Action, Comedy, Crime","<a href=""https://www.imdb.com/title/tt1512235"" target=""_blank"">tt1512235</a>","<a href=""https://www.imdb.com/title/tt1512235"" target=""_blank"">Super</a>"
tt1972571,A Most Wanted Man,2014,3980,6.7,85444,122,Anton Corbijn,"Andrew Bovell, John le Carré, Stephen Cornwell","Crime, Drama, Thriller","<a href=""https://www.imdb.com/title/tt1972571"" target=""_blank"">tt1972571</a>","<a href=""https://www.imdb.com/title/tt1972571"" target=""_blank"">A Most Wanted Man</a>"
tt0338095,High Tension,2003,3981,6.7,84078,91,Alexandre Aja,"Alexandre Aja, Grégory Levasseur",Horror,"<a href=""https://www.imdb.com/title/tt0338095"" target=""_blank"">tt0338095</a>","<a href=""https://www.imdb.com/title/tt0338095"" target=""_blank"">High Tension</a>"
tt0995039,Ghost Town,2008,3982,6.7,83456,102,David Koepp,"David Koepp, John Kamps","Comedy, Drama, Fantasy","<a href=""https://www.imdb.com/title/tt0995039"" target=""_blank"">tt0995039</a>","<a href=""https://www.imdb.com/title/tt0995039"" target=""_blank"">Ghost Town</a>"
tt0219699,The Gift,2000,3983,6.7,82641,111,Sam Raimi,"Billy Bob Thornton, Tom Epperson","Drama, Fantasy, Horror","<a href=""https://www.imdb.com/title/tt0219699"" target=""_blank"">tt0219699</a>","<a href=""https://www.imdb.com/title/tt0219699"" target=""_blank"">The Gift</a>"
tt1972779,The Best of Me,2014,3984,6.7,81961,118,Michael Hoffman,"Nicholas Sparks, Will Fetters, J. Mills Goodloe","Drama, Romance","<a href=""https://www.imdb.com/title/tt1972779"" target=""_blank"">tt1972779</a>","<a href=""https://www.imdb.com/title/tt1972779"" target=""_blank"">The Best of Me</a>"
tt8688634,21 Bridges,2019,3985,6.7,81946,99,Brian Kirk,"Adam Mervis, Matthew Michael Carnahan","Action, Adventure, Crime","<a href=""https://www.imdb.com/title/tt8688634"" target=""_blank"">tt8688634</a>","<a href=""https://www.imdb.com/title/tt8688634"" target=""_blank"">21 Bridges</a>"
tt24268454,The Kerala Story,2023,3986,6.7,80903,138,Sudipto Sen,"Suryapal Singh, Sudipto Sen, Vipul Amrutlal Shah",Drama,"<a href=""https://www.imdb.com/title/tt24268454"" target=""_blank"">tt24268454</a>","<a href=""https://www.imdb.com/title/tt24268454"" target=""_blank"">The Kerala Story</a>"
tt13927994,Salaar,2023,3987,6.7,80157,175,Prashanth Neel,"Sandeep Reddy Bandla, Manish Bhawan, Choudary Hanuman, Riya Mukherjee, Prashanth Neel, D.R. Suri","Action, Crime, Drama","<a href=""https://www.imdb.com/title/tt13927994"" target=""_blank"">tt13927994</a>","<a href=""https://www.imdb.com/title/tt13927994"" target=""_blank"">Salaar</a>"
tt0116683,James and the Giant Peach,1996,3988,6.7,79502,79,Henry Selick,"Roald Dahl, Karey Kirkpatrick, Jonathan Roberts, Steve Bloom","Adventure, Animation, Family","<a href=""https://www.imdb.com/title/tt0116683"" target=""_blank"">tt0116683</a>","<a href=""https://www.imdb.com/title/tt0116683"" target=""_blank"">James and the Giant Peach</a>"
tt10696784,The Harder They Fall,2021,3989,6.6,78777,139,Jeymes Samuel,"Jeymes Samuel, Boaz Yakin","Action, Drama, Western","<a href=""https://www.imdb.com/title/tt10696784"" target=""_blank"">tt10696784</a>","<a href=""https://www.imdb.com/title/tt10696784"" target=""_blank"">The Harder They Fall</a>"
tt0124298,Blast from the Past,1999,3990,6.7,78572,112,Hugh Wilson,"Bill Kelly, Hugh Wilson","Comedy, Drama, Romance","<a href=""https://www.imdb.com/title/tt0124298"" target=""_blank"">tt0124298</a>","<a href=""https://www.imdb.com/title/tt0124298"" target=""_blank"">Blast from the Past</a>"
tt0804461,Death Sentence,2007,3991,6.7,78390,105,James Wan,"Ian Mackenzie Jeffers, Brian Garfield","Action, Crime, Thriller","<a href=""https://www.imdb.com/title/tt0804461"" target=""_blank"">tt0804461</a>","<a href=""https://www.imdb.com/title/tt0804461"" target=""_blank"">Death Sentence</a>"
tt0237572,The Pledge,2001,3992,6.7,78306,124,Sean Penn,"Friedrich Dürrenmatt, Jerzy Kromolowski, Mary Olson-Kromolowski","Crime, Drama, Mystery","<a href=""https://www.imdb.com/title/tt0237572"" target=""_blank"">tt0237572</a>","<a href=""https://www.imdb.com/title/tt0237572"" target=""_blank"">The Pledge</a>"
tt0104868,The Mighty Ducks,1992,3993,6.6,77728,104,Stephen Herek,Steven Brill,"Comedy, Drama, Family","<a href=""https://www.imdb.com/title/tt0104868"" target=""_blank"">tt0104868</a>","<a href=""https://www.imdb.com/title/tt0104868"" target=""_blank"">The Mighty Ducks</a>"
tt9701942,Fear Street: Part Three - 1666,2021,3994,6.6,77641,114,Leigh Janiak,"Phil Graziadei, Leigh Janiak, Kate Trefry, R.L. Stine","Horror, Mystery","<a href=""https://www.imdb.com/title/tt9701942"" target=""_blank"">tt9701942</a>","<a href=""https://www.imdb.com/title/tt9701942"" target=""_blank"">Fear Street: Part Three - 1666</a>"
tt7737800,Woman of the Hour,2023,3995,6.6,77050,95,Anna Kendrick,Ian McDonald,"Crime, Drama, Mystery","<a href=""https://www.imdb.com/title/tt7737800"" target=""_blank"">tt7737800</a>","<a href=""https://www.imdb.com/title/tt7737800"" target=""_blank"">Woman of the Hour</a>"
tt0120148,Sliding Doors,1998,3996,6.7,76825,99,Peter Howitt,Peter Howitt,"Comedy, Drama, Fantasy","<a href=""https://www.imdb.com/title/tt0120148"" target=""_blank"">tt0120148</a>","<a href=""https://www.imdb.com/title/tt0120148"" target=""_blank"">Sliding Doors</a>"
tt2025690,The Finest Hours,2016,3997,6.7,75385,117,Craig Gillespie,"Scott Silver, Paul Tamasy, Eric Johnson, Casey Sherman, Michael J. Tougias","Action, Drama, History","<a href=""https://www.imdb.com/title/tt2025690"" target=""_blank"">tt2025690</a>","<a href=""https://www.imdb.com/title/tt2025690"" target=""_blank"">The Finest Hours</a>"
tt0191397,The Replacements,2000,3998,6.7,75332,118,Howard Deutch,Vince McKewin,"Comedy, Sport","<a href=""https://www.imdb.com/title/tt0191397"" target=""_blank"">tt0191397</a>","<a href=""https://www.imdb.com/title/tt0191397"" target=""_blank"">The Replacements</a>"
tt1800302,Gold,2016,3999,6.7,75157,120,Stephen Gaghan,"Patrick Massett, John Zinman","Biography, Crime, Drama","<a href=""https://www.imdb.com/title/tt1800302"" target=""_blank"">tt1800302</a>","<a href=""https://www.imdb.com/title/tt1800302"" target=""_blank"">Gold</a>"
tt19847976,Wicked: For Good,2025,4000,6.6,75037,137,Jon M. Chu,"Winnie Holzman, Dana Fox, Stephen Schwartz, Gregory Maguire","Drama, Family, Fantasy","<a href=""https://www.imdb.com/title/tt19847976"" target=""_blank"">tt19847976</a>","<a href=""https://www.imdb.com/title/tt19847976"" target=""_blank"">Wicked: For Good</a>"
tt4614584,Purple Hearts,2022,4001,6.7,75004,122,Elizabeth Allen Rosenbaum,"Kyle Jarrow, Liz W. Garcia","Drama, Music, Romance","<a href=""https://www.imdb.com/title/tt4614584"" target=""_blank"">tt4614584</a>","<a href=""https://www.imdb.com/title/tt4614584"" target=""_blank"">Purple Hearts</a>"
tt3960412,Popstar: Never Stop Never Stopping,2016,4002,6.7,74917,87,"Akiva Schaffer, Jorma Taccone","Andy Samberg, Akiva Schaffer, Jorma Taccone","Comedy, Drama, Music","<a href=""https://www.imdb.com/title/tt3960412"" target=""_blank"">tt3960412</a>","<a href=""https://www.imdb.com/title/tt3960412"" target=""_blank"">Popstar: Never Stop Never Stopping</a>"
tt13651794,May December,2023,4003,6.7,74244,117,Todd Haynes,"Samy Burch, Alex Mechanik","Comedy, Drama","<a href=""https://www.imdb.com/title/tt13651794"" target=""_blank"">tt13651794</a>","<a href=""https://www.imdb.com/title/tt13651794"" target=""_blank"">May December</a>"
tt0088933,Cocoon,1985,4004,6.7,74203,117,Ron Howard,"Tom Benedek, David Saperstein","Comedy, Drama, Sci-Fi","<a href=""https://www.imdb.com/title/tt0088933"" target=""_blank"">tt0088933</a>","<a href=""https://www.imdb.com/title/tt0088933"" target=""_blank"">Cocoon</a>"
tt9198364,Three Thousand Years of Longing,2022,4005,6.7,74109,108,George Miller,"George Miller, Augusta Miller, A.S. Byatt","Drama, Fantasy, Romance","<a href=""https://www.imdb.com/title/tt9198364"" target=""_blank"">tt9198364</a>","<a href=""https://www.imdb.com/title/tt9198364"" target=""_blank"">Three Thousand Years of Longing</a>"
tt30840798,The Phoenician Scheme,2025,4006,6.6,74096,101,Wes Anderson,"Wes Anderson, Roman Coppola","Action, Comedy, Crime","<a href=""https://www.imdb.com/title/tt30840798"" target=""_blank"">tt30840798</a>","<a href=""https://www.imdb.com/title/tt30840798"" target=""_blank"">The Phoenician Scheme</a>"
tt0391304,A Lot Like Love,2005,4007,6.6,73961,107,Nigel Cole,Colin Patrick Lynch,"Comedy, Drama, Romance","<a href=""https://www.imdb.com/title/tt0391304"" target=""_blank"">tt0391304</a>","<a href=""https://www.imdb.com/title/tt0391304"" target=""_blank"">A Lot Like Love</a>"
tt3758172,Jungle,2017,4008,6.7,73934,115,Greg McLean,"Yossi Ghinsberg, Justin Monjo","Adventure, Biography, Drama","<a href=""https://www.imdb.com/title/tt3758172"" target=""_blank"">tt3758172</a>","<a href=""https://www.imdb.com/title/tt3758172"" target=""_blank"">Jungle</a>"
tt0104231,Far and Away,1992,4009,6.6,73553,140,Ron Howard,"Bob Dolman, Ron Howard","Adventure, Drama, Romance","<a href=""https://www.imdb.com/title/tt0104231"" target=""_blank"">tt0104231</a>","<a href=""https://www.imdb.com/title/tt0104231"" target=""_blank"">Far and Away</a>"
tt9214832,Emma.,2020,4010,6.7,73487,124,Autumn de Wilde,"Eleanor Catton, Jane Austen","Comedy, Drama, Romance","<a href=""https://www.imdb.com/title/tt9214832"" target=""_blank"">tt9214832</a>","<a href=""https://www.imdb.com/title/tt9214832"" target=""_blank"">Emma.</a>"
tt0267626,K-19: The Widowmaker,2002,4011,6.7,73069,138,Kathryn Bigelow,"Louis Nowra, Christopher Kyle","Drama, History, Thriller","<a href=""https://www.imdb.com/title/tt0267626"" target=""_blank"">tt0267626</a>","<a href=""https://www.imdb.com/title/tt0267626"" target=""_blank"">K-19: The Widowmaker</a>"
tt4244998,Alpha,2018,4012,6.6,72579,96,Albert Hughes,"Daniele Wiedenhaupt, Albert Hughes","Adventure, Drama","<a href=""https://www.imdb.com/title/tt4244998"" target=""_blank"">tt4244998</a>","<a href=""https://www.imdb.com/title/tt4244998"" target=""_blank"">Alpha</a>"
tt3411444,Ferdinand,2017,4013,6.7,72413,108,Carlos Saldanha,"Robert L. Baird, Tim Federle, Brad Copeland, Ron Burch, David Kidd, Don Rhymer, Munro Leaf, Robert Lawson","Adventure, Animation, Comedy","<a href=""https://www.imdb.com/title/tt3411444"" target=""_blank"">tt3411444</a>","<a href=""https://www.imdb.com/title/tt3411444"" target=""_blank"">Ferdinand</a>"
tt0112950,Empire Records,1995,4014,6.7,72116,90,Allan Moyle,Carol Heikkinen,"Comedy, Drama, Music","<a href=""https://www.imdb.com/title/tt0112950"" target=""_blank"">tt0112950</a>","<a href=""https://www.imdb.com/title/tt0112950"" target=""_blank"">Empire Records</a>"
tt1586752,Machine Gun Preacher,2011,4015,6.7,71740,129,Marc Forster,"Jason Keller, Ian Urbina","Action, Biography, Crime","<a href=""https://www.imdb.com/title/tt1586752"" target=""_blank"">tt1586752</a>","<a href=""https://www.imdb.com/title/tt1586752"" target=""_blank"">Machine Gun Preacher</a>"
tt0091949,Short Circuit,1986,4016,6.6,71690,98,John Badham,"S.S. Wilson, Brent Maddock, Jay Tarses","Comedy, Family, Sci-Fi","<a href=""https://www.imdb.com/title/tt0091949"" target=""_blank"">tt0091949</a>","<a href=""https://www.imdb.com/title/tt0091949"" target=""_blank"">Short Circuit</a>"
tt0120693,Half Baked,1998,4017,6.6,71638,82,Tamra Davis,"Dave Chappelle, Neal Brennan","Comedy, Crime","<a href=""https://www.imdb.com/title/tt0120693"" target=""_blank"">tt0120693</a>","<a href=""https://www.imdb.com/title/tt0120693"" target=""_blank"">Half Baked</a>"
tt3715320,Irrational Man,2015,4018,6.6,71119,95,Woody Allen,Woody Allen,"Comedy, Crime, Drama","<a href=""https://www.imdb.com/title/tt3715320"" target=""_blank"">tt3715320</a>","<a href=""https://www.imdb.com/title/tt3715320"" target=""_blank"">Irrational Man</a>"
tt0271027,Kiss of the Dragon,2001,4019,6.6,70272,98,Chris Nahon,"Jet Li, Luc Besson, Robert Mark Kamen","Action, Crime, Thriller","<a href=""https://www.imdb.com/title/tt0271027"" target=""_blank"">tt0271027</a>","<a href=""https://www.imdb.com/title/tt0271027"" target=""_blank"">Kiss of the Dragon</a>"
tt4547056,The Girl with All the Gifts,2016,4020,6.6,70083,111,Colm McCarthy,Mike Carey,"Action, Adventure, Drama","<a href=""https://www.imdb.com/title/tt4547056"" target=""_blank"">tt4547056</a>","<a href=""https://www.imdb.com/title/tt4547056"" target=""_blank"">The Girl with All the Gifts</a>"
tt0472160,Penelope,2006,4021,6.7,69863,104,Mark Palansky,Leslie Caveny,"Comedy, Fantasy, Romance","<a href=""https://www.imdb.com/title/tt0472160"" target=""_blank"">tt0472160</a>","<a href=""https://www.imdb.com/title/tt0472160"" target=""_blank"">Penelope</a>"
tt0380389,Goal! The Dream Begins,2005,4022,6.7,69422,118,Danny Cannon,"Mike Jefferies, Adrian Butchart, Dick Clement, Ian La Frenais","Drama, Romance, Sport","<a href=""https://www.imdb.com/title/tt0380389"" target=""_blank"">tt0380389</a>","<a href=""https://www.imdb.com/title/tt0380389"" target=""_blank"">Goal! The Dream Begins</a>"
tt1210042,Brooklyn's Finest,2009,4023,6.7,69314,132,Antoine Fuqua,Michael C. Martin,"Crime, Drama, Thriller","<a href=""https://www.imdb.com/title/tt1210042"" target=""_blank"">tt1210042</a>","<a href=""https://www.imdb.com/title/tt1210042"" target=""_blank"">Brooklyn's Finest</a>"
tt0081455,Scanners,1981,4024,6.7,68613,103,David Cronenberg,David Cronenberg,"Horror, Sci-Fi, Thriller","<a href=""https://www.imdb.com/title/tt0081455"" target=""_blank"">tt0081455</a>","<a href=""https://www.imdb.com/title/tt0081455"" target=""_blank"">Scanners</a>"
tt0800308,Appaloosa,2008,4025,6.7,68531,115,Ed Harris,"Robert Knott, Ed Harris, Robert B. Parker","Crime, Drama, Romance","<a href=""https://www.imdb.com/title/tt0800308"" target=""_blank"">tt0800308</a>","<a href=""https://www.imdb.com/title/tt0800308"" target=""_blank"">Appaloosa</a>"
tt0476964,The Brave One,2007,4026,6.7,68523,122,Neil Jordan,"Roderick Taylor, Bruce A. Taylor, Cynthia Mort","Crime, Drama, Thriller","<a href=""https://www.imdb.com/title/tt0476964"" target=""_blank"">tt0476964</a>","<a href=""https://www.imdb.com/title/tt0476964"" target=""_blank"">The Brave One</a>"
tt0116126,Don't Be a Menace to South Central While Drinking Your Juice in the Hood,1996,4027,6.6,68288,89,Paris Barclay,"Shawn Wayans, Marlon Wayans, Phil Beauman","Comedy, Crime","<a href=""https://www.imdb.com/title/tt0116126"" target=""_blank"">tt0116126</a>","<a href=""https://www.imdb.com/title/tt0116126"" target=""_blank"">Don't Be a Menace to South Central While Drinking Your Juice in the Hood</a>"
tt15255876,Emily the Criminal,2022,4028,6.7,68237,97,John Patton Ford,John Patton Ford,"Crime, Drama, Thriller","<a href=""https://www.imdb.com/title/tt15255876"" target=""_blank"">tt15255876</a>","<a href=""https://www.imdb.com/title/tt15255876"" target=""_blank"">Emily the Criminal</a>"
tt0120913,Titan A.E.,2000,4029,6.6,67331,94,"Don Bluth, Gary Goldman","Hans Bauer, Randall McCormick, Ben Edlund, John August, Joss Whedon","Action, Adventure, Animation","<a href=""https://www.imdb.com/title/tt0120913"" target=""_blank"">tt0120913</a>","<a href=""https://www.imdb.com/title/tt0120913"" target=""_blank"">Titan A.E.</a>"
tt7374948,Always Be My Maybe,2019,4030,6.7,67259,101,Nahnatchka Khan,"Ali Wong, Randall Park, Michael Golamco","Comedy, Romance","<a href=""https://www.imdb.com/title/tt7374948"" target=""_blank"">tt7374948</a>","<a href=""https://www.imdb.com/title/tt7374948"" target=""_blank"">Always Be My Maybe</a>"
tt35672862,Hokum,2026,4031,6.6,67059,107,Damian McCarthy,Damian McCarthy,"Horror, Thriller","<a href=""https://www.imdb.com/title/tt35672862"" target=""_blank"">tt35672862</a>","<a href=""https://www.imdb.com/title/tt35672862"" target=""_blank"">Hokum</a>"
tt6306064,Adrift,2018,4032,6.6,66799,96,Baltasar Kormákur,"Aaron Kandell, Jordan Kandell, David Branson Smith, Tami Ashcraft, Susea McGearhart","Action, Adventure, Biography","<a href=""https://www.imdb.com/title/tt6306064"" target=""_blank"">tt6306064</a>","<a href=""https://www.imdb.com/title/tt6306064"" target=""_blank"">Adrift</a>"
tt0102803,The Rocketeer,1991,4033,6.6,66548,108,Joe Johnston,"Dave Stevens, Danny Bilson, Paul De Meo, William Dear","Action, Adventure, Family","<a href=""https://www.imdb.com/title/tt0102803"" target=""_blank"">tt0102803</a>","<a href=""https://www.imdb.com/title/tt0102803"" target=""_blank"">The Rocketeer</a>"
tt31176520,Eddington,2025,4034,6.6,66430,148,Ari Aster,Ari Aster,"Comedy, Drama, Western","<a href=""https://www.imdb.com/title/tt31176520"" target=""_blank"">tt31176520</a>","<a href=""https://www.imdb.com/title/tt31176520"" target=""_blank"">Eddington</a>"
tt14253846,Speak No Evil,2022,4035,6.7,65974,97,Christian Tafdrup,"Christian Tafdrup, Mads Tafdrup","Drama, Horror, Mystery","<a href=""https://www.imdb.com/title/tt14253846"" target=""_blank"">tt14253846</a>","<a href=""https://www.imdb.com/title/tt14253846"" target=""_blank"">Speak No Evil</a>"
tt0482572,Pride and Glory,2008,4036,6.6,65945,130,Gavin O'Connor,"Joe Carnahan, Gavin O'Connor, Greg O'Connor, Robert Hopes","Crime, Drama, Thriller","<a href=""https://www.imdb.com/title/tt0482572"" target=""_blank"">tt0482572</a>","<a href=""https://www.imdb.com/title/tt0482572"" target=""_blank"">Pride and Glory</a>"
tt19637052,Love Lies Bleeding,2024,4037,6.6,65801,104,Rose Glass,"Rose Glass, Weronika Tofilska","Crime, Drama, Mystery","<a href=""https://www.imdb.com/title/tt19637052"" target=""_blank"">tt19637052</a>","<a href=""https://www.imdb.com/title/tt19637052"" target=""_blank"">Love Lies Bleeding</a>"
tt0096933,Black Rain,1989,4038,6.6,65747,125,Ridley Scott,"Craig Bolotin, Warren Lewis","Action, Crime, Drama","<a href=""https://www.imdb.com/title/tt0096933"" target=""_blank"">tt0096933</a>","<a href=""https://www.imdb.com/title/tt0096933"" target=""_blank"">Black Rain</a>"
tt0118548,Absolute Power,1997,4039,6.7,65724,121,Clint Eastwood,"David Baldacci, William Goldman","Action, Crime, Drama","<a href=""https://www.imdb.com/title/tt0118548"" target=""_blank"">tt0118548</a>","<a href=""https://www.imdb.com/title/tt0118548"" target=""_blank"">Absolute Power</a>"
tt7504726,The Call of the Wild,2020,4040,6.7,65294,100,Chris Sanders,"Michael Green, Jack London","Adventure, Drama, Family","<a href=""https://www.imdb.com/title/tt7504726"" target=""_blank"">tt7504726</a>","<a href=""https://www.imdb.com/title/tt7504726"" target=""_blank"">The Call of the Wild</a>"
tt10696896,Stillwater,2021,4041,6.6,65238,139,Tom McCarthy,"Tom McCarthy, Marcus Hinchey, Thomas Bidegain, Noé Debré","Crime, Drama, Mystery","<a href=""https://www.imdb.com/title/tt10696896"" target=""_blank"">tt10696896</a>","<a href=""https://www.imdb.com/title/tt10696896"" target=""_blank"">Stillwater</a>"
tt3086442,Goodnight Mommy,2014,4042,6.7,65008,99,"Severin Fiala, Veronika Franz","Veronika Franz, Severin Fiala","Horror, Mystery, Thriller","<a href=""https://www.imdb.com/title/tt3086442"" target=""_blank"">tt3086442</a>","<a href=""https://www.imdb.com/title/tt3086442"" target=""_blank"">Goodnight Mommy</a>"
tt2788732,Pete's Dragon,2016,4043,6.7,64948,102,David Lowery,"David Lowery, Toby Halbrooks, Malcolm Marmorstein, Seton I. Miller, S.S. Field","Action, Adventure, Comedy","<a href=""https://www.imdb.com/title/tt2788732"" target=""_blank"">tt2788732</a>","<a href=""https://www.imdb.com/title/tt2788732"" target=""_blank"">Pete's Dragon</a>"
tt1758692,Like Crazy,2011,4044,6.6,64891,86,Drake Doremus,"Drake Doremus, Ben York Jones","Drama, Romance","<a href=""https://www.imdb.com/title/tt1758692"" target=""_blank"">tt1758692</a>","<a href=""https://www.imdb.com/title/tt1758692"" target=""_blank"">Like Crazy</a>"
tt4622512,Battle of the Sexes,2017,4045,6.7,64365,121,"Jonathan Dayton, Valerie Faris",Simon Beaufoy,"Biography, Comedy, Drama","<a href=""https://www.imdb.com/title/tt4622512"" target=""_blank"">tt4622512</a>","<a href=""https://www.imdb.com/title/tt4622512"" target=""_blank"">Battle of the Sexes</a>"
tt0115956,Courage Under Fire,1996,4046,6.6,64364,116,Edward Zwick,Patrick Sheane Duncan,"Action, Drama, Mystery","<a href=""https://www.imdb.com/title/tt0115956"" target=""_blank"">tt0115956</a>","<a href=""https://www.imdb.com/title/tt0115956"" target=""_blank"">Courage Under Fire</a>"
tt0250223,Asterix & Obelix: Mission Cleopatra,2002,4047,6.7,64069,107,Alain Chabat,"René Goscinny, Albert Uderzo, Alain Chabat","Adventure, Comedy, Family","<a href=""https://www.imdb.com/title/tt0250223"" target=""_blank"">tt0250223</a>","<a href=""https://www.imdb.com/title/tt0250223"" target=""_blank"">Asterix & Obelix: Mission Cleopatra</a>"
tt26470109,Oddity,2024,4048,6.7,63613,98,Damian McCarthy,Damian McCarthy,"Horror, Mystery, Thriller","<a href=""https://www.imdb.com/title/tt26470109"" target=""_blank"">tt26470109</a>","<a href=""https://www.imdb.com/title/tt26470109"" target=""_blank"">Oddity</a>"
tt0107302,Kalifornia,1993,4049,6.7,63527,117,Dominic Sena,"Stephen Levy, Tim Metcalfe","Crime, Drama, Thriller","<a href=""https://www.imdb.com/title/tt0107302"" target=""_blank"">tt0107302</a>","<a href=""https://www.imdb.com/title/tt0107302"" target=""_blank"">Kalifornia</a>"
tt2176013,Jab Tak Hai Jaan,2012,4050,6.7,63267,176,Yash Chopra,"Aditya Chopra, Devika Bhagat","Drama, Romance","<a href=""https://www.imdb.com/title/tt2176013"" target=""_blank"">tt2176013</a>","<a href=""https://www.imdb.com/title/tt2176013"" target=""_blank"">Jab Tak Hai Jaan</a>"
tt0146984,The Legend of Bagger Vance,2000,4051,6.7,62891,126,Robert Redford,"Steven Pressfield, Jeremy Leven","Drama, Sport","<a href=""https://www.imdb.com/title/tt0146984"" target=""_blank"">tt0146984</a>","<a href=""https://www.imdb.com/title/tt0146984"" target=""_blank"">The Legend of Bagger Vance</a>"
tt31973693,The Roses,2025,4052,6.6,62884,105,Jay Roach,"Warren Adler, Tony McNamara",Comedy,"<a href=""https://www.imdb.com/title/tt31973693"" target=""_blank"">tt31973693</a>","<a href=""https://www.imdb.com/title/tt31973693"" target=""_blank"">The Roses</a>"
tt0088000,Revenge of the Nerds,1984,4053,6.6,62870,90,Jeff Kanew,"Tim Metcalfe, Miguel Tejada-Flores, Steve Zacharias, Jeff Buhai",Comedy,"<a href=""https://www.imdb.com/title/tt0088000"" target=""_blank"">tt0088000</a>","<a href=""https://www.imdb.com/title/tt0088000"" target=""_blank"">Revenge of the Nerds</a>"
tt2884018,Macbeth,2015,4054,6.6,62175,113,Justin Kurzel,"Todd Louiso, Jacob Koskoff, Michael Lesslie, William Shakespeare","Drama, History, War","<a href=""https://www.imdb.com/title/tt2884018"" target=""_blank"">tt2884018</a>","<a href=""https://www.imdb.com/title/tt2884018"" target=""_blank"">Macbeth</a>"
tt19864802,Land of Bad,2024,4055,6.6,61029,113,William Eubank,"David Frigerio, William Eubank","Action, Thriller","<a href=""https://www.imdb.com/title/tt19864802"" target=""_blank"">tt19864802</a>","<a href=""https://www.imdb.com/title/tt19864802"" target=""_blank"">Land of Bad</a>"
tt1896747,Fly Me to the Moon,2024,4056,6.6,60562,132,Greg Berlanti,"Keenan Flynn, Bill Kirstein, Rose Gilroy","Comedy, Drama, Romance","<a href=""https://www.imdb.com/title/tt1896747"" target=""_blank"">tt1896747</a>","<a href=""https://www.imdb.com/title/tt1896747"" target=""_blank"">Fly Me to the Moon</a>"
tt10999120,Spirited,2022,4057,6.6,60389,127,Sean Anders,"Sean Anders, John Morris, Charles Dickens","Comedy, Family, Fantasy","<a href=""https://www.imdb.com/title/tt10999120"" target=""_blank"">tt10999120</a>","<a href=""https://www.imdb.com/title/tt10999120"" target=""_blank"">Spirited</a>"
tt3553442,Whiskey Tango Foxtrot,2016,4058,6.6,59364,112,"Glenn Ficarra, John Requa","Robert Carlock, Kim Barker","Biography, Comedy, Drama","<a href=""https://www.imdb.com/title/tt3553442"" target=""_blank"">tt3553442</a>","<a href=""https://www.imdb.com/title/tt3553442"" target=""_blank"">Whiskey Tango Foxtrot</a>"
tt0765120,My Blueberry Nights,2007,4059,6.6,59128,95,Wong Kar-Wai,"Wong Kar-Wai, Lawrence Block","Drama, Romance","<a href=""https://www.imdb.com/title/tt0765120"" target=""_blank"">tt0765120</a>","<a href=""https://www.imdb.com/title/tt0765120"" target=""_blank"">My Blueberry Nights</a>"
tt0110950,Reality Bites,1994,4060,6.6,58357,99,Ben Stiller,Helen Childress,"Comedy, Drama, Romance","<a href=""https://www.imdb.com/title/tt0110950"" target=""_blank"">tt0110950</a>","<a href=""https://www.imdb.com/title/tt0110950"" target=""_blank"">Reality Bites</a>"
tt10275534,To Catch a Killer,2023,4061,6.6,58290,119,Damián Szifron,"Damián Szifron, Jonathan Wakeham","Action, Crime, Drama","<a href=""https://www.imdb.com/title/tt10275534"" target=""_blank"">tt10275534</a>","<a href=""https://www.imdb.com/title/tt10275534"" target=""_blank"">To Catch a Killer</a>"
tt1764183,Arbitrage,2012,4062,6.6,58258,107,Nicholas Jarecki,Nicholas Jarecki,"Drama, Thriller","<a href=""https://www.imdb.com/title/tt1764183"" target=""_blank"">tt1764183</a>","<a href=""https://www.imdb.com/title/tt1764183"" target=""_blank"">Arbitrage</a>"
tt0066434,THX 1138,1971,4063,6.6,58095,86,George Lucas,"George Lucas, Walter Murch","Drama, Sci-Fi, Thriller","<a href=""https://www.imdb.com/title/tt0066434"" target=""_blank"">tt0066434</a>","<a href=""https://www.imdb.com/title/tt0066434"" target=""_blank"">THX 1138</a>"
tt0095776,Oliver & Company,1988,4064,6.6,57840,74,George Scribner,"Jim Cox, Tim Disney, James Mangold, Vance Gerry, Mike Gabriel, Joe Ranft, Jim Mitchell, Chris Bailey, Kirk Wise, Dave Michener, Roger Allers, Gary Trousdale, Kevin Lima, Michael Cedeno, Peter Young, Leon Joosen, Charles Dickens, Gerrit Graham, Sam Graham, Chris Hubbell, Steve Hulett, Danny Mann, Bill Berg","Adventure, Animation, Comedy","<a href=""https://www.imdb.com/title/tt0095776"" target=""_blank"">tt0095776</a>","<a href=""https://www.imdb.com/title/tt0095776"" target=""_blank"">Oliver & Company</a>"
tt0113117,French Kiss,1995,4065,6.6,57174,111,Lawrence Kasdan,Adam Brooks,"Comedy, Drama, Romance","<a href=""https://www.imdb.com/title/tt0113117"" target=""_blank"">tt0113117</a>","<a href=""https://www.imdb.com/title/tt0113117"" target=""_blank"">French Kiss</a>"
tt0095253,The Great Outdoors,1988,4066,6.6,57076,91,Howard Deutch,John Hughes,Comedy,"<a href=""https://www.imdb.com/title/tt0095253"" target=""_blank"">tt0095253</a>","<a href=""https://www.imdb.com/title/tt0095253"" target=""_blank"">The Great Outdoors</a>"
tt7557108,Saint Maud,2019,4067,6.6,57075,84,Rose Glass,Rose Glass,"Drama, Horror, Mystery","<a href=""https://www.imdb.com/title/tt7557108"" target=""_blank"">tt7557108</a>","<a href=""https://www.imdb.com/title/tt7557108"" target=""_blank"">Saint Maud</a>"
tt0800241,Transsiberian,2008,4068,6.6,57002,111,Brad Anderson,"Brad Anderson, Will Conroy","Crime, Drama, Mystery","<a href=""https://www.imdb.com/title/tt0800241"" target=""_blank"">tt0800241</a>","<a href=""https://www.imdb.com/title/tt0800241"" target=""_blank"">Transsiberian</a>"
tt0093777,Prince of Darkness,1987,4069,6.6,56619,102,John Carpenter,John Carpenter,Horror,"<a href=""https://www.imdb.com/title/tt0093777"" target=""_blank"">tt0093777</a>","<a href=""https://www.imdb.com/title/tt0093777"" target=""_blank"">Prince of Darkness</a>"
tt15257160,Pain Hustlers,2023,4070,6.6,56553,123,David Yates,"Wells Tower, Evan Hughes","Crime, Drama","<a href=""https://www.imdb.com/title/tt15257160"" target=""_blank"">tt15257160</a>","<a href=""https://www.imdb.com/title/tt15257160"" target=""_blank"">Pain Hustlers</a>"
tt0292644,The Rules of Attraction,2002,4071,6.6,55978,110,Roger Avary,"Bret Easton Ellis, Roger Avary","Comedy, Drama, Romance","<a href=""https://www.imdb.com/title/tt0292644"" target=""_blank"">tt0292644</a>","<a href=""https://www.imdb.com/title/tt0292644"" target=""_blank"">The Rules of Attraction</a>"
tt0795493,Cassandra's Dream,2007,4072,6.6,55672,108,Woody Allen,Woody Allen,"Crime, Drama, Romance","<a href=""https://www.imdb.com/title/tt0795493"" target=""_blank"">tt0795493</a>","<a href=""https://www.imdb.com/title/tt0795493"" target=""_blank"">Cassandra's Dream</a>"
tt3405236,Raees,2017,4073,6.6,55442,143,Rahul Dholakia,"Rahul Dholakia, Harit Mehta, Niraj Shukla, Ashish Vashi","Action, Crime, Drama","<a href=""https://www.imdb.com/title/tt3405236"" target=""_blank"">tt3405236</a>","<a href=""https://www.imdb.com/title/tt3405236"" target=""_blank"">Raees</a>"
tt5208252,Operation Finale,2018,4074,6.6,55055,122,Chris Weitz,Matthew Orton,"Biography, Drama, History","<a href=""https://www.imdb.com/title/tt5208252"" target=""_blank"">tt5208252</a>","<a href=""https://www.imdb.com/title/tt5208252"" target=""_blank"">Operation Finale</a>"
tt1084950,Rachel Getting Married,2008,4075,6.6,55054,113,Jonathan Demme,Jenny Lumet,"Drama, Romance","<a href=""https://www.imdb.com/title/tt1084950"" target=""_blank"">tt1084950</a>","<a href=""https://www.imdb.com/title/tt1084950"" target=""_blank"">Rachel Getting Married</a>"
tt22740896,People We Meet on Vacation,2026,4076,6.6,54595,117,Brett Haley,"Yulin Kuang, Amos Vernon, Nunzio Randazzo, Emily Henry","Comedy, Romance","<a href=""https://www.imdb.com/title/tt22740896"" target=""_blank"">tt22740896</a>","<a href=""https://www.imdb.com/title/tt22740896"" target=""_blank"">People We Meet on Vacation</a>"
tt0083564,Annie,1982,4077,6.6,54528,127,John Huston,"Carol Sobieski, Thomas Meehan, Martin Charnin, Harold Gray","Comedy, Drama, Family","<a href=""https://www.imdb.com/title/tt0083564"" target=""_blank"">tt0083564</a>","<a href=""https://www.imdb.com/title/tt0083564"" target=""_blank"">Annie</a>"
tt14577874,It's What's Inside,2024,4078,6.6,54502,103,Greg Jardin,Greg Jardin,"Comedy, Mystery, Sci-Fi","<a href=""https://www.imdb.com/title/tt14577874"" target=""_blank"">tt14577874</a>","<a href=""https://www.imdb.com/title/tt14577874"" target=""_blank"">It's What's Inside</a>"
tt5117670,Peter Rabbit,2018,4079,6.6,54225,95,Will Gluck,"Rob Lieber, Will Gluck, Beatrix Potter","Adventure, Animation, Comedy","<a href=""https://www.imdb.com/title/tt5117670"" target=""_blank"">tt5117670</a>","<a href=""https://www.imdb.com/title/tt5117670"" target=""_blank"">Peter Rabbit</a>"
tt0139699,Varsity Blues,1999,4080,6.6,54067,106,Brian Robbins,W. Peter Iliff,"Comedy, Drama, Romance","<a href=""https://www.imdb.com/title/tt0139699"" target=""_blank"">tt0139699</a>","<a href=""https://www.imdb.com/title/tt0139699"" target=""_blank"">Varsity Blues</a>"
tt8522006,Happiest Season,2020,4081,6.6,53793,102,Clea DuVall,"Clea DuVall, Mary Holland","Comedy, Romance","<a href=""https://www.imdb.com/title/tt8522006"" target=""_blank"">tt8522006</a>","<a href=""https://www.imdb.com/title/tt8522006"" target=""_blank"">Happiest Season</a>"
tt0086383,Sudden Impact,1983,4082,6.6,52994,117,Clint Eastwood,"Harry Julian Fink, Rita M. Fink, Joseph Stinson, Earl E. Smith, Charles B. Pierce, Chuck Pfarrer","Action, Crime, Thriller","<a href=""https://www.imdb.com/title/tt0086383"" target=""_blank"">tt0086383</a>","<a href=""https://www.imdb.com/title/tt0086383"" target=""_blank"">Sudden Impact</a>"
tt5962210,Ingrid Goes West,2017,4083,6.6,52820,98,Matt Spicer,"David Branson Smith, Matt Spicer","Comedy, Drama, Horror","<a href=""https://www.imdb.com/title/tt5962210"" target=""_blank"">tt5962210</a>","<a href=""https://www.imdb.com/title/tt5962210"" target=""_blank"">Ingrid Goes West</a>"
tt1321860,The Beaver,2011,4084,6.6,52482,91,Jodie Foster,Kyle Killen,Drama,"<a href=""https://www.imdb.com/title/tt1321860"" target=""_blank"">tt1321860</a>","<a href=""https://www.imdb.com/title/tt1321860"" target=""_blank"">The Beaver</a>"
tt1462769,The Odd Life of Timothy Green,2012,4085,6.6,50623,105,Peter Hedges,"Peter Hedges, Ahmet Zappa","Comedy, Drama, Family","<a href=""https://www.imdb.com/title/tt1462769"" target=""_blank"">tt1462769</a>","<a href=""https://www.imdb.com/title/tt1462769"" target=""_blank"">The Odd Life of Timothy Green</a>"
tt9288822,The Wonder,2022,4086,6.6,50561,108,Sebastián Lelio,"Emma Donoghue, Sebastián Lelio, Alice Birch","Drama, Mystery, Thriller","<a href=""https://www.imdb.com/title/tt9288822"" target=""_blank"">tt9288822</a>","<a href=""https://www.imdb.com/title/tt9288822"" target=""_blank"">The Wonder</a>"
tt0093886,Roxanne,1987,4087,6.6,50405,107,Fred Schepisi,"Edmond Rostand, Steve Martin","Comedy, Romance","<a href=""https://www.imdb.com/title/tt0093886"" target=""_blank"">tt0093886</a>","<a href=""https://www.imdb.com/title/tt0093886"" target=""_blank"">Roxanne</a>"
tt5649108,Thoroughbreds,2017,4088,6.6,49957,92,Cory Finley,Cory Finley,"Comedy, Crime, Drama","<a href=""https://www.imdb.com/title/tt5649108"" target=""_blank"">tt5649108</a>","<a href=""https://www.imdb.com/title/tt5649108"" target=""_blank"">Thoroughbreds</a>"
tt4900148,Elio,2025,4089,6.6,48767,98,"Adrian Molina, Madeline Sharafian, Domee Shi","Julia Cho, Mark Hammer, Mike Jones, Adrian Molina, Madeline Sharafian, Domee Shi, Jesse Andrews, Hannah Friedman","Adventure, Animation, Comedy","<a href=""https://www.imdb.com/title/tt4900148"" target=""_blank"">tt4900148</a>","<a href=""https://www.imdb.com/title/tt4900148"" target=""_blank"">Elio</a>"
tt6495056,Migration,2023,4090,6.6,48727,83,"Benjamin Renner, Guylo Homsy","Mike White, Benjamin Renner, Ken Daurio, Greg Kalleres","Adventure, Animation, Comedy","<a href=""https://www.imdb.com/title/tt6495056"" target=""_blank"">tt6495056</a>","<a href=""https://www.imdb.com/title/tt6495056"" target=""_blank"">Migration</a>"
tt1316536,The Loved Ones,2009,4091,6.6,48062,84,Sean Byrne,Sean Byrne,"Crime, Horror","<a href=""https://www.imdb.com/title/tt1316536"" target=""_blank"">tt1316536</a>","<a href=""https://www.imdb.com/title/tt1316536"" target=""_blank"">The Loved Ones</a>"
tt0377107,Proof,2005,4092,6.6,48058,100,John Madden,"David Auburn, Rebecca Miller","Drama, Mystery","<a href=""https://www.imdb.com/title/tt0377107"" target=""_blank"">tt0377107</a>","<a href=""https://www.imdb.com/title/tt0377107"" target=""_blank"">Proof</a>"
tt4733624,Fatherhood,2021,4093,6.6,47493,109,Paul Weitz,"Dana Stevens, Paul Weitz, Matt Logelin","Comedy, Drama","<a href=""https://www.imdb.com/title/tt4733624"" target=""_blank"">tt4733624</a>","<a href=""https://www.imdb.com/title/tt4733624"" target=""_blank"">Fatherhood</a>"
tt3616916,The Wave,2015,4094,6.6,47162,105,Roar Uthaug,"Martin Sundland, John Kåre Raake, Roar Uthaug","Action, Drama, Thriller","<a href=""https://www.imdb.com/title/tt3616916"" target=""_blank"">tt3616916</a>","<a href=""https://www.imdb.com/title/tt3616916"" target=""_blank"">The Wave</a>"
tt1833116,The Informer,2019,4095,6.6,46962,113,Andrea Di Stefano,"Matt Cook, Rowan Joffe, Andrea Di Stefano, Anders Roslund, Börge Hellström","Action, Crime, Drama","<a href=""https://www.imdb.com/title/tt1833116"" target=""_blank"">tt1833116</a>","<a href=""https://www.imdb.com/title/tt1833116"" target=""_blank"">The Informer</a>"
tt0454824,Flyboys,2006,4096,6.5,46674,140,Tony Bill,"Phil Sears, Blake T. Evans, David S. Ward","Action, Drama, History","<a href=""https://www.imdb.com/title/tt0454824"" target=""_blank"">tt0454824</a>","<a href=""https://www.imdb.com/title/tt0454824"" target=""_blank"">Flyboys</a>"
tt0108174,So I Married an Axe Murderer,1993,4097,6.5,46520,93,Thomas Schlamme,Robbie Fox,"Comedy, Romance","<a href=""https://www.imdb.com/title/tt0108174"" target=""_blank"">tt0108174</a>","<a href=""https://www.imdb.com/title/tt0108174"" target=""_blank"">So I Married an Axe Murderer</a>"
tt17505010,Horizon: An American Saga - Chapter 1,2024,4098,6.6,46459,181,Kevin Costner,"Jon Baird, Kevin Costner, Mark Kasdan","Drama, Western","<a href=""https://www.imdb.com/title/tt17505010"" target=""_blank"">tt17505010</a>","<a href=""https://www.imdb.com/title/tt17505010"" target=""_blank"">Horizon: An American Saga - Chapter 1</a>"
tt0281364,Wasabi,2001,4099,6.6,46408,94,Gérard Krawczyk,Luc Besson,"Action, Comedy, Crime","<a href=""https://www.imdb.com/title/tt0281364"" target=""_blank"">tt0281364</a>","<a href=""https://www.imdb.com/title/tt0281364"" target=""_blank"">Wasabi</a>"
tt6182908,Smallfoot,2018,4100,6.6,46402,96,"Karey Kirkpatrick, Jason Reisig","Karey Kirkpatrick, Clare Sera, John Requa, Glenn Ficarra, Sergio Pablos, Eyal Podell, Jonathon E. Stewart, Chris Poche","Adventure, Animation, Comedy","<a href=""https://www.imdb.com/title/tt6182908"" target=""_blank"">tt6182908</a>","<a href=""https://www.imdb.com/title/tt6182908"" target=""_blank"">Smallfoot</a>"
tt3907584,All the Bright Places,2020,4101,6.6,46015,107,Brett Haley,"Jennifer Niven, Liz Hannah","Drama, Romance","<a href=""https://www.imdb.com/title/tt3907584"" target=""_blank"">tt3907584</a>","<a href=""https://www.imdb.com/title/tt3907584"" target=""_blank"">All the Bright Places</a>"
tt0079714,Phantasm,1979,4102,6.6,45678,89,Don Coscarelli,Don Coscarelli,"Horror, Sci-Fi","<a href=""https://www.imdb.com/title/tt0079714"" target=""_blank"">tt0079714</a>","<a href=""https://www.imdb.com/title/tt0079714"" target=""_blank"">Phantasm</a>"
tt0082533,The Howling,1981,4103,6.5,45509,91,Joe Dante,"Gary Brandner, John Sayles, Terence H. Winkless",Horror,"<a href=""https://www.imdb.com/title/tt0082533"" target=""_blank"">tt0082533</a>","<a href=""https://www.imdb.com/title/tt0082533"" target=""_blank"">The Howling</a>"
tt4357198,How to Make a Killing,2026,4104,6.5,45359,105,John Patton Ford,"John Patton Ford, Robert Hamer, John Dighton, Roy Horniman","Comedy, Drama, Thriller","<a href=""https://www.imdb.com/title/tt4357198"" target=""_blank"">tt4357198</a>","<a href=""https://www.imdb.com/title/tt4357198"" target=""_blank"">How to Make a Killing</a>"
tt1879016,Operation Mincemeat,2021,4105,6.6,44951,128,John Madden,"Michelle Ashford, Ben Macintyre","Drama, War","<a href=""https://www.imdb.com/title/tt1879016"" target=""_blank"">tt1879016</a>","<a href=""https://www.imdb.com/title/tt1879016"" target=""_blank"">Operation Mincemeat</a>"
tt0116191,Emma,1996,4106,6.6,44494,120,Douglas McGrath,"Jane Austen, Douglas McGrath","Comedy, Drama, Romance","<a href=""https://www.imdb.com/title/tt0116191"" target=""_blank"">tt0116191</a>","<a href=""https://www.imdb.com/title/tt0116191"" target=""_blank"">Emma</a>"
tt7339248,The Art of Self-Defense,2019,4107,6.6,44406,104,Riley Stearns,Riley Stearns,"Action, Comedy, Crime","<a href=""https://www.imdb.com/title/tt7339248"" target=""_blank"">tt7339248</a>","<a href=""https://www.imdb.com/title/tt7339248"" target=""_blank"">The Art of Self-Defense</a>"
tt12676326,Malcolm & Marie,2021,4108,6.6,44374,106,Sam Levinson,Sam Levinson,"Drama, Romance","<a href=""https://www.imdb.com/title/tt12676326"" target=""_blank"">tt12676326</a>","<a href=""https://www.imdb.com/title/tt12676326"" target=""_blank"">Malcolm & Marie</a>"
tt0119668,Midnight in the Garden of Good and Evil,1997,4109,6.6,44178,155,Clint Eastwood,"John Berendt, John Lee Hancock","Crime, Drama, Mystery","<a href=""https://www.imdb.com/title/tt0119668"" target=""_blank"">tt0119668</a>","<a href=""https://www.imdb.com/title/tt0119668"" target=""_blank"">Midnight in the Garden of Good and Evil</a>"
tt1035736,Coco Before Chanel,2009,4110,6.6,44059,105,Anne Fontaine,"Edmonde Charles-Roux, Anne Fontaine, Camille Fontaine","Biography, Drama","<a href=""https://www.imdb.com/title/tt1035736"" target=""_blank"">tt1035736</a>","<a href=""https://www.imdb.com/title/tt1035736"" target=""_blank"">Coco Before Chanel</a>"
tt0303361,May,2002,4111,6.6,43959,93,Lucky McKee,Lucky McKee,"Drama, Horror","<a href=""https://www.imdb.com/title/tt0303361"" target=""_blank"">tt0303361</a>","<a href=""https://www.imdb.com/title/tt0303361"" target=""_blank"">May</a>"
tt6107548,Late Night,2019,4112,6.5,43874,102,Nisha Ganatra,Mindy Kaling,"Comedy, Drama","<a href=""https://www.imdb.com/title/tt6107548"" target=""_blank"">tt6107548</a>","<a href=""https://www.imdb.com/title/tt6107548"" target=""_blank"">Late Night</a>"
tt0408985,Last Holiday,2006,4113,6.6,43440,112,Wayne Wang,"Jeffrey Price, Peter S. Seaman, J.B. Priestley","Comedy, Drama, Romance","<a href=""https://www.imdb.com/title/tt0408985"" target=""_blank"">tt0408985</a>","<a href=""https://www.imdb.com/title/tt0408985"" target=""_blank"">Last Holiday</a>"
tt9130508,Cherry,2021,4114,6.6,43318,142,"Anthony Russo, Joe Russo","Angela Russo-Otstot, Jessica Goldberg, Nico Walker","Biography, Crime, Drama","<a href=""https://www.imdb.com/title/tt9130508"" target=""_blank"">tt9130508</a>","<a href=""https://www.imdb.com/title/tt9130508"" target=""_blank"">Cherry</a>"
tt0196216,Small Time Crooks,2000,4115,6.6,43077,94,Woody Allen,Woody Allen,"Comedy, Crime","<a href=""https://www.imdb.com/title/tt0196216"" target=""_blank"">tt0196216</a>","<a href=""https://www.imdb.com/title/tt0196216"" target=""_blank"">Small Time Crooks</a>"
tt0099528,The Exorcist III,1990,4116,6.5,42911,110,William Peter Blatty,William Peter Blatty,"Drama, Horror, Mystery","<a href=""https://www.imdb.com/title/tt0099528"" target=""_blank"">tt0099528</a>","<a href=""https://www.imdb.com/title/tt0099528"" target=""_blank"">The Exorcist III</a>"
tt0119237,Gummo,1997,4117,6.6,42497,89,Harmony Korine,Harmony Korine,"Comedy, Drama","<a href=""https://www.imdb.com/title/tt0119237"" target=""_blank"">tt0119237</a>","<a href=""https://www.imdb.com/title/tt0119237"" target=""_blank"">Gummo</a>"
tt30446847,Jay Kelly,2025,4118,6.5,42455,132,Noah Baumbach,"Noah Baumbach, Emily Mortimer","Comedy, Drama","<a href=""https://www.imdb.com/title/tt30446847"" target=""_blank"">tt30446847</a>","<a href=""https://www.imdb.com/title/tt30446847"" target=""_blank"">Jay Kelly</a>"
tt30505698,Friendship,2024,4119,6.6,42378,100,Andrew DeYoung,Andrew DeYoung,Comedy,"<a href=""https://www.imdb.com/title/tt30505698"" target=""_blank"">tt30505698</a>","<a href=""https://www.imdb.com/title/tt30505698"" target=""_blank"">Friendship</a>"
tt0082509,Heavy Metal,1981,4120,6.6,42322,86,"Gerald Potterton, John Bruno, John Halas, Julian Harris, Jimmy T. Murakami, Barrie Nelson, Paul Sabella, Jack Stokes, Pino Van Lamsweerde, Harold Whitaker","Daniel Goldberg, Len Blum, Dan O'Bannon, Richard Corben, Bernie Wrightson, Angus McKie, Jean 'Moebius' Giraud","Adventure, Animation, Fantasy","<a href=""https://www.imdb.com/title/tt0082509"" target=""_blank"">tt0082509</a>","<a href=""https://www.imdb.com/title/tt0082509"" target=""_blank"">Heavy Metal</a>"
tt18382850,If I Had Legs I'd Kick You,2025,4121,6.6,42220,113,Mary Bronstein,Mary Bronstein,"Drama, Thriller","<a href=""https://www.imdb.com/title/tt18382850"" target=""_blank"">tt18382850</a>","<a href=""https://www.imdb.com/title/tt18382850"" target=""_blank"">If I Had Legs I'd Kick You</a>"
tt2560078,Boston Strangler,2023,4122,6.5,42220,112,Matt Ruskin,Matt Ruskin,"Crime, Drama, History","<a href=""https://www.imdb.com/title/tt2560078"" target=""_blank"">tt2560078</a>","<a href=""https://www.imdb.com/title/tt2560078"" target=""_blank"">Boston Strangler</a>"
tt0338188,The Missing,2003,4123,6.5,41948,137,Ron Howard,"Thomas Eidson, Ken Kaufman","Adventure, Drama, Thriller","<a href=""https://www.imdb.com/title/tt0338188"" target=""_blank"">tt0338188</a>","<a href=""https://www.imdb.com/title/tt0338188"" target=""_blank"">The Missing</a>"
tt0252503,Heist,2001,4124,6.5,41674,109,David Mamet,David Mamet,"Action, Crime, Drama","<a href=""https://www.imdb.com/title/tt0252503"" target=""_blank"">tt0252503</a>","<a href=""https://www.imdb.com/title/tt0252503"" target=""_blank"">Heist</a>"
tt6269368,The Clovehitch Killer,2018,4125,6.5,41673,109,Duncan Skiles,Christopher Ford,"Crime, Drama, Horror","<a href=""https://www.imdb.com/title/tt6269368"" target=""_blank"">tt6269368</a>","<a href=""https://www.imdb.com/title/tt6269368"" target=""_blank"">The Clovehitch Killer</a>"
tt2091473,Promised Land,2012,4126,6.6,41251,106,Gus Van Sant,"John Krasinski, Matt Damon, Dave Eggers",Drama,"<a href=""https://www.imdb.com/title/tt2091473"" target=""_blank"">tt2091473</a>","<a href=""https://www.imdb.com/title/tt2091473"" target=""_blank"">Promised Land</a>"
tt0100994,Young Guns II,1990,4127,6.5,41090,104,Geoff Murphy,John Fusco,"Action, Drama, Western","<a href=""https://www.imdb.com/title/tt0100994"" target=""_blank"">tt0100994</a>","<a href=""https://www.imdb.com/title/tt0100994"" target=""_blank"">Young Guns II</a>"
tt7430722,War,2019,4128,6.6,40944,151,Siddharth Anand,"Siddharth Anand, Aditya Chopra, Shridhar Raghavan, Abbas Tyrewala","Action, Adventure, Thriller","<a href=""https://www.imdb.com/title/tt7430722"" target=""_blank"">tt7430722</a>","<a href=""https://www.imdb.com/title/tt7430722"" target=""_blank"">War</a>"
tt4878482,Dumplin',2018,4129,6.5,40830,110,Anne Fletcher,"Kristin Hahn, Julie Murphy","Comedy, Drama","<a href=""https://www.imdb.com/title/tt4878482"" target=""_blank"">tt4878482</a>","<a href=""https://www.imdb.com/title/tt4878482"" target=""_blank"">Dumplin'</a>"
tt0126916,For Love of the Game,1999,4130,6.6,40765,137,Sam Raimi,"Michael Shaara, Dana Stevens","Drama, Romance, Sport","<a href=""https://www.imdb.com/title/tt0126916"" target=""_blank"">tt0126916</a>","<a href=""https://www.imdb.com/title/tt0126916"" target=""_blank"">For Love of the Game</a>"
tt6108178,Disobedience,2017,4131,6.6,40709,114,Sebastián Lelio,"Sebastián Lelio, Rebecca Lenkiewicz, Naomi Alderman",Drama,"<a href=""https://www.imdb.com/title/tt6108178"" target=""_blank"">tt6108178</a>","<a href=""https://www.imdb.com/title/tt6108178"" target=""_blank"">Disobedience</a>"
tt6141246,The Aeronauts,2019,4132,6.6,40594,100,Tom Harper,"Richard Holmes, Tom Harper, Jack Thorne","Action, Adventure, Drama","<a href=""https://www.imdb.com/title/tt6141246"" target=""_blank"">tt6141246</a>","<a href=""https://www.imdb.com/title/tt6141246"" target=""_blank"">The Aeronauts</a>"
tt0139668,True Crime,1999,4133,6.6,40452,127,Clint Eastwood,"Andrew Klavan, Larry Gross, Paul Brickman, Stephen Schiff","Crime, Drama, Mystery","<a href=""https://www.imdb.com/title/tt0139668"" target=""_blank"">tt0139668</a>","<a href=""https://www.imdb.com/title/tt0139668"" target=""_blank"">True Crime</a>"
tt4799066,Midnight Sun,2018,4134,6.6,40411,91,Scott Speer,Eric Kirsten,"Drama, Romance","<a href=""https://www.imdb.com/title/tt4799066"" target=""_blank"">tt4799066</a>","<a href=""https://www.imdb.com/title/tt4799066"" target=""_blank"">Midnight Sun</a>"
tt2870708,Wish I Was Here,2014,4135,6.6,39928,106,Zach Braff,"Adam J. Braff, Zach Braff","Comedy, Drama","<a href=""https://www.imdb.com/title/tt2870708"" target=""_blank"">tt2870708</a>","<a href=""https://www.imdb.com/title/tt2870708"" target=""_blank"">Wish I Was Here</a>"
tt0093936,The Secret of My Success,1987,4136,6.5,39825,111,Herbert Ross,"Jim Cash, Jack Epps Jr., AJ Carothers","Comedy, Romance","<a href=""https://www.imdb.com/title/tt0093936"" target=""_blank"">tt0093936</a>","<a href=""https://www.imdb.com/title/tt0093936"" target=""_blank"">The Secret of My Success</a>"
tt0092494,*batteries not included,1987,4137,6.6,39579,107,Matthew Robbins,"Brad Bird, Matthew Robbins, Brent Maddock, S.S. Wilson, Mick Garris","Comedy, Family, Fantasy","<a href=""https://www.imdb.com/title/tt0092494"" target=""_blank"">tt0092494</a>","<a href=""https://www.imdb.com/title/tt0092494"" target=""_blank"">*batteries not included</a>"
tt14403504,Last Breath,2025,4138,6.6,39394,93,Alex Parkinson,"Mitchell LaFortune, Alex Parkinson, David Brooks","Drama, Thriller","<a href=""https://www.imdb.com/title/tt14403504"" target=""_blank"">tt14403504</a>","<a href=""https://www.imdb.com/title/tt14403504"" target=""_blank"">Last Breath</a>"
tt1462900,The Grandmaster,2013,4139,6.6,39083,130,Wong Kar-Wai,"Wong Kar-Wai, Jingzhi Zou, Haofeng Xu","Action, Biography, Drama","<a href=""https://www.imdb.com/title/tt1462900"" target=""_blank"">tt1462900</a>","<a href=""https://www.imdb.com/title/tt1462900"" target=""_blank"">The Grandmaster</a>"
tt2398231,The Homesman,2014,4140,6.6,39017,122,Tommy Lee Jones,"Tommy Lee Jones, Kieran Fitzgerald, Wesley A. Oliver, Glendon Swarthout","Drama, Western","<a href=""https://www.imdb.com/title/tt2398231"" target=""_blank"">tt2398231</a>","<a href=""https://www.imdb.com/title/tt2398231"" target=""_blank"">The Homesman</a>"
tt1226681,Pontypool,2008,4141,6.5,39001,93,Bruce McDonald,Tony Burgess,"Horror, Sci-Fi","<a href=""https://www.imdb.com/title/tt1226681"" target=""_blank"">tt1226681</a>","<a href=""https://www.imdb.com/title/tt1226681"" target=""_blank"">Pontypool</a>"
tt0060153,Batman: The Movie,1966,4142,6.5,38579,105,Leslie H. Martinson,"Lorenzo Semple Jr., Bob Kane, William Dozier","Action, Adventure, Comedy","<a href=""https://www.imdb.com/title/tt0060153"" target=""_blank"">tt0060153</a>","<a href=""https://www.imdb.com/title/tt0060153"" target=""_blank"">Batman: The Movie</a>"
tt0104254,FernGully: The Last Rainforest,1992,4143,6.6,38374,76,Bill Kroyer,"Jim Cox, Diana Young","Adventure, Animation, Family","<a href=""https://www.imdb.com/title/tt0104254"" target=""_blank"">tt0104254</a>","<a href=""https://www.imdb.com/title/tt0104254"" target=""_blank"">FernGully: The Last Rainforest</a>"
tt1167638,22 Bullets,2010,4144,6.6,38365,117,Richard Berry,"Franz-Olivier Giesbert, Richard Berry, Matthieu Delaporte, Alexandre de La Patellière, Eric Assous","Action, Crime, Drama","<a href=""https://www.imdb.com/title/tt1167638"" target=""_blank"">tt1167638</a>","<a href=""https://www.imdb.com/title/tt1167638"" target=""_blank"">22 Bullets</a>"
tt2555736,The Second Best Exotic Marigold Hotel,2015,4145,6.5,38038,122,John Madden,"Ol Parker, John Madden","Comedy, Drama, Romance","<a href=""https://www.imdb.com/title/tt2555736"" target=""_blank"">tt2555736</a>","<a href=""https://www.imdb.com/title/tt2555736"" target=""_blank"">The Second Best Exotic Marigold Hotel</a>"
tt0120483,The Man Who Knew Too Little,1997,4146,6.6,37653,94,Jon Amiel,"Robert Farrar, Howard Franklin","Comedy, Crime, Drama","<a href=""https://www.imdb.com/title/tt0120483"" target=""_blank"">tt0120483</a>","<a href=""https://www.imdb.com/title/tt0120483"" target=""_blank"">The Man Who Knew Too Little</a>"
tt0102603,Oscar,1991,4147,6.6,37562,109,John Landis,"Claude Magnier, Michael Barrie, Jim Mulholland","Comedy, Crime","<a href=""https://www.imdb.com/title/tt0102603"" target=""_blank"">tt0102603</a>","<a href=""https://www.imdb.com/title/tt0102603"" target=""_blank"">Oscar</a>"
tt0202677,The Way of the Gun,2000,4148,6.6,37534,119,Christopher McQuarrie,Christopher McQuarrie,"Action, Crime, Drama","<a href=""https://www.imdb.com/title/tt0202677"" target=""_blank"">tt0202677</a>","<a href=""https://www.imdb.com/title/tt0202677"" target=""_blank"">The Way of the Gun</a>"
tt0427969,Hollywoodland,2006,4149,6.5,37298,126,Allen Coulter,Paul Bernbaum,"Biography, Crime, Drama","<a href=""https://www.imdb.com/title/tt0427969"" target=""_blank"">tt0427969</a>","<a href=""https://www.imdb.com/title/tt0427969"" target=""_blank"">Hollywoodland</a>"
tt14439896,Father Stu,2022,4150,6.5,36858,124,Rosalind Ross,Rosalind Ross,"Biography, Drama, Sport","<a href=""https://www.imdb.com/title/tt14439896"" target=""_blank"">tt14439896</a>","<a href=""https://www.imdb.com/title/tt14439896"" target=""_blank"">Father Stu</a>"
tt0240510,The Four Feathers,2002,4151,6.5,36790,132,Shekhar Kapur,"A.E.W. Mason, Michael Schiffer, Hossein Amini","Adventure, Drama, Romance","<a href=""https://www.imdb.com/title/tt0240510"" target=""_blank"">tt0240510</a>","<a href=""https://www.imdb.com/title/tt0240510"" target=""_blank"">The Four Feathers</a>"
tt7214954,Luck,2022,4152,6.5,36482,105,"Peggy Holmes, Javier Abad","Kiel Murray, Jonathan Aibel, Glenn Berger, Rebeca Carrasco, Juan De Dios, Julian Muñoz Romero, Julia Miranda","Adventure, Animation, Comedy","<a href=""https://www.imdb.com/title/tt7214954"" target=""_blank"">tt7214954</a>","<a href=""https://www.imdb.com/title/tt7214954"" target=""_blank"">Luck</a>"
tt2084989,Upstream Color,2013,4153,6.5,36365,96,Shane Carruth,Shane Carruth,"Drama, Mystery, Sci-Fi","<a href=""https://www.imdb.com/title/tt2084989"" target=""_blank"">tt2084989</a>","<a href=""https://www.imdb.com/title/tt2084989"" target=""_blank"">Upstream Color</a>"
tt35222590,Exit 8,2025,4154,6.5,35928,95,Genki Kawamura,"Kotake Create, Kentaro Hirase, Genki Kawamura","Action, Adventure, Horror","<a href=""https://www.imdb.com/title/tt35222590"" target=""_blank"">tt35222590</a>","<a href=""https://www.imdb.com/title/tt35222590"" target=""_blank"">Exit 8</a>"
tt32063050,Bridget Jones: Mad About the Boy,2025,4155,6.5,35815,124,Michael Morris,"Helen Fielding, Dan Mazer, Abi Morgan","Comedy, Drama, Romance","<a href=""https://www.imdb.com/title/tt32063050"" target=""_blank"">tt32063050</a>","<a href=""https://www.imdb.com/title/tt32063050"" target=""_blank"">Bridget Jones: Mad About the Boy</a>"
tt0460745,Chaos Theory,2007,4156,6.5,35296,87,Marcos Siega,Daniel Taplitz,"Comedy, Drama, Romance","<a href=""https://www.imdb.com/title/tt0460745"" target=""_blank"">tt0460745</a>","<a href=""https://www.imdb.com/title/tt0460745"" target=""_blank"">Chaos Theory</a>"
tt3278330,Tale of Tales,2015,4157,6.4,33861,134,Matteo Garrone,"Edoardo Albinati, Ugo Chiti, Matteo Garrone, Massimo Gaudioso, Giambattista Basile","Drama, Fantasy, Horror","<a href=""https://www.imdb.com/title/tt3278330"" target=""_blank"">tt3278330</a>","<a href=""https://www.imdb.com/title/tt3278330"" target=""_blank"">Tale of Tales</a>"
tt0419843,In the Land of Women,2007,4158,6.4,33690,97,Jonathan Kasdan,Jonathan Kasdan,"Comedy, Drama, Romance","<a href=""https://www.imdb.com/title/tt0419843"" target=""_blank"">tt0419843</a>","<a href=""https://www.imdb.com/title/tt0419843"" target=""_blank"">In the Land of Women</a>"
tt2140507,The Current War,2017,4159,6.5,33682,102,Alfonso Gomez-Rejon,Michael Mitnick,"Biography, Drama, History","<a href=""https://www.imdb.com/title/tt2140507"" target=""_blank"">tt2140507</a>","<a href=""https://www.imdb.com/title/tt2140507"" target=""_blank"">The Current War</a>"
tt0110364,Little Giants,1994,4160,6.5,33544,107,Duwayne Dunham,"James Ferguson, Robert Shallcross, Tommy Swerdlow, Michael Goldberg","Comedy, Family, Sport","<a href=""https://www.imdb.com/title/tt0110364"" target=""_blank"">tt0110364</a>","<a href=""https://www.imdb.com/title/tt0110364"" target=""_blank"">Little Giants</a>"
tt0120654,Dirty Work,1998,4161,6.4,33491,82,Bob Saget,"Frank Sebastiano, Norm MacDonald, Fred Wolf",Comedy,"<a href=""https://www.imdb.com/title/tt0120654"" target=""_blank"">tt0120654</a>","<a href=""https://www.imdb.com/title/tt0120654"" target=""_blank"">Dirty Work</a>"
tt0360009,Spartan,2004,4162,6.5,33373,106,David Mamet,David Mamet,"Action, Crime, Drama","<a href=""https://www.imdb.com/title/tt0360009"" target=""_blank"">tt0360009</a>","<a href=""https://www.imdb.com/title/tt0360009"" target=""_blank"">Spartan</a>"
tt0113501,Just Cause,1995,4163,6.4,33289,102,Arne Glimcher,"John Katzenbach, Jeb Stuart, Peter Stone","Action, Crime, Drama","<a href=""https://www.imdb.com/title/tt0113501"" target=""_blank"">tt0113501</a>","<a href=""https://www.imdb.com/title/tt0113501"" target=""_blank"">Just Cause</a>"
tt15782690,In the Land of Saints and Sinners,2023,4164,6.4,33184,106,Robert Lorenz,"Mark Michael McNally, Terry Loane","Action, Crime, Drama","<a href=""https://www.imdb.com/title/tt15782690"" target=""_blank"">tt15782690</a>","<a href=""https://www.imdb.com/title/tt15782690"" target=""_blank"">In the Land of Saints and Sinners</a>"
tt2494280,Stretch,2014,4165,6.5,33178,94,Joe Carnahan,"Joe Carnahan, Jerry Corley, Rob Rose","Comedy, Crime","<a href=""https://www.imdb.com/title/tt2494280"" target=""_blank"">tt2494280</a>","<a href=""https://www.imdb.com/title/tt2494280"" target=""_blank"">Stretch</a>"
tt0073631,Rollerball,1975,4166,6.5,32966,125,Norman Jewison,William Harrison,"Action, Sci-Fi, Sport","<a href=""https://www.imdb.com/title/tt0073631"" target=""_blank"">tt0073631</a>","<a href=""https://www.imdb.com/title/tt0073631"" target=""_blank"">Rollerball</a>"
tt8372298,Swallow,2019,4167,6.5,32966,94,Carlo Mirabella-Davis,Carlo Mirabella-Davis,"Drama, Mystery, Thriller","<a href=""https://www.imdb.com/title/tt8372298"" target=""_blank"">tt8372298</a>","<a href=""https://www.imdb.com/title/tt8372298"" target=""_blank"">Swallow</a>"
tt0110638,Nell,1994,4168,6.5,32764,112,Michael Apted,"Mark Handley, William Nicholson",Drama,"<a href=""https://www.imdb.com/title/tt0110638"" target=""_blank"">tt0110638</a>","<a href=""https://www.imdb.com/title/tt0110638"" target=""_blank"">Nell</a>"
tt0117737,Stealing Beauty,1996,4169,6.5,32764,118,Bernardo Bertolucci,"Bernardo Bertolucci, Susan Minot","Drama, Mystery, Romance","<a href=""https://www.imdb.com/title/tt0117737"" target=""_blank"">tt0117737</a>","<a href=""https://www.imdb.com/title/tt0117737"" target=""_blank"">Stealing Beauty</a>"
tt1178665,A Walk in the Woods,2015,4170,6.4,32710,104,Ken Kwapis,"Michael Arndt, Bill Holderman, Bill Bryson","Adventure, Biography, Comedy","<a href=""https://www.imdb.com/title/tt1178665"" target=""_blank"">tt1178665</a>","<a href=""https://www.imdb.com/title/tt1178665"" target=""_blank"">A Walk in the Woods</a>"
tt0830558,The Girl Next Door,2007,4171,6.4,32618,91,Gregory Wilson,"Daniel Farrands, Philip Nutman, Jack Ketchum","Crime, Drama, Horror","<a href=""https://www.imdb.com/title/tt0830558"" target=""_blank"">tt0830558</a>","<a href=""https://www.imdb.com/title/tt0830558"" target=""_blank"">The Girl Next Door</a>"
tt0450340,Unknown,2006,4172,6.4,32606,85,Simon Brand,Matthew Waynee,"Crime, Drama, Mystery","<a href=""https://www.imdb.com/title/tt0450340"" target=""_blank"">tt0450340</a>","<a href=""https://www.imdb.com/title/tt0450340"" target=""_blank"">Unknown</a>"
tt32550101,Straw,2025,4173,6.5,32455,105,Tyler Perry,Tyler Perry,"Drama, Thriller","<a href=""https://www.imdb.com/title/tt32550101"" target=""_blank"">tt32550101</a>","<a href=""https://www.imdb.com/title/tt32550101"" target=""_blank"">Straw</a>"
tt0106912,Fire in the Sky,1993,4174,6.5,32384,109,Robert Lieberman,"Travis Walton, Tracy Tormé","Biography, Drama, Fantasy","<a href=""https://www.imdb.com/title/tt0106912"" target=""_blank"">tt0106912</a>","<a href=""https://www.imdb.com/title/tt0106912"" target=""_blank"">Fire in the Sky</a>"
tt13873302,Against the Ice,2022,4175,6.5,32351,102,Peter Flinth,"Nikolaj Coster-Waldau, Joe Derrick, Ejnar Mikkelsen","Adventure, Drama, History","<a href=""https://www.imdb.com/title/tt13873302"" target=""_blank"">tt13873302</a>","<a href=""https://www.imdb.com/title/tt13873302"" target=""_blank"">Against the Ice</a>"
tt0200027,Riding in Cars with Boys,2001,4176,6.5,32213,132,Penny Marshall,"Beverly Donofrio, Morgan Ward","Biography, Comedy, Drama","<a href=""https://www.imdb.com/title/tt0200027"" target=""_blank"">tt0200027</a>","<a href=""https://www.imdb.com/title/tt0200027"" target=""_blank"">Riding in Cars with Boys</a>"
tt7549892,Terrified,2017,4177,6.5,32022,87,Demián Rugna,Demián Rugna,Horror,"<a href=""https://www.imdb.com/title/tt7549892"" target=""_blank"">tt7549892</a>","<a href=""https://www.imdb.com/title/tt7549892"" target=""_blank"">Terrified</a>"
tt10767052,Next Goal Wins,2023,4178,6.5,31982,104,Taika Waititi,"Taika Waititi, Iain Morris","Comedy, Drama, Sport","<a href=""https://www.imdb.com/title/tt10767052"" target=""_blank"">tt10767052</a>","<a href=""https://www.imdb.com/title/tt10767052"" target=""_blank"">Next Goal Wins</a>"
tt2023690,Sightseers,2012,4179,6.5,31874,88,Ben Wheatley,"Alice Lowe, Steve Oram, Amy Jump","Adventure, Comedy, Crime","<a href=""https://www.imdb.com/title/tt2023690"" target=""_blank"">tt2023690</a>","<a href=""https://www.imdb.com/title/tt2023690"" target=""_blank"">Sightseers</a>"
tt0430634,Stick It,2006,4180,6.4,31872,103,Jessica Bendinger,Jessica Bendinger,"Comedy, Drama, Sport","<a href=""https://www.imdb.com/title/tt0430634"" target=""_blank"">tt0430634</a>","<a href=""https://www.imdb.com/title/tt0430634"" target=""_blank"">Stick It</a>"
tt15268244,Joy Ride,2023,4181,6.4,31775,95,Adele Lim,"Cherry Chevapravatdumrong, Teresa Hsiao, Adele Lim",Comedy,"<a href=""https://www.imdb.com/title/tt15268244"" target=""_blank"">tt15268244</a>","<a href=""https://www.imdb.com/title/tt15268244"" target=""_blank"">Joy Ride</a>"
tt0107497,Malice,1993,4182,6.5,31713,107,Harold Becker,"Aaron Sorkin, Jonas McCord, Scott Frank","Crime, Mystery, Thriller","<a href=""https://www.imdb.com/title/tt0107497"" target=""_blank"">tt0107497</a>","<a href=""https://www.imdb.com/title/tt0107497"" target=""_blank"">Malice</a>"
tt0074851,The Man Who Fell to Earth,1976,4183,6.5,31684,139,Nicolas Roeg,"Paul Mayersberg, Walter Tevis","Drama, Sci-Fi","<a href=""https://www.imdb.com/title/tt0074851"" target=""_blank"">tt0074851</a>","<a href=""https://www.imdb.com/title/tt0074851"" target=""_blank"">The Man Who Fell to Earth</a>"
tt0080569,Cruising,1980,4184,6.5,31599,102,William Friedkin,"William Friedkin, Gerald Walker","Crime, Drama, Mystery","<a href=""https://www.imdb.com/title/tt0080569"" target=""_blank"">tt0080569</a>","<a href=""https://www.imdb.com/title/tt0080569"" target=""_blank"">Cruising</a>"
tt12838766,Space Sweepers,2021,4185,6.5,31579,136,Jo Sung-hee,"Jo Sung-hee, Seung-min Yoon, Seo-ae Yoo-Kang","Action, Adventure, Drama","<a href=""https://www.imdb.com/title/tt12838766"" target=""_blank"">tt12838766</a>","<a href=""https://www.imdb.com/title/tt12838766"" target=""_blank"">Space Sweepers</a>"
tt1592281,Take This Waltz,2011,4186,6.5,31569,116,Sarah Polley,Sarah Polley,"Comedy, Drama","<a href=""https://www.imdb.com/title/tt1592281"" target=""_blank"">tt1592281</a>","<a href=""https://www.imdb.com/title/tt1592281"" target=""_blank"">Take This Waltz</a>"
tt2452200,Son of a Gun,2014,4187,6.4,31346,108,Julius Avery,"Julius Avery, John Collee","Action, Crime, Drama","<a href=""https://www.imdb.com/title/tt2452200"" target=""_blank"">tt2452200</a>","<a href=""https://www.imdb.com/title/tt2452200"" target=""_blank"">Son of a Gun</a>"
tt35064672,Cocktail 2,2026,4188,6.4,31084,150,Homi Adajania,"Tarun Jain, Luv Ranjan","Comedy, Drama, Romance","<a href=""https://www.imdb.com/title/tt35064672"" target=""_blank"">tt35064672</a>","<a href=""https://www.imdb.com/title/tt35064672"" target=""_blank"">Cocktail 2</a>"
tt0164212,Under Suspicion,2000,4189,6.4,30762,110,Stephen Hopkins,"John Wainwright, Claude Miller, Jean Herman, Michel Audiard, Tom Provost, W. Peter Iliff","Crime, Drama, Thriller","<a href=""https://www.imdb.com/title/tt0164212"" target=""_blank"">tt0164212</a>","<a href=""https://www.imdb.com/title/tt0164212"" target=""_blank"">Under Suspicion</a>"
tt4348012,Mayhem,2017,4190,6.4,30688,86,Joe Lynch,Matias Caruso,"Action, Comedy, Horror","<a href=""https://www.imdb.com/title/tt4348012"" target=""_blank"">tt4348012</a>","<a href=""https://www.imdb.com/title/tt4348012"" target=""_blank"">Mayhem</a>"
tt11905962,Sputnik,2020,4191,6.4,30680,113,Egor Abramenko,"Oleg Malovichko, Andrey Zolotarev","Drama, Horror, Mystery","<a href=""https://www.imdb.com/title/tt11905962"" target=""_blank"">tt11905962</a>","<a href=""https://www.imdb.com/title/tt11905962"" target=""_blank"">Sputnik</a>"
tt1932718,Thanks for Sharing,2012,4192,6.4,30670,112,Stuart Blumberg,"Stuart Blumberg, Matt Winston","Comedy, Drama, Romance","<a href=""https://www.imdb.com/title/tt1932718"" target=""_blank"">tt1932718</a>","<a href=""https://www.imdb.com/title/tt1932718"" target=""_blank"">Thanks for Sharing</a>"
tt0101329,An American Tail: Fievel Goes West,1991,4193,6.5,30579,75,"Phil Nibbelink, Simon Wells","Flint Dille, Charles Swenson, David Kirschner","Adventure, Animation, Comedy","<a href=""https://www.imdb.com/title/tt0101329"" target=""_blank"">tt0101329</a>","<a href=""https://www.imdb.com/title/tt0101329"" target=""_blank"">An American Tail: Fievel Goes West</a>"
tt0110737,Only You,1994,4194,6.5,30552,109,Norman Jewison,Diane Drake,"Comedy, Romance","<a href=""https://www.imdb.com/title/tt0110737"" target=""_blank"">tt0110737</a>","<a href=""https://www.imdb.com/title/tt0110737"" target=""_blank"">Only You</a>"
tt3864056,The Goldfinch,2019,4195,6.4,30536,149,John Crowley,"Peter Straughan, Donna Tartt","Crime, Drama, Mystery","<a href=""https://www.imdb.com/title/tt3864056"" target=""_blank"">tt3864056</a>","<a href=""https://www.imdb.com/title/tt3864056"" target=""_blank"">The Goldfinch</a>"
tt6882604,Archive,2020,4196,6.4,30458,109,Gavin Rothery,Gavin Rothery,"Drama, Mystery, Sci-Fi","<a href=""https://www.imdb.com/title/tt6882604"" target=""_blank"">tt6882604</a>","<a href=""https://www.imdb.com/title/tt6882604"" target=""_blank"">Archive</a>"
tt7390646,Black and Blue,2019,4197,6.4,30451,108,Deon Taylor,Peter A. Dowling,"Action, Thriller","<a href=""https://www.imdb.com/title/tt7390646"" target=""_blank"">tt7390646</a>","<a href=""https://www.imdb.com/title/tt7390646"" target=""_blank"">Black and Blue</a>"
tt9054192,Queenpins,2021,4198,6.4,30209,110,"Aron Gaudet, Gita Pullapilly","Aron Gaudet, Gita Pullapilly","Comedy, Crime","<a href=""https://www.imdb.com/title/tt9054192"" target=""_blank"">tt9054192</a>","<a href=""https://www.imdb.com/title/tt9054192"" target=""_blank"">Queenpins</a>"
tt0085894,The Man with Two Brains,1983,4199,6.4,29953,93,Carl Reiner,"George Gipe, Steve Martin, Carl Reiner","Comedy, Romance, Sci-Fi","<a href=""https://www.imdb.com/title/tt0085894"" target=""_blank"">tt0085894</a>","<a href=""https://www.imdb.com/title/tt0085894"" target=""_blank"">The Man with Two Brains</a>"
tt0111333,The Swan Princess,1994,4200,6.5,29823,90,Richard Rich,"Brian Nissen, Richard Rich","Adventure, Animation, Comedy","<a href=""https://www.imdb.com/title/tt0111333"" target=""_blank"">tt0111333</a>","<a href=""https://www.imdb.com/title/tt0111333"" target=""_blank"">The Swan Princess</a>"
tt9766332,Atrangi Re,2021,4201,6.5,29605,138,Aanand L. Rai,"Himanshu Sharma, Vikramjeet Singh","Comedy, Drama, Fantasy","<a href=""https://www.imdb.com/title/tt9766332"" target=""_blank"">tt9766332</a>","<a href=""https://www.imdb.com/title/tt9766332"" target=""_blank"">Atrangi Re</a>"
tt9684220,Bad Trip,2021,4202,6.5,29516,86,Kitao Sakurai,"Eric André, Kitao Sakurai, Andrew Barchilon, Dan Curry, Derrick Beckles, Jenna Park, Kathryn Borel",Comedy,"<a href=""https://www.imdb.com/title/tt9684220"" target=""_blank"">tt9684220</a>","<a href=""https://www.imdb.com/title/tt9684220"" target=""_blank"">Bad Trip</a>"
tt0277941,Ned Kelly,2003,4203,6.4,29459,110,Gregor Jordan,"Robert Drewe, John Michael McDonagh","Action, Adventure, Biography","<a href=""https://www.imdb.com/title/tt0277941"" target=""_blank"">tt0277941</a>","<a href=""https://www.imdb.com/title/tt0277941"" target=""_blank"">Ned Kelly</a>"
tt2355495,Barefoot,2014,4204,6.5,29325,90,Andrew Fleming,Stephen Zotnowski,"Comedy, Drama, Romance","<a href=""https://www.imdb.com/title/tt2355495"" target=""_blank"">tt2355495</a>","<a href=""https://www.imdb.com/title/tt2355495"" target=""_blank"">Barefoot</a>"
tt0100260,Nightbreed,1990,4205,6.4,29316,102,Clive Barker,Clive Barker,"Action, Fantasy, Horror","<a href=""https://www.imdb.com/title/tt0100260"" target=""_blank"">tt0100260</a>","<a href=""https://www.imdb.com/title/tt0100260"" target=""_blank"">Nightbreed</a>"
tt0278823,Hollywood Ending,2002,4206,6.5,29302,112,Woody Allen,Woody Allen,"Comedy, Romance","<a href=""https://www.imdb.com/title/tt0278823"" target=""_blank"">tt0278823</a>","<a href=""https://www.imdb.com/title/tt0278823"" target=""_blank"">Hollywood Ending</a>"
tt0071577,The Great Gatsby,1974,4207,6.4,29256,144,Jack Clayton,"F. Scott Fitzgerald, Francis Ford Coppola","Drama, Romance","<a href=""https://www.imdb.com/title/tt0071577"" target=""_blank"">tt0071577</a>","<a href=""https://www.imdb.com/title/tt0071577"" target=""_blank"">The Great Gatsby</a>"
tt0432637,Krrish,2006,4208,6.5,29042,154,Rakesh Roshan,"Robin Bhatt, Sachin Bhowmick, Honey Irani, Akarsh Khurana, Sanjay Masoomm, Rakesh Roshan","Action, Sci-Fi","<a href=""https://www.imdb.com/title/tt0432637"" target=""_blank"">tt0432637</a>","<a href=""https://www.imdb.com/title/tt0432637"" target=""_blank"">Krrish</a>"
tt3416536,Hot Summer Nights,2017,4209,6.4,28897,107,Elijah Bynum,Elijah Bynum,"Crime, Drama, Romance","<a href=""https://www.imdb.com/title/tt3416536"" target=""_blank"">tt3416536</a>","<a href=""https://www.imdb.com/title/tt3416536"" target=""_blank"">Hot Summer Nights</a>"
tt13652286,Fight or Flight,2024,4210,6.4,28894,102,James Madigan,"Brooks McLaren, D.J. Cotrona","Action, Comedy","<a href=""https://www.imdb.com/title/tt13652286"" target=""_blank"">tt13652286</a>","<a href=""https://www.imdb.com/title/tt13652286"" target=""_blank"">Fight or Flight</a>"
tt0096071,The Serpent and the Rainbow,1988,4211,6.4,28888,98,Wes Craven,"Wade Davis, Richard Maxwell, Adam Rodman","Fantasy, Horror","<a href=""https://www.imdb.com/title/tt0096071"" target=""_blank"">tt0096071</a>","<a href=""https://www.imdb.com/title/tt0096071"" target=""_blank"">The Serpent and the Rainbow</a>"
tt1151359,Leaves of Grass,2009,4212,6.4,28855,105,Tim Blake Nelson,Tim Blake Nelson,"Comedy, Crime, Drama","<a href=""https://www.imdb.com/title/tt1151359"" target=""_blank"">tt1151359</a>","<a href=""https://www.imdb.com/title/tt1151359"" target=""_blank"">Leaves of Grass</a>"
tt0963194,Repo! The Genetic Opera,2008,4213,6.4,28824,98,Darren Lynn Bousman,"Darren Smith, Terrance Zdunich","Horror, Musical, Sci-Fi","<a href=""https://www.imdb.com/title/tt0963194"" target=""_blank"">tt0963194</a>","<a href=""https://www.imdb.com/title/tt0963194"" target=""_blank"">Repo! The Genetic Opera</a>"
tt27056012,Khel Khel Mein,2024,4214,6.5,28739,135,Mudassar Aziz,"Mudassar Aziz, Sara Bodinar, Filippo Bologna, Paolo Costella, Paolo Genovese, Paola Mammini, Rolando Ravello","Comedy, Drama","<a href=""https://www.imdb.com/title/tt27056012"" target=""_blank"">tt27056012</a>","<a href=""https://www.imdb.com/title/tt27056012"" target=""_blank"">Khel Khel Mein</a>"
tt0048254,Killer's Kiss,1955,4215,6.5,28709,67,Stanley Kubrick,"Stanley Kubrick, Howard Sackler","Crime, Drama, Film-Noir","<a href=""https://www.imdb.com/title/tt0048254"" target=""_blank"">tt0048254</a>","<a href=""https://www.imdb.com/title/tt0048254"" target=""_blank"">Killer's Kiss</a>"
tt0140379,A Midsummer Night's Dream,1999,4216,6.4,28681,116,Michael Hoffman,"William Shakespeare, Michael Hoffman","Comedy, Fantasy, Romance","<a href=""https://www.imdb.com/title/tt0140379"" target=""_blank"">tt0140379</a>","<a href=""https://www.imdb.com/title/tt0140379"" target=""_blank"">A Midsummer Night's Dream</a>"
tt0294357,Beyond Borders,2003,4217,6.4,28645,127,Martin Campbell,Caspian Tredwell-Owen,"Adventure, Drama, Romance","<a href=""https://www.imdb.com/title/tt0294357"" target=""_blank"">tt0294357</a>","<a href=""https://www.imdb.com/title/tt0294357"" target=""_blank"">Beyond Borders</a>"
tt3203528,Bad Samaritan,2018,4218,6.5,28600,110,Dean Devlin,Brandon Boyce,"Crime, Drama, Horror","<a href=""https://www.imdb.com/title/tt3203528"" target=""_blank"">tt3203528</a>","<a href=""https://www.imdb.com/title/tt3203528"" target=""_blank"">Bad Samaritan</a>"
tt2349144,Mississippi Grind,2015,4219,6.4,28575,108,"Anna Boden, Ryan Fleck","Anna Boden, Ryan Fleck","Comedy, Drama","<a href=""https://www.imdb.com/title/tt2349144"" target=""_blank"">tt2349144</a>","<a href=""https://www.imdb.com/title/tt2349144"" target=""_blank"">Mississippi Grind</a>"
tt10083640,Bhoot Police,2021,4220,6.5,28532,129,Pavan Kirpalani,"Pavan Kirpalani, Pooja Ladha Surti, Sumit Batheja, Anuvab Pal, Devashish Makhija","Adventure, Comedy, Drama","<a href=""https://www.imdb.com/title/tt10083640"" target=""_blank"">tt10083640</a>","<a href=""https://www.imdb.com/title/tt10083640"" target=""_blank"">Bhoot Police</a>"
tt2784678,Top Five,2014,4221,6.4,28487,102,Chris Rock,Chris Rock,"Comedy, Romance","<a href=""https://www.imdb.com/title/tt2784678"" target=""_blank"">tt2784678</a>","<a href=""https://www.imdb.com/title/tt2784678"" target=""_blank"">Top Five</a>"
tt0076538,Pete's Dragon,1977,4222,6.4,28455,128,Don Chaffey,"Malcolm Marmorstein, Seton I. Miller, S.S. Field","Adventure, Animation, Comedy","<a href=""https://www.imdb.com/title/tt0076538"" target=""_blank"">tt0076538</a>","<a href=""https://www.imdb.com/title/tt0076538"" target=""_blank"">Pete's Dragon</a>"
tt0082307,The Beyond,1981,4223,6.5,28366,87,Lucio Fulci,"Dardano Sacchetti, Giorgio Mariuzzo, Lucio Fulci, H.P. Lovecraft, Clark Ashton Smith",Horror,"<a href=""https://www.imdb.com/title/tt0082307"" target=""_blank"">tt0082307</a>","<a href=""https://www.imdb.com/title/tt0082307"" target=""_blank"">The Beyond</a>"
tt2365580,"Where'd You Go, Bernadette",2019,4224,6.5,28126,109,Richard Linklater,"Richard Linklater, Holly Gent, Vincent Palmo Jr., Maria Semple","Comedy, Crime, Drama","<a href=""https://www.imdb.com/title/tt2365580"" target=""_blank"">tt2365580</a>","<a href=""https://www.imdb.com/title/tt2365580"" target=""_blank"">Where'd You Go, Bernadette</a>"
tt13872248,The Sadness,2021,4225,6.5,28042,99,Rob Jabbaz,Rob Jabbaz,"Horror, Thriller","<a href=""https://www.imdb.com/title/tt13872248"" target=""_blank"">tt13872248</a>","<a href=""https://www.imdb.com/title/tt13872248"" target=""_blank"">The Sadness</a>"
tt6462958,I Want You Back,2022,4226,6.5,27861,116,Jason Orley,"Isaac Aptaker, Elizabeth Berger","Comedy, Romance","<a href=""https://www.imdb.com/title/tt6462958"" target=""_blank"">tt6462958</a>","<a href=""https://www.imdb.com/title/tt6462958"" target=""_blank"">I Want You Back</a>"
tt0250224,Crazy/Beautiful,2001,4227,6.4,27847,99,John Stockwell,"Phil Hay, Matt Manfredi","Drama, Romance","<a href=""https://www.imdb.com/title/tt0250224"" target=""_blank"">tt0250224</a>","<a href=""https://www.imdb.com/title/tt0250224"" target=""_blank"">Crazy/Beautiful</a>"
tt0076070,The Gauntlet,1977,4228,6.4,27696,109,Clint Eastwood,"Michael Butler, Dennis Shryack","Action, Crime, Thriller","<a href=""https://www.imdb.com/title/tt0076070"" target=""_blank"">tt0076070</a>","<a href=""https://www.imdb.com/title/tt0076070"" target=""_blank"">The Gauntlet</a>"
tt12718300,"Confess, Fletch",2022,4229,6.4,27602,98,Greg Mottola,"Gregory McDonald, Greg Mottola, Zev Borow","Comedy, Crime, Mystery","<a href=""https://www.imdb.com/title/tt12718300"" target=""_blank"">tt12718300</a>","<a href=""https://www.imdb.com/title/tt12718300"" target=""_blank"">Confess, Fletch</a>"
tt4669264,Beirut,2018,4230,6.5,27295,109,Brad Anderson,Tony Gilroy,"Action, Adventure, Crime","<a href=""https://www.imdb.com/title/tt4669264"" target=""_blank"">tt4669264</a>","<a href=""https://www.imdb.com/title/tt4669264"" target=""_blank"">Beirut</a>"
tt4943322,The Ottoman Lieutenant,2017,4231,6.4,27287,106,Joseph Ruben,Jeff Stockwell,"Drama, History, War","<a href=""https://www.imdb.com/title/tt4943322"" target=""_blank"">tt4943322</a>","<a href=""https://www.imdb.com/title/tt4943322"" target=""_blank"">The Ottoman Lieutenant</a>"
tt7983894,Ammonite,2020,4232,6.5,27273,117,Francis Lee,Francis Lee,"Drama, History, Romance","<a href=""https://www.imdb.com/title/tt7983894"" target=""_blank"">tt7983894</a>","<a href=""https://www.imdb.com/title/tt7983894"" target=""_blank"">Ammonite</a>"
tt2639254,A Little Chaos,2014,4233,6.5,27128,117,Alan Rickman,"Jeremy Brock, Alison Deegan, Alan Rickman","Drama, Romance","<a href=""https://www.imdb.com/title/tt2639254"" target=""_blank"">tt2639254</a>","<a href=""https://www.imdb.com/title/tt2639254"" target=""_blank"">A Little Chaos</a>"
tt8119752,Gonjiam: Haunted Asylum,2018,4234,6.5,27012,95,Jung Bum-shik,"Jung Bum-shik, Sang-min Park","Horror, Mystery","<a href=""https://www.imdb.com/title/tt8119752"" target=""_blank"">tt8119752</a>","<a href=""https://www.imdb.com/title/tt8119752"" target=""_blank"">Gonjiam: Haunted Asylum</a>"
tt1715336,Anna,2013,4235,6.4,26937,99,Jorge Dorado,"Guy Holmes, Martha Holmes","Drama, Mystery, Sci-Fi","<a href=""https://www.imdb.com/title/tt1715336"" target=""_blank"">tt1715336</a>","<a href=""https://www.imdb.com/title/tt1715336"" target=""_blank"">Anna</a>"
tt0087957,Purple Rain,1984,4236,6.5,26886,111,Albert Magnoli,"Albert Magnoli, William Blinn","Drama, Music, Romance","<a href=""https://www.imdb.com/title/tt0087957"" target=""_blank"">tt0087957</a>","<a href=""https://www.imdb.com/title/tt0087957"" target=""_blank"">Purple Rain</a>"
tt0119115,Fierce Creatures,1997,4237,6.4,26780,93,"Robert Young, Fred Schepisi","John Cleese, Iain Johnstone, Terry Jones, Michael Palin",Comedy,"<a href=""https://www.imdb.com/title/tt0119115"" target=""_blank"">tt0119115</a>","<a href=""https://www.imdb.com/title/tt0119115"" target=""_blank"">Fierce Creatures</a>"
tt5977276,The Aftermath,2019,4238,6.4,26274,108,James Kent,"Joe Shrapnel, Anna Waterhouse, Rhidian Brook","Drama, Romance, War","<a href=""https://www.imdb.com/title/tt5977276"" target=""_blank"">tt5977276</a>","<a href=""https://www.imdb.com/title/tt5977276"" target=""_blank"">The Aftermath</a>"
tt0460792,Fast Food Nation,2006,4239,6.3,26250,116,Richard Linklater,"Eric Schlosser, Richard Linklater","Comedy, Drama","<a href=""https://www.imdb.com/title/tt0460792"" target=""_blank"">tt0460792</a>","<a href=""https://www.imdb.com/title/tt0460792"" target=""_blank"">Fast Food Nation</a>"
tt0100318,Pacific Heights,1990,4240,6.4,26231,102,John Schlesinger,Daniel Pyne,"Drama, Mystery, Thriller","<a href=""https://www.imdb.com/title/tt0100318"" target=""_blank"">tt0100318</a>","<a href=""https://www.imdb.com/title/tt0100318"" target=""_blank"">Pacific Heights</a>"
tt21308888,Paradise,2023,4241,6.3,26184,117,Boris Kunz,"Simon Amberger, Peter Kocyla, Boris Kunz","Action, Sci-Fi, Thriller","<a href=""https://www.imdb.com/title/tt21308888"" target=""_blank"">tt21308888</a>","<a href=""https://www.imdb.com/title/tt21308888"" target=""_blank"">Paradise</a>"
tt13397574,Mothers' Instinct,2024,4242,6.3,26093,94,Benoît Delhomme,"Sarah Conradt, Barbara Abel","Drama, Thriller","<a href=""https://www.imdb.com/title/tt13397574"" target=""_blank"">tt13397574</a>","<a href=""https://www.imdb.com/title/tt13397574"" target=""_blank"">Mothers' Instinct</a>"
tt3297330,Good Kill,2014,4243,6.4,26070,102,Andrew Niccol,Andrew Niccol,"Drama, Thriller, War","<a href=""https://www.imdb.com/title/tt3297330"" target=""_blank"">tt3297330</a>","<a href=""https://www.imdb.com/title/tt3297330"" target=""_blank"">Good Kill</a>"
tt1995390,Our Kind of Traitor,2016,4244,6.3,26040,108,Susanna White,"John le Carré, Hossein Amini","Action, Crime, Drama","<a href=""https://www.imdb.com/title/tt1995390"" target=""_blank"">tt1995390</a>","<a href=""https://www.imdb.com/title/tt1995390"" target=""_blank"">Our Kind of Traitor</a>"
tt22893404,Maria,2024,4245,6.4,26007,124,Pablo Larraín,Steven Knight,"Biography, Drama, Music","<a href=""https://www.imdb.com/title/tt22893404"" target=""_blank"">tt22893404</a>","<a href=""https://www.imdb.com/title/tt22893404"" target=""_blank"">Maria</a>"
tt0089114,Explorers,1985,4246,6.4,25961,109,Joe Dante,Eric Luke,"Adventure, Comedy, Family","<a href=""https://www.imdb.com/title/tt0089114"" target=""_blank"">tt0089114</a>","<a href=""https://www.imdb.com/title/tt0089114"" target=""_blank"">Explorers</a>"
tt0449061,London,2005,4247,6.3,25925,92,Hunter Richards,Hunter Richards,"Drama, Romance","<a href=""https://www.imdb.com/title/tt0449061"" target=""_blank"">tt0449061</a>","<a href=""https://www.imdb.com/title/tt0449061"" target=""_blank"">London</a>"
tt30889755,The Sabarmati Report,2024,4248,6.4,25842,127,Dheeraj Sarna,"Arjun Bhandegaonkar, Dheeraj Sarna, Avinash Singh Tomar","Crime, Drama, Thriller","<a href=""https://www.imdb.com/title/tt30889755"" target=""_blank"">tt30889755</a>","<a href=""https://www.imdb.com/title/tt30889755"" target=""_blank"">The Sabarmati Report</a>"
tt27052633,Echo Valley,2025,4249,6.3,25672,104,Michael Pearce,Brad Ingelsby,"Drama, Thriller","<a href=""https://www.imdb.com/title/tt27052633"" target=""_blank"">tt27052633</a>","<a href=""https://www.imdb.com/title/tt27052633"" target=""_blank"">Echo Valley</a>"
tt1985019,Austenland,2013,4250,6.3,25642,97,Jerusha Hess,"Jerusha Hess, Shannon Hale","Comedy, Romance","<a href=""https://www.imdb.com/title/tt1985019"" target=""_blank"">tt1985019</a>","<a href=""https://www.imdb.com/title/tt1985019"" target=""_blank"">Austenland</a>"
tt0338427,Shopgirl,2005,4251,6.3,25487,106,Anand Tucker,Steve Martin,"Drama, Romance","<a href=""https://www.imdb.com/title/tt0338427"" target=""_blank"">tt0338427</a>","<a href=""https://www.imdb.com/title/tt0338427"" target=""_blank"">Shopgirl</a>"
tt4733640,The Limehouse Golem,2016,4252,6.3,25358,109,Juan Carlos Medina,"Jane Goldman, Peter Ackroyd","Crime, Mystery, Thriller","<a href=""https://www.imdb.com/title/tt4733640"" target=""_blank"">tt4733640</a>","<a href=""https://www.imdb.com/title/tt4733640"" target=""_blank"">The Limehouse Golem</a>"
tt0120620,Brokedown Palace,1999,4253,6.4,25346,100,Jonathan Kaplan,"Adam Fields, David Arata","Drama, Mystery, Thriller","<a href=""https://www.imdb.com/title/tt0120620"" target=""_blank"">tt0120620</a>","<a href=""https://www.imdb.com/title/tt0120620"" target=""_blank"">Brokedown Palace</a>"
tt0138946,The Yards,2000,4254,6.4,25239,115,James Gray,"James Gray, Matt Reeves","Crime, Drama, Romance","<a href=""https://www.imdb.com/title/tt0138946"" target=""_blank"">tt0138946</a>","<a href=""https://www.imdb.com/title/tt0138946"" target=""_blank"">The Yards</a>"
tt12788488,Deadstream,2022,4255,6.4,25238,87,"Joseph Winter, Vanessa Winter","Vanessa Winter, Joseph Winter","Comedy, Fantasy, Horror","<a href=""https://www.imdb.com/title/tt12788488"" target=""_blank"">tt12788488</a>","<a href=""https://www.imdb.com/title/tt12788488"" target=""_blank"">Deadstream</a>"
tt0072926,The Eiger Sanction,1975,4256,6.4,25091,129,Clint Eastwood,"Hal Dresner, Warren Murphy, Rod Whitaker","Action, Crime, Thriller","<a href=""https://www.imdb.com/title/tt0072926"" target=""_blank"">tt0072926</a>","<a href=""https://www.imdb.com/title/tt0072926"" target=""_blank"">The Eiger Sanction</a>"
tt9076562,Irresistible,2020,4257,6.3,25048,101,Jon Stewart,Jon Stewart,"Comedy, Drama","<a href=""https://www.imdb.com/title/tt9076562"" target=""_blank"">tt9076562</a>","<a href=""https://www.imdb.com/title/tt9076562"" target=""_blank"">Irresistible</a>"
tt6378710,Villains,2019,4258,6.3,25005,90,"Dan Berk, Robert Olsen","Dan Berk, Robert Olsen","Comedy, Horror, Thriller","<a href=""https://www.imdb.com/title/tt6378710"" target=""_blank"">tt6378710</a>","<a href=""https://www.imdb.com/title/tt6378710"" target=""_blank"">Villains</a>"
tt1981115,Thor: The Dark World,2013,4259,6.7,794491,112,Alan Taylor,"Christopher Yost, Christopher Markus, Stephen McFeely, Don Payne, Robert Rodat, Stan Lee, Larry Lieber, Jack Kirby, Walter Simonson","Action, Adventure, Fantasy","<a href=""https://www.imdb.com/title/tt1981115"" target=""_blank"">tt1981115</a>","<a href=""https://www.imdb.com/title/tt1981115"" target=""_blank"">Thor: The Dark World</a>"
tt4154664,Captain Marvel,2019,4260,6.7,675008,123,"Anna Boden, Ryan Fleck","Anna Boden, Ryan Fleck, Geneva Robertson-Dworet, Nicole Perlman, Meg LeFauve","Action, Adventure, Sci-Fi","<a href=""https://www.imdb.com/title/tt4154664"" target=""_blank"">tt4154664</a>","<a href=""https://www.imdb.com/title/tt4154664"" target=""_blank"">Captain Marvel</a>"
tt0367594,Charlie and the Chocolate Factory,2005,4261,6.7,579693,115,Tim Burton,"Roald Dahl, John August","Adventure, Comedy, Family","<a href=""https://www.imdb.com/title/tt0367594"" target=""_blank"">tt0367594</a>","<a href=""https://www.imdb.com/title/tt0367594"" target=""_blank"">Charlie and the Chocolate Factory</a>"
tt1430132,The Wolverine,2013,4262,6.7,531658,126,James Mangold,"Mark Bomback, Scott Frank","Action, Sci-Fi, Thriller","<a href=""https://www.imdb.com/title/tt1430132"" target=""_blank"">tt1430132</a>","<a href=""https://www.imdb.com/title/tt1430132"" target=""_blank"">The Wolverine</a>"
tt0382625,The Da Vinci Code,2006,4263,6.7,491010,149,Ron Howard,"Akiva Goldsman, Dan Brown","Mystery, Thriller","<a href=""https://www.imdb.com/title/tt0382625"" target=""_blank"">tt0382625</a>","<a href=""https://www.imdb.com/title/tt0382625"" target=""_blank"">The Da Vinci Code</a>"
tt1637688,In Time,2011,4264,6.7,489600,109,Andrew Niccol,Andrew Niccol,"Action, Sci-Fi, Thriller","<a href=""https://www.imdb.com/title/tt1637688"" target=""_blank"">tt1637688</a>","<a href=""https://www.imdb.com/title/tt1637688"" target=""_blank"">In Time</a>"
tt0120591,Armageddon,1998,4265,6.7,484611,151,Michael Bay,"Jonathan Hensleigh, J.J. Abrams, Tony Gilroy, Shane Salerno, Robert Roy Pool","Action, Adventure, Sci-Fi","<a href=""https://www.imdb.com/title/tt0120591"" target=""_blank"">tt0120591</a>","<a href=""https://www.imdb.com/title/tt0120591"" target=""_blank"">Armageddon</a>"
tt0493464,Wanted,2008,4266,6.7,431662,110,Timur Bekmambetov,"Michael Brandt, Derek Haas, Chris Morgan, Mark Millar, J.G. Jones","Action, Crime, Thriller","<a href=""https://www.imdb.com/title/tt0493464"" target=""_blank"">tt0493464</a>","<a href=""https://www.imdb.com/title/tt0493464"" target=""_blank"">Wanted</a>"
tt4649466,Kingsman: The Golden Circle,2017,4267,6.7,406798,141,Matthew Vaughn,"Jane Goldman, Matthew Vaughn, Mark Millar, Dave Gibbons","Action, Adventure, Comedy","<a href=""https://www.imdb.com/title/tt4649466"" target=""_blank"">tt4649466</a>","<a href=""https://www.imdb.com/title/tt4649466"" target=""_blank"">Kingsman: The Golden Circle</a>"
tt3731562,Kong: Skull Island,2017,4268,6.7,379600,118,Jordan Vogt-Roberts,"Dan Gilroy, Max Borenstein, Derek Connolly, John Gatins","Action, Adventure, Fantasy","<a href=""https://www.imdb.com/title/tt3731562"" target=""_blank"">tt3731562</a>","<a href=""https://www.imdb.com/title/tt3731562"" target=""_blank"">Kong: Skull Island</a>"
tt0195714,Final Destination,2000,4269,6.7,341862,98,James Wong,"Glen Morgan, James Wong, Jeffrey Reddick","Horror, Thriller","<a href=""https://www.imdb.com/title/tt0195714"" target=""_blank"">tt0195714</a>","<a href=""https://www.imdb.com/title/tt0195714"" target=""_blank"">Final Destination</a>"
tt0808151,Angels & Demons,2009,4270,6.7,328915,138,Ron Howard,"David Koepp, Akiva Goldsman, Dan Brown","Mystery, Thriller","<a href=""https://www.imdb.com/title/tt0808151"" target=""_blank"">tt0808151</a>","<a href=""https://www.imdb.com/title/tt0808151"" target=""_blank"">Angels & Demons</a>"
tt1386588,The Other Guys,2010,4271,6.7,313973,107,Adam McKay,"Adam McKay, Chris Henchy","Action, Comedy, Crime","<a href=""https://www.imdb.com/title/tt1386588"" target=""_blank"">tt1386588</a>","<a href=""https://www.imdb.com/title/tt1386588"" target=""_blank"">The Other Guys</a>"
tt0803096,Warcraft,2016,4272,6.7,298521,123,Duncan Jones,"Charles Leavitt, Duncan Jones, Jesse Wigutow","Action, Adventure, Fantasy","<a href=""https://www.imdb.com/title/tt0803096"" target=""_blank"">tt0803096</a>","<a href=""https://www.imdb.com/title/tt0803096"" target=""_blank"">Warcraft</a>"
tt0364725,Dodgeball: A True Underdog Story,2004,4273,6.7,289650,92,Rawson Marshall Thurber,Rawson Marshall Thurber,"Comedy, Sport","<a href=""https://www.imdb.com/title/tt0364725"" target=""_blank"">tt0364725</a>","<a href=""https://www.imdb.com/title/tt0364725"" target=""_blank"">Dodgeball: A True Underdog Story</a>"
tt5442430,Life,2017,4274,6.6,280847,104,Daniel Espinosa,"Rhett Reese, Paul Wernick","Horror, Sci-Fi, Thriller","<a href=""https://www.imdb.com/title/tt5442430"" target=""_blank"">tt5442430</a>","<a href=""https://www.imdb.com/title/tt5442430"" target=""_blank"">Life</a>"
tt4630562,The Fate of the Furious,2017,4275,6.6,279281,136,F. Gary Gray,"Gary Scott Thompson, Chris Morgan","Action, Crime, Thriller","<a href=""https://www.imdb.com/title/tt4630562"" target=""_blank"">tt4630562</a>","<a href=""https://www.imdb.com/title/tt4630562"" target=""_blank"">The Fate of the Furious</a>"
tt0429493,The A-Team,2010,4276,6.7,278761,118,Joe Carnahan,"Joe Carnahan, Brian Bloom, Skip Woods, Frank Lupo, Stephen J. Cannell","Action, Adventure, Crime","<a href=""https://www.imdb.com/title/tt0429493"" target=""_blank"">tt0429493</a>","<a href=""https://www.imdb.com/title/tt0429493"" target=""_blank"">The A-Team</a>"
tt1601913,The Grey,2011,4277,6.7,276409,117,Joe Carnahan,"Joe Carnahan, Ian Mackenzie Jeffers","Action, Adventure, Drama","<a href=""https://www.imdb.com/title/tt1601913"" target=""_blank"">tt1601913</a>","<a href=""https://www.imdb.com/title/tt1601913"" target=""_blank"">The Grey</a>"
tt0479952,Madagascar: Escape 2 Africa,2008,4278,6.7,276008,89,"Eric Darnell, Tom McGrath","Etan Cohen, Eric Darnell, Tom McGrath","Adventure, Animation, Comedy","<a href=""https://www.imdb.com/title/tt0479952"" target=""_blank"">tt0479952</a>","<a href=""https://www.imdb.com/title/tt0479952"" target=""_blank"">Madagascar: Escape 2 Africa</a>"
tt0338348,The Polar Express,2004,4279,6.6,274496,100,Robert Zemeckis,"Chris Van Allsburg, Robert Zemeckis, William Broyles Jr.","Adventure, Animation, Family","<a href=""https://www.imdb.com/title/tt0338348"" target=""_blank"">tt0338348</a>","<a href=""https://www.imdb.com/title/tt0338348"" target=""_blank"">The Polar Express</a>"
tt1211956,Escape Plan,2013,4280,6.7,272838,115,Mikael Håfström,"Miles Chapman, Jason Keller","Action, Thriller","<a href=""https://www.imdb.com/title/tt1211956"" target=""_blank"">tt1211956</a>","<a href=""https://www.imdb.com/title/tt1211956"" target=""_blank"">Escape Plan</a>"
tt0163978,The Beach,2000,4281,6.6,271784,119,Danny Boyle,"John Hodge, Alex Garland","Adventure, Drama, Romance","<a href=""https://www.imdb.com/title/tt0163978"" target=""_blank"">tt0163978</a>","<a href=""https://www.imdb.com/title/tt0163978"" target=""_blank"">The Beach</a>"
tt5109784,Mother!,2017,4282,6.6,271298,121,Darren Aronofsky,Darren Aronofsky,"Drama, Horror, Mystery","<a href=""https://www.imdb.com/title/tt5109784"" target=""_blank"">tt5109784</a>","<a href=""https://www.imdb.com/title/tt5109784"" target=""_blank"">Mother!</a>"
tt0265208,The Girl Next Door,2004,4283,6.7,267541,109,Luke Greenfield,"David Wagner, Brent Goldberg, Stuart Blumberg","Comedy, Drama, Romance","<a href=""https://www.imdb.com/title/tt0265208"" target=""_blank"">tt0265208</a>","<a href=""https://www.imdb.com/title/tt0265208"" target=""_blank"">The Girl Next Door</a>"
tt1731141,Ender's Game,2013,4284,6.6,266831,114,Gavin Hood,"Gavin Hood, Orson Scott Card","Action, Adventure, Sci-Fi","<a href=""https://www.imdb.com/title/tt1731141"" target=""_blank"">tt1731141</a>","<a href=""https://www.imdb.com/title/tt1731141"" target=""_blank"">Ender's Game</a>"
tt12299608,Mickey 17,2025,4285,6.7,266669,137,Bong Joon Ho,"Bong Joon Ho, Edward Ashton","Adventure, Comedy, Fantasy","<a href=""https://www.imdb.com/title/tt12299608"" target=""_blank"">tt12299608</a>","<a href=""https://www.imdb.com/title/tt12299608"" target=""_blank"">Mickey 17</a>"
tt0183505,"Me, Myself & Irene",2000,4286,6.6,266237,116,"Bobby Farrelly, Peter Farrelly","Peter Farrelly, Mike Cerrone, Bobby Farrelly",Comedy,"<a href=""https://www.imdb.com/title/tt0183505"" target=""_blank"">tt0183505</a>","<a href=""https://www.imdb.com/title/tt0183505"" target=""_blank"">Me, Myself & Irene</a>"
tt0145660,Austin Powers: The Spy Who Shagged Me,1999,4287,6.7,265174,95,Jay Roach,"Mike Myers, Michael McCullers","Action, Adventure, Comedy","<a href=""https://www.imdb.com/title/tt0145660"" target=""_blank"">tt0145660</a>","<a href=""https://www.imdb.com/title/tt0145660"" target=""_blank"">Austin Powers: The Spy Who Shagged Me</a>"
tt0266915,Rush Hour 2,2001,4288,6.7,264685,90,Brett Ratner,"Ross LaManna, Jeff Nathanson","Action, Comedy, Crime","<a href=""https://www.imdb.com/title/tt0266915"" target=""_blank"">tt0266915</a>","<a href=""https://www.imdb.com/title/tt0266915"" target=""_blank"">Rush Hour 2</a>"
tt0117509,Romeo + Juliet,1996,4289,6.7,264064,120,Baz Luhrmann,"William Shakespeare, Craig Pearce, Baz Luhrmann","Drama, Romance","<a href=""https://www.imdb.com/title/tt0117509"" target=""_blank"">tt0117509</a>","<a href=""https://www.imdb.com/title/tt0117509"" target=""_blank"">Romeo + Juliet</a>"
tt2463208,The Adam Project,2022,4290,6.7,263121,106,Shawn Levy,"Jonathan Tropper, T.S. Nowlin, Jennifer Flackett, Mark Levin","Action, Adventure, Comedy","<a href=""https://www.imdb.com/title/tt2463208"" target=""_blank"">tt2463208</a>","<a href=""https://www.imdb.com/title/tt2463208"" target=""_blank"">The Adam Project</a>"
tt1636826,Project X,2012,4291,6.7,262676,88,Nima Nourizadeh,"Matt Drake, Michael Bacall","Comedy, Thriller","<a href=""https://www.imdb.com/title/tt1636826"" target=""_blank"">tt1636826</a>","<a href=""https://www.imdb.com/title/tt1636826"" target=""_blank"">Project X</a>"
tt4196776,Jason Bourne,2016,4292,6.6,260744,123,Paul Greengrass,"Paul Greengrass, Christopher Rouse, Robert Ludlum","Action, Thriller","<a href=""https://www.imdb.com/title/tt4196776"" target=""_blank"">tt4196776</a>","<a href=""https://www.imdb.com/title/tt4196776"" target=""_blank"">Jason Bourne</a>"
tt9777666,The Tomorrow War,2021,4293,6.6,258377,138,Chris McKay,Zach Dean,"Action, Adventure, Drama","<a href=""https://www.imdb.com/title/tt9777666"" target=""_blank"">tt9777666</a>","<a href=""https://www.imdb.com/title/tt9777666"" target=""_blank"">The Tomorrow War</a>"
tt0758752,Love & Other Drugs,2010,4294,6.7,256315,112,Edward Zwick,"Charles Randolph, Edward Zwick, Marshall Herskovitz, Jamie Reidy","Comedy, Drama, Romance","<a href=""https://www.imdb.com/title/tt0758752"" target=""_blank"">tt0758752</a>","<a href=""https://www.imdb.com/title/tt0758752"" target=""_blank"">Love & Other Drugs</a>"
tt7846844,Enola Holmes,2020,4295,6.7,256057,123,Harry Bradbeer,"Jack Thorne, Nancy Springer, Arthur Conan Doyle","Adventure, Crime, Drama","<a href=""https://www.imdb.com/title/tt7846844"" target=""_blank"">tt7846844</a>","<a href=""https://www.imdb.com/title/tt7846844"" target=""_blank"">Enola Holmes</a>"
tt0187738,Blade II,2002,4296,6.7,256022,117,Guillermo del Toro,"Marv Wolfman, Gene Colan, David S. Goyer","Action, Horror, Sci-Fi","<a href=""https://www.imdb.com/title/tt0187738"" target=""_blank"">tt0187738</a>","<a href=""https://www.imdb.com/title/tt0187738"" target=""_blank"">Blade II</a>"
tt0117998,Twister,1996,4297,6.6,254236,113,Jan de Bont,"Michael Crichton, Anne-Marie Martin","Action, Adventure, Thriller","<a href=""https://www.imdb.com/title/tt0117998"" target=""_blank"">tt0117998</a>","<a href=""https://www.imdb.com/title/tt0117998"" target=""_blank"">Twister</a>"
tt0296572,The Chronicles of Riddick,2004,4298,6.6,253806,119,David Twohy,"David Twohy, Jim Wheat, Ken Wheat","Action, Adventure, Sci-Fi","<a href=""https://www.imdb.com/title/tt0296572"" target=""_blank"">tt0296572</a>","<a href=""https://www.imdb.com/title/tt0296572"" target=""_blank"">The Chronicles of Riddick</a>"
tt0439572,The Flash,2023,4299,6.6,252957,144,Andy Muschietti,"Christina Hodson, John Francis Daley, Jonathan Goldstein, Joby Harold, Harry Lampert, Gardner Fox, Robert Kanigher, Carmine Infantino, Jerry Siegel, Joe Shuster, Bob Kane, Bill Finger, William Moulton Marston","Action, Adventure, Fantasy","<a href=""https://www.imdb.com/title/tt0439572"" target=""_blank"">tt0439572</a>","<a href=""https://www.imdb.com/title/tt0439572"" target=""_blank"">The Flash</a>"
tt1599348,Safe House,2012,4300,6.7,251362,115,Daniel Espinosa,David Guggenheim,"Action, Thriller","<a href=""https://www.imdb.com/title/tt1599348"" target=""_blank"">tt1599348</a>","<a href=""https://www.imdb.com/title/tt1599348"" target=""_blank"">Safe House</a>"
tt1972591,King Arthur: Legend of the Sword,2017,4301,6.7,250400,126,Guy Ritchie,"Joby Harold, Guy Ritchie, Lionel Wigram, David Dobkin","Action, Adventure, Drama","<a href=""https://www.imdb.com/title/tt1972591"" target=""_blank"">tt1972591</a>","<a href=""https://www.imdb.com/title/tt1972591"" target=""_blank"">King Arthur: Legend of the Sword</a>"
tt0356150,EuroTrip,2004,4302,6.6,248212,92,"Jeff Schaffer, Alec Berg, David Mandel","Alec Berg, David Mandel, Jeff Schaffer",Comedy,"<a href=""https://www.imdb.com/title/tt0356150"" target=""_blank"">tt0356150</a>","<a href=""https://www.imdb.com/title/tt0356150"" target=""_blank"">EuroTrip</a>"
tt0097428,Ghostbusters II,1989,4303,6.6,242129,108,Ivan Reitman,"Dan Aykroyd, Harold Ramis","Action, Comedy, Fantasy","<a href=""https://www.imdb.com/title/tt0097428"" target=""_blank"">tt0097428</a>","<a href=""https://www.imdb.com/title/tt0097428"" target=""_blank"">Ghostbusters II</a>"
tt1272878,2 Guns,2013,4304,6.7,239592,109,Baltasar Kormákur,"Blake Masters, Steven Grant","Action, Comedy, Crime","<a href=""https://www.imdb.com/title/tt1272878"" target=""_blank"">tt1272878</a>","<a href=""https://www.imdb.com/title/tt1272878"" target=""_blank"">2 Guns</a>"
tt1127180,Drag Me to Hell,2009,4305,6.6,233535,99,Sam Raimi,"Sam Raimi, Ivan Raimi",Horror,"<a href=""https://www.imdb.com/title/tt1127180"" target=""_blank"">tt1127180</a>","<a href=""https://www.imdb.com/title/tt1127180"" target=""_blank"">Drag Me to Hell</a>"
tt1560220,Zombieland: Double Tap,2019,4306,6.6,230254,99,Ruben Fleischer,"Rhett Reese, Paul Wernick, Dave Callaham","Action, Comedy, Horror","<a href=""https://www.imdb.com/title/tt1560220"" target=""_blank"">tt1560220</a>","<a href=""https://www.imdb.com/title/tt1560220"" target=""_blank"">Zombieland: Double Tap</a>"
tt10548174,28 Years Later,2025,4307,6.6,229161,115,Danny Boyle,Alex Garland,"Horror, Sci-Fi, Thriller","<a href=""https://www.imdb.com/title/tt10548174"" target=""_blank"">tt10548174</a>","<a href=""https://www.imdb.com/title/tt10548174"" target=""_blank"">28 Years Later</a>"
tt0118571,Air Force One,1997,4308,6.6,226450,124,Wolfgang Petersen,Andrew W. Marlowe,"Action, Crime, Drama","<a href=""https://www.imdb.com/title/tt0118571"" target=""_blank"">tt0118571</a>","<a href=""https://www.imdb.com/title/tt0118571"" target=""_blank"">Air Force One</a>"
tt2873282,Red Sparrow,2018,4309,6.6,220087,140,Francis Lawrence,"Justin Haythe, Jason Matthews","Drama, Mystery, Thriller","<a href=""https://www.imdb.com/title/tt2873282"" target=""_blank"">tt2873282</a>","<a href=""https://www.imdb.com/title/tt2873282"" target=""_blank"">Red Sparrow</a>"
tt0119081,Event Horizon,1997,4310,6.6,218252,96,Paul W.S. Anderson,Philip Eisner,"Horror, Sci-Fi, Thriller","<a href=""https://www.imdb.com/title/tt0119081"" target=""_blank"">tt0119081</a>","<a href=""https://www.imdb.com/title/tt0119081"" target=""_blank"">Event Horizon</a>"
tt0415306,Talladega Nights: The Ballad of Ricky Bobby,2006,4311,6.6,217149,108,Adam McKay,"Will Ferrell, Adam McKay","Comedy, Sport","<a href=""https://www.imdb.com/title/tt0415306"" target=""_blank"">tt0415306</a>","<a href=""https://www.imdb.com/title/tt0415306"" target=""_blank"">Talladega Nights: The Ballad of Ricky Bobby</a>"
tt0448694,Puss in Boots,2011,4312,6.6,215457,90,Chris Miller,"Tom Wheeler, Brian Lynch, William Davies, Charles Perrault","Action, Adventure, Animation","<a href=""https://www.imdb.com/title/tt0448694"" target=""_blank"">tt0448694</a>","<a href=""https://www.imdb.com/title/tt0448694"" target=""_blank"">Puss in Boots</a>"
tt0985694,Machete,2010,4313,6.6,210590,105,"Ethan Maniquis, Robert Rodriguez","Robert Rodriguez, Álvaro Rodríguez","Action, Crime, Thriller","<a href=""https://www.imdb.com/title/tt0985694"" target=""_blank"">tt0985694</a>","<a href=""https://www.imdb.com/title/tt0985694"" target=""_blank"">Machete</a>"
tt2226417,Insidious: Chapter 2,2013,4314,6.6,206818,106,James Wan,"Leigh Whannell, James Wan","Horror, Mystery, Thriller","<a href=""https://www.imdb.com/title/tt2226417"" target=""_blank"">tt2226417</a>","<a href=""https://www.imdb.com/title/tt2226417"" target=""_blank"">Insidious: Chapter 2</a>"
tt0389722,30 Days of Night,2007,4315,6.6,203552,113,David Slade,"Steve Niles, Stuart Beattie, Brian Nelson, Ben Templesmith","Horror, Thriller","<a href=""https://www.imdb.com/title/tt0389722"" target=""_blank"">tt0389722</a>","<a href=""https://www.imdb.com/title/tt0389722"" target=""_blank"">30 Days of Night</a>"
tt1059786,Eagle Eye,2008,4316,6.6,203188,118,D.J. Caruso,"John Glenn, Travis Wright, Hillary Seitz, Dan McDermott","Action, Mystery, Thriller","<a href=""https://www.imdb.com/title/tt1059786"" target=""_blank"">tt1059786</a>","<a href=""https://www.imdb.com/title/tt1059786"" target=""_blank"">Eagle Eye</a>"
tt0380510,The Lovely Bones,2009,4317,6.6,194115,135,Peter Jackson,"Fran Walsh, Philippa Boyens, Peter Jackson, Alice Sebold","Drama, Fantasy, Thriller","<a href=""https://www.imdb.com/title/tt0380510"" target=""_blank"">tt0380510</a>","<a href=""https://www.imdb.com/title/tt0380510"" target=""_blank"">The Lovely Bones</a>"
tt0093894,The Running Man,1987,4318,6.6,193735,101,Paul Michael Glaser,"Stephen King, Steven E. de Souza","Action, Sci-Fi, Thriller","<a href=""https://www.imdb.com/title/tt0093894"" target=""_blank"">tt0093894</a>","<a href=""https://www.imdb.com/title/tt0093894"" target=""_blank"">The Running Man</a>"
tt10545296,The Hunger Games: The Ballad of Songbirds & Snakes,2023,4319,6.6,191301,157,Francis Lawrence,"Michael Lesslie, Michael Arndt, Suzanne Collins","Action, Adventure, Sci-Fi","<a href=""https://www.imdb.com/title/tt10545296"" target=""_blank"">tt10545296</a>","<a href=""https://www.imdb.com/title/tt10545296"" target=""_blank"">The Hunger Games: The Ballad of Songbirds & Snakes</a>"
tt2404463,The Heat,2013,4320,6.6,191262,117,Paul Feig,Katie Dippold,"Action, Comedy, Crime","<a href=""https://www.imdb.com/title/tt2404463"" target=""_blank"">tt2404463</a>","<a href=""https://www.imdb.com/title/tt2404463"" target=""_blank"">The Heat</a>"
tt1821694,RED 2,2013,4321,6.6,190217,116,Dean Parisot,"Warren Ellis, Cully Hamner, Jon Hoeber, Erich Hoeber","Action, Comedy, Crime","<a href=""https://www.imdb.com/title/tt1821694"" target=""_blank"">tt1821694</a>","<a href=""https://www.imdb.com/title/tt1821694"" target=""_blank"">RED 2</a>"
tt5308322,Happy Death Day,2017,4322,6.6,189708,96,Christopher Landon,Scott Lobdell,"Comedy, Horror, Mystery","<a href=""https://www.imdb.com/title/tt5308322"" target=""_blank"">tt5308322</a>","<a href=""https://www.imdb.com/title/tt5308322"" target=""_blank"">Happy Death Day</a>"
tt0122151,Lethal Weapon 4,1998,4323,6.6,182143,127,Richard Donner,"Shane Black, Jonathan Lemkin, Alfred Gough, Miles Millar, Channing Gibson","Action, Crime, Thriller","<a href=""https://www.imdb.com/title/tt0122151"" target=""_blank"">tt0122151</a>","<a href=""https://www.imdb.com/title/tt0122151"" target=""_blank"">Lethal Weapon 4</a>"
tt2049403,Beetlejuice Beetlejuice,2024,4324,6.6,180268,105,Tim Burton,"Michael McDowell, Larry Wilson, Alfred Gough, Miles Millar, Seth Grahame-Smith","Comedy, Fantasy, Horror","<a href=""https://www.imdb.com/title/tt2049403"" target=""_blank"">tt2049403</a>","<a href=""https://www.imdb.com/title/tt2049403"" target=""_blank"">Beetlejuice Beetlejuice</a>"
tt11214590,House of Gucci,2021,4325,6.6,177338,158,Ridley Scott,"Becky Johnston, Roberto Bentivegna, Sara Gay Forden","Biography, Crime, Drama","<a href=""https://www.imdb.com/title/tt11214590"" target=""_blank"">tt11214590</a>","<a href=""https://www.imdb.com/title/tt11214590"" target=""_blank"">House of Gucci</a>"
tt5022702,Hush,2016,4326,6.6,172445,82,Mike Flanagan,"Mike Flanagan, Kate Siegel","Horror, Thriller","<a href=""https://www.imdb.com/title/tt5022702"" target=""_blank"">tt5022702</a>","<a href=""https://www.imdb.com/title/tt5022702"" target=""_blank"">Hush</a>"
tt13143964,Borat Subsequent Moviefilm,2020,4327,6.6,167222,95,Jason Woliner,"Sacha Baron Cohen, Anthony Hines, Dan Swimer, Peter Baynham, Erica Rivinoja, Dan Mazer, Jena Friedman, Lee Kern, Nina Pedrad",Comedy,"<a href=""https://www.imdb.com/title/tt13143964"" target=""_blank"">tt13143964</a>","<a href=""https://www.imdb.com/title/tt13143964"" target=""_blank"">Borat Subsequent Moviefilm</a>"
tt2510894,Hotel Transylvania 2,2015,4328,6.6,166376,89,Genndy Tartakovsky,"Robert Smigel, Adam Sandler","Adventure, Animation, Comedy","<a href=""https://www.imdb.com/title/tt2510894"" target=""_blank"">tt2510894</a>","<a href=""https://www.imdb.com/title/tt2510894"" target=""_blank"">Hotel Transylvania 2</a>"
tt1568338,Man on a Ledge,2012,4329,6.6,163015,102,Asger Leth,Pablo F. Fenjves,"Action, Crime, Thriller","<a href=""https://www.imdb.com/title/tt1568338"" target=""_blank"">tt1568338</a>","<a href=""https://www.imdb.com/title/tt1568338"" target=""_blank"">Man on a Ledge</a>"
tt0465602,Shoot 'Em Up,2007,4330,6.6,160041,86,Michael Davis,Michael Davis,"Action, Comedy, Thriller","<a href=""https://www.imdb.com/title/tt0465602"" target=""_blank"">tt0465602</a>","<a href=""https://www.imdb.com/title/tt0465602"" target=""_blank"">Shoot 'Em Up</a>"
tt8244784,The Hunt,2020,4331,6.6,158981,90,Craig Zobel,"Nick Cuse, Damon Lindelof","Action, Horror, Thriller","<a href=""https://www.imdb.com/title/tt8244784"" target=""_blank"">tt8244784</a>","<a href=""https://www.imdb.com/title/tt8244784"" target=""_blank"">The Hunt</a>"
tt0475394,Smokin' Aces,2006,4332,6.6,158868,109,Joe Carnahan,Joe Carnahan,"Action, Comedy, Crime","<a href=""https://www.imdb.com/title/tt0475394"" target=""_blank"">tt0475394</a>","<a href=""https://www.imdb.com/title/tt0475394"" target=""_blank"">Smokin' Aces</a>"
tt0443274,Vantage Point,2008,4333,6.6,158706,90,Pete Travis,Barry L. Levy,"Action, Drama, Thriller","<a href=""https://www.imdb.com/title/tt0443274"" target=""_blank"">tt0443274</a>","<a href=""https://www.imdb.com/title/tt0443274"" target=""_blank"">Vantage Point</a>"
tt2446980,Joy,2015,4334,6.6,153504,124,David O. Russell,"David O. Russell, Annie Mumolo","Biography, Drama","<a href=""https://www.imdb.com/title/tt2446980"" target=""_blank"">tt2446980</a>","<a href=""https://www.imdb.com/title/tt2446980"" target=""_blank"">Joy</a>"
tt0134273,8MM,1999,4335,6.6,152966,123,Joel Schumacher,Andrew Kevin Walker,"Crime, Drama, Mystery","<a href=""https://www.imdb.com/title/tt0134273"" target=""_blank"">tt0134273</a>","<a href=""https://www.imdb.com/title/tt0134273"" target=""_blank"">8MM</a>"
tt0259446,My Big Fat Greek Wedding,2002,4336,6.6,152479,95,Joel Zwick,Nia Vardalos,"Comedy, Drama, Romance","<a href=""https://www.imdb.com/title/tt0259446"" target=""_blank"">tt0259446</a>","<a href=""https://www.imdb.com/title/tt0259446"" target=""_blank"">My Big Fat Greek Wedding</a>"
tt2388715,Oculus,2013,4337,6.6,152268,104,Mike Flanagan,"Mike Flanagan, Jeff Howard, Jeff Seidman","Horror, Mystery, Thriller","<a href=""https://www.imdb.com/title/tt2388715"" target=""_blank"">tt2388715</a>","<a href=""https://www.imdb.com/title/tt2388715"" target=""_blank"">Oculus</a>"
tt10374610,The Long Walk,2025,4338,6.6,151963,108,Francis Lawrence,"JT Mollner, Stephen King","Horror, Thriller","<a href=""https://www.imdb.com/title/tt10374610"" target=""_blank"">tt10374610</a>","<a href=""https://www.imdb.com/title/tt10374610"" target=""_blank"">The Long Walk</a>"
tt0424095,Flushed Away,2006,4339,6.6,151777,85,"David Bowers, Sam Fell","Dick Clement, Ian La Frenais, Christopher Lloyd, Joe Keenan, William Davies, Sam Fell, Peter Lord, David Bowers, Paul Fisher, Robert Nelson Jacobs, Simon Nye, Tim Sullivan","Action, Adventure, Animation","<a href=""https://www.imdb.com/title/tt0424095"" target=""_blank"">tt0424095</a>","<a href=""https://www.imdb.com/title/tt0424095"" target=""_blank"">Flushed Away</a>"
tt0133751,The Faculty,1998,4340,6.6,149978,104,Robert Rodriguez,"David Wechter, Bruce Kimmel, Kevin Williamson","Horror, Mystery, Sci-Fi","<a href=""https://www.imdb.com/title/tt0133751"" target=""_blank"">tt0133751</a>","<a href=""https://www.imdb.com/title/tt0133751"" target=""_blank"">The Faculty</a>"
tt0327850,The Rundown,2003,4341,6.6,149218,104,Peter Berg,"R.J. Stewart, James Vanderbilt","Action, Adventure, Comedy","<a href=""https://www.imdb.com/title/tt0327850"" target=""_blank"">tt0327850</a>","<a href=""https://www.imdb.com/title/tt0327850"" target=""_blank"">The Rundown</a>"
tt0111070,The Santa Clause,1994,4342,6.6,148739,97,John Pasquin,"Leo Benvenuti, Steve Rudnick","Comedy, Drama, Family","<a href=""https://www.imdb.com/title/tt0111070"" target=""_blank"">tt0111070</a>","<a href=""https://www.imdb.com/title/tt0111070"" target=""_blank"">The Santa Clause</a>"
tt0092644,Beverly Hills Cop II,1987,4343,6.6,148519,103,Tony Scott,"Danilo Bach, Daniel Petrie Jr., Eddie Murphy, Robert D. Wachs, Larry Ferguson, Warren Skaaren","Action, Comedy, Crime","<a href=""https://www.imdb.com/title/tt0092644"" target=""_blank"">tt0092644</a>","<a href=""https://www.imdb.com/title/tt0092644"" target=""_blank"">Beverly Hills Cop II</a>"
tt0292506,The Recruit,2003,4344,6.6,148341,115,Roger Donaldson,"Roger Towne, Kurt Wimmer, Mitch Glazer","Action, Thriller","<a href=""https://www.imdb.com/title/tt0292506"" target=""_blank"">tt0292506</a>","<a href=""https://www.imdb.com/title/tt0292506"" target=""_blank"">The Recruit</a>"
tt0114069,Outbreak,1995,4345,6.6,147360,128,Wolfgang Petersen,"Laurence Dworet, Robert Roy Pool","Action, Drama, Thriller","<a href=""https://www.imdb.com/title/tt0114069"" target=""_blank"">tt0114069</a>","<a href=""https://www.imdb.com/title/tt0114069"" target=""_blank"">Outbreak</a>"
tt0161081,What Lies Beneath,2000,4346,6.6,147264,130,Robert Zemeckis,"Clark Gregg, Sarah Kernochan","Drama, Horror, Mystery","<a href=""https://www.imdb.com/title/tt0161081"" target=""_blank"">tt0161081</a>","<a href=""https://www.imdb.com/title/tt0161081"" target=""_blank"">What Lies Beneath</a>"
tt2503944,Burnt,2015,4347,6.6,144829,101,John Wells,"Steven Knight, Michael Kalesniko","Comedy, Drama","<a href=""https://www.imdb.com/title/tt2503944"" target=""_blank"">tt2503944</a>","<a href=""https://www.imdb.com/title/tt2503944"" target=""_blank"">Burnt</a>"
tt14138650,The Pale Blue Eye,2022,4348,6.6,143925,128,Scott Cooper,"Scott Cooper, Louis Bayard","Crime, Horror, Mystery","<a href=""https://www.imdb.com/title/tt14138650"" target=""_blank"">tt14138650</a>","<a href=""https://www.imdb.com/title/tt14138650"" target=""_blank"">The Pale Blue Eye</a>"
tt0184894,Shanghai Noon,2000,4349,6.6,143501,110,Tom Dey,"Miles Millar, Alfred Gough","Action, Adventure, Comedy","<a href=""https://www.imdb.com/title/tt0184894"" target=""_blank"">tt0184894</a>","<a href=""https://www.imdb.com/title/tt0184894"" target=""_blank"">Shanghai Noon</a>"
tt0120890,Wild Things,1998,4350,6.6,142407,108,John McNaughton,Stephen Peters,"Crime, Drama, Mystery","<a href=""https://www.imdb.com/title/tt0120890"" target=""_blank"">tt0120890</a>","<a href=""https://www.imdb.com/title/tt0120890"" target=""_blank"">Wild Things</a>"
tt1204975,Last Vegas,2013,4351,6.6,141034,105,Jon Turteltaub,Dan Fogelman,Comedy,"<a href=""https://www.imdb.com/title/tt1204975"" target=""_blank"">tt1204975</a>","<a href=""https://www.imdb.com/title/tt1204975"" target=""_blank"">Last Vegas</a>"
tt0120657,The 13th Warrior,1999,4352,6.6,140677,102,John McTiernan,"Michael Crichton, William Wisher, Warren Lewis","Action, Adventure, History","<a href=""https://www.imdb.com/title/tt0120657"" target=""_blank"">tt0120657</a>","<a href=""https://www.imdb.com/title/tt0120657"" target=""_blank"">The 13th Warrior</a>"
tt0450232,16 Blocks,2006,4353,6.6,139370,102,Richard Donner,Richard Wenk,"Action, Drama, Thriller","<a href=""https://www.imdb.com/title/tt0450232"" target=""_blank"">tt0450232</a>","<a href=""https://www.imdb.com/title/tt0450232"" target=""_blank"">16 Blocks</a>"
tt0314353,Tears of the Sun,2003,4354,6.6,137718,121,Antoine Fuqua,"Alex Lasker, Patrick Cirillo","Action, Drama, Thriller","<a href=""https://www.imdb.com/title/tt0314353"" target=""_blank"">tt0314353</a>","<a href=""https://www.imdb.com/title/tt0314353"" target=""_blank"">Tears of the Sun</a>"
tt7068946,The Accountant 2,2025,4355,6.6,137179,132,Gavin O'Connor,Bill Dubuque,"Action, Crime, Drama","<a href=""https://www.imdb.com/title/tt7068946"" target=""_blank"">tt7068946</a>","<a href=""https://www.imdb.com/title/tt7068946"" target=""_blank"">The Accountant 2</a>"
tt4777008,Maleficent: Mistress of Evil,2019,4356,6.6,134557,119,Joachim Rønning,"Linda Woolverton, Noah Harpster, Micah Fitzerman-Blue, Charles Perrault, Milt Banta, Winston Hibler, Bill Peet, Erdman Penner, Joe Rinaldi, Ted Sears, Ralph Wright","Adventure, Drama, Family","<a href=""https://www.imdb.com/title/tt4777008"" target=""_blank"">tt4777008</a>","<a href=""https://www.imdb.com/title/tt4777008"" target=""_blank"">Maleficent: Mistress of Evil</a>"
tt0455824,Australia,2008,4357,6.6,134488,165,Baz Luhrmann,"Stuart Beattie, Baz Luhrmann, Ronald Harwood, Richard Flanagan","Adventure, Drama, Romance","<a href=""https://www.imdb.com/title/tt0455824"" target=""_blank"">tt0455824</a>","<a href=""https://www.imdb.com/title/tt0455824"" target=""_blank"">Australia</a>"
tt2400463,The Invitation,2015,4358,6.6,131731,100,Karyn Kusama,"Phil Hay, Matt Manfredi","Drama, Horror, Mystery","<a href=""https://www.imdb.com/title/tt2400463"" target=""_blank"">tt2400463</a>","<a href=""https://www.imdb.com/title/tt2400463"" target=""_blank"">The Invitation</a>"
tt0368008,The Manchurian Candidate,2004,4359,6.6,123959,129,Jonathan Demme,"Richard Condon, George Axelrod, Daniel Pyne, Dean Georgaris","Drama, Mystery, Sci-Fi","<a href=""https://www.imdb.com/title/tt0368008"" target=""_blank"">tt0368008</a>","<a href=""https://www.imdb.com/title/tt0368008"" target=""_blank"">The Manchurian Candidate</a>"
tt6911608,Mamma Mia! Here We Go Again,2018,4360,6.6,123311,114,Ol Parker,"Ol Parker, Richard Curtis, Catherine Johnson, Judy Craymer, ABBA","Comedy, Musical, Romance","<a href=""https://www.imdb.com/title/tt6911608"" target=""_blank"">tt6911608</a>","<a href=""https://www.imdb.com/title/tt6911608"" target=""_blank"">Mamma Mia! Here We Go Again</a>"
tt0120873,U.S. Marshals,1998,4361,6.6,121482,131,Stuart Baird,"Roy Huggins, John Pogue","Action, Crime, Thriller","<a href=""https://www.imdb.com/title/tt0120873"" target=""_blank"">tt0120873</a>","<a href=""https://www.imdb.com/title/tt0120873"" target=""_blank"">U.S. Marshals</a>"
tt1853739,You're Next,2011,4362,6.6,120945,95,Adam Wingard,Simon Barrett,"Drama, Horror, Mystery","<a href=""https://www.imdb.com/title/tt1853739"" target=""_blank"">tt1853739</a>","<a href=""https://www.imdb.com/title/tt1853739"" target=""_blank"">You're Next</a>"
tt1791528,Inherent Vice,2014,4363,6.6,120832,148,Paul Thomas Anderson,"Paul Thomas Anderson, Thomas Pynchon","Comedy, Crime, Drama","<a href=""https://www.imdb.com/title/tt1791528"" target=""_blank"">tt1791528</a>","<a href=""https://www.imdb.com/title/tt1791528"" target=""_blank"">Inherent Vice</a>"
tt2199571,Run All Night,2015,4364,6.6,120704,114,Jaume Collet-Serra,Brad Ingelsby,"Action, Crime, Thriller","<a href=""https://www.imdb.com/title/tt2199571"" target=""_blank"">tt2199571</a>","<a href=""https://www.imdb.com/title/tt2199571"" target=""_blank"">Run All Night</a>"
tt0105417,Sister Act,1992,4365,6.6,120052,100,Emile Ardolino,Paul Rudnick,"Comedy, Family, Music","<a href=""https://www.imdb.com/title/tt0105417"" target=""_blank"">tt0105417</a>","<a href=""https://www.imdb.com/title/tt0105417"" target=""_blank"">Sister Act</a>"
tt4530422,Overlord,2018,4366,6.6,118222,110,Julius Avery,"Billy Ray, Mark L. Smith","Action, Horror, Sci-Fi","<a href=""https://www.imdb.com/title/tt4530422"" target=""_blank"">tt4530422</a>","<a href=""https://www.imdb.com/title/tt4530422"" target=""_blank"">Overlord</a>"
tt1478964,Attack the Block,2011,4367,6.6,116449,88,Joe Cornish,Joe Cornish,"Action, Adventure, Comedy","<a href=""https://www.imdb.com/title/tt1478964"" target=""_blank"">tt1478964</a>","<a href=""https://www.imdb.com/title/tt1478964"" target=""_blank"">Attack the Block</a>"
tt0848537,Epic,2013,4368,6.6,115445,102,Chris Wedge,"James V. Hart, William Joyce, Daniel Shere, Tom J. Astle, Matt Ember, Chris Wedge","Action, Adventure, Animation","<a href=""https://www.imdb.com/title/tt0848537"" target=""_blank"">tt0848537</a>","<a href=""https://www.imdb.com/title/tt0848537"" target=""_blank"">Epic</a>"
tt1781769,Anna Karenina,2012,4369,6.6,113250,129,Joe Wright,"Tom Stoppard, Lev Tolstoy","Drama, Romance","<a href=""https://www.imdb.com/title/tt1781769"" target=""_blank"">tt1781769</a>","<a href=""https://www.imdb.com/title/tt1781769"" target=""_blank"">Anna Karenina</a>"
tt1023111,Never Back Down,2008,4370,6.6,112512,113,Jeff Wadlow,Chris Hauty,"Action, Drama, Sport","<a href=""https://www.imdb.com/title/tt1023111"" target=""_blank"">tt1023111</a>","<a href=""https://www.imdb.com/title/tt1023111"" target=""_blank"">Never Back Down</a>"
tt0322802,Jackass: The Movie,2002,4371,6.6,107781,85,Jeff Tremaine,"Jeff Tremaine, Spike Jonze, Johnny Knoxville, Bam Margera, Steve-O, Preston Lacy, Chris Pontius, Dave England, Ryan Dunn, Ehren McGhehey, Brandon DiCamillo, Dimitry Elyashkevich, Whitey McConnaughy, Sean Cliver, Loomis Fall, Tim Payne, Anne Zogby, Phil Clapp, Vernon Chatman","Action, Comedy, Documentary","<a href=""https://www.imdb.com/title/tt0322802"" target=""_blank"">tt0322802</a>","<a href=""https://www.imdb.com/title/tt0322802"" target=""_blank"">Jackass: The Movie</a>"
tt1212428,The Lost City of Z,2016,4372,6.6,107324,141,James Gray,"James Gray, David Grann","Adventure, Biography, Drama","<a href=""https://www.imdb.com/title/tt1212428"" target=""_blank"">tt1212428</a>","<a href=""https://www.imdb.com/title/tt1212428"" target=""_blank"">The Lost City of Z</a>"
tt0150377,Double Jeopardy,1999,4373,6.6,107174,105,Bruce Beresford,"David Weisberg, Douglas Cook","Crime, Drama, Mystery","<a href=""https://www.imdb.com/title/tt0150377"" target=""_blank"">tt0150377</a>","<a href=""https://www.imdb.com/title/tt0150377"" target=""_blank"">Double Jeopardy</a>"
tt0090305,Weird Science,1985,4374,6.6,106986,94,John Hughes,"John Hughes, Al Feldstein, William M. Gaines","Comedy, Romance, Sci-Fi","<a href=""https://www.imdb.com/title/tt0090305"" target=""_blank"">tt0090305</a>","<a href=""https://www.imdb.com/title/tt0090305"" target=""_blank"">Weird Science</a>"
tt0107144,Hot Shots! Part Deux,1993,4375,6.6,104857,86,Jim Abrahams,"Jim Abrahams, Pat Proft","Action, Comedy","<a href=""https://www.imdb.com/title/tt0107144"" target=""_blank"">tt0107144</a>","<a href=""https://www.imdb.com/title/tt0107144"" target=""_blank"">Hot Shots! Part Deux</a>"
tt2382009,Nymphomaniac: Vol. II,2013,4376,6.6,104776,124,Lars von Trier,Lars von Trier,Drama,"<a href=""https://www.imdb.com/title/tt2382009"" target=""_blank"">tt2382009</a>","<a href=""https://www.imdb.com/title/tt2382009"" target=""_blank"">Nymphomaniac: Vol. II</a>"
tt1230414,It's Complicated,2009,4377,6.6,104606,120,Nancy Meyers,Nancy Meyers,"Comedy, Drama, Romance","<a href=""https://www.imdb.com/title/tt1230414"" target=""_blank"">tt1230414</a>","<a href=""https://www.imdb.com/title/tt1230414"" target=""_blank"">It's Complicated</a>"
tt1045772,I Love You Phillip Morris,2009,4378,6.6,104398,98,"Glenn Ficarra, John Requa","John Requa, Glenn Ficarra, Steve McVicker","Biography, Comedy, Crime","<a href=""https://www.imdb.com/title/tt1045772"" target=""_blank"">tt1045772</a>","<a href=""https://www.imdb.com/title/tt1045772"" target=""_blank"">I Love You Phillip Morris</a>"
tt1226273,Edge of Darkness,2010,4379,6.6,104326,117,Martin Campbell,"William Monahan, Andrew Bovell, Troy Kennedy Martin","Action, Adventure, Drama","<a href=""https://www.imdb.com/title/tt1226273"" target=""_blank"">tt1226273</a>","<a href=""https://www.imdb.com/title/tt1226273"" target=""_blank"">Edge of Darkness</a>"
tt0087277,Footloose,1984,4380,6.6,103414,107,Herbert Ross,Dean Pitchford,"Drama, Music, Romance","<a href=""https://www.imdb.com/title/tt0087277"" target=""_blank"">tt0087277</a>","<a href=""https://www.imdb.com/title/tt0087277"" target=""_blank"">Footloose</a>"
tt1413492,12 Strong,2018,4381,6.6,102229,130,Nicolai Fuglsig,"Ted Tally, Peter Craig, Doug Stanton","Action, Drama, History","<a href=""https://www.imdb.com/title/tt1413492"" target=""_blank"">tt1413492</a>","<a href=""https://www.imdb.com/title/tt1413492"" target=""_blank"">12 Strong</a>"
tt5028340,Mary Poppins Returns,2018,4382,6.6,102050,130,Rob Marshall,"P.L. Travers, David Magee, Rob Marshall, John DeLuca","Adventure, Comedy, Family","<a href=""https://www.imdb.com/title/tt5028340"" target=""_blank"">tt5028340</a>","<a href=""https://www.imdb.com/title/tt5028340"" target=""_blank"">Mary Poppins Returns</a>"
tt0119468,Kiss the Girls,1997,4383,6.6,101719,115,Gary Fleder,"James Patterson, David Klass","Crime, Drama, Mystery","<a href=""https://www.imdb.com/title/tt0119468"" target=""_blank"">tt0119468</a>","<a href=""https://www.imdb.com/title/tt0119468"" target=""_blank"">Kiss the Girls</a>"
tt0304415,Mona Lisa Smile,2003,4384,6.6,100835,117,Mike Newell,"Lawrence Konner, Mark Rosenthal",Drama,"<a href=""https://www.imdb.com/title/tt0304415"" target=""_blank"">tt0304415</a>","<a href=""https://www.imdb.com/title/tt0304415"" target=""_blank"">Mona Lisa Smile</a>"
tt2568862,Going in Style,2017,4385,6.6,100744,96,Zach Braff,"Theodore Melfi, Edward Cannon","Comedy, Crime","<a href=""https://www.imdb.com/title/tt2568862"" target=""_blank"">tt2568862</a>","<a href=""https://www.imdb.com/title/tt2568862"" target=""_blank"">Going in Style</a>"
tt21807222,Saw X,2023,4386,6.6,100703,118,Kevin Greutert,"Pete Goldfinger, Josh Stolberg","Crime, Drama, Horror","<a href=""https://www.imdb.com/title/tt21807222"" target=""_blank"">tt21807222</a>","<a href=""https://www.imdb.com/title/tt21807222"" target=""_blank"">Saw X</a>"
tt0120787,A Perfect Murder,1998,4387,6.6,99763,107,Andrew Davis,"Frederick Knott, Patrick Smith Kelly","Crime, Drama, Thriller","<a href=""https://www.imdb.com/title/tt0120787"" target=""_blank"">tt0120787</a>","<a href=""https://www.imdb.com/title/tt0120787"" target=""_blank"">A Perfect Murder</a>"
tt0099582,Flatliners,1990,4388,6.6,99391,115,Joel Schumacher,Peter Filardi,"Drama, Horror, Sci-Fi","<a href=""https://www.imdb.com/title/tt0099582"" target=""_blank"">tt0099582</a>","<a href=""https://www.imdb.com/title/tt0099582"" target=""_blank"">Flatliners</a>"
tt0981227,Nick and Norah's Infinite Playlist,2008,4389,6.6,97780,90,Peter Sollett,"Lorene Scafaria, Rachel Cohn, David Levithan","Comedy, Drama, Music","<a href=""https://www.imdb.com/title/tt0981227"" target=""_blank"">tt0981227</a>","<a href=""https://www.imdb.com/title/tt0981227"" target=""_blank"">Nick and Norah's Infinite Playlist</a>"
tt0101862,Father of the Bride,1991,4390,6.6,94783,105,Charles Shyer,"Frances Goodrich, Albert Hackett, Nancy Meyers, Charles Shyer","Comedy, Family, Romance","<a href=""https://www.imdb.com/title/tt0101862"" target=""_blank"">tt0101862</a>","<a href=""https://www.imdb.com/title/tt0101862"" target=""_blank"">Father of the Bride</a>"
tt0092086,¡Three Amigos!,1986,4391,6.5,93687,104,John Landis,"Steve Martin, Lorne Michaels, Randy Newman","Comedy, Western","<a href=""https://www.imdb.com/title/tt0092086"" target=""_blank"">tt0092086</a>","<a href=""https://www.imdb.com/title/tt0092086"" target=""_blank"">¡Three Amigos!</a>"
tt12001534,The Thursday Murder Club,2025,4392,6.5,93270,118,Chris Columbus,"Katy Brand, Suzanne Heathcote, Richard Osman","Comedy, Crime, Mystery","<a href=""https://www.imdb.com/title/tt12001534"" target=""_blank"">tt12001534</a>","<a href=""https://www.imdb.com/title/tt12001534"" target=""_blank"">The Thursday Murder Club</a>"
tt0141926,U-571,2000,4393,6.6,93076,116,Jonathan Mostow,"Jonathan Mostow, Sam Montgomery, David Ayer","Action, War","<a href=""https://www.imdb.com/title/tt0141926"" target=""_blank"">tt0141926</a>","<a href=""https://www.imdb.com/title/tt0141926"" target=""_blank"">U-571</a>"
tt0396752,Nanny McPhee,2005,4394,6.6,93004,97,Kirk Jones,"Emma Thompson, Christianna Brand","Comedy, Family, Fantasy","<a href=""https://www.imdb.com/title/tt0396752"" target=""_blank"">tt0396752</a>","<a href=""https://www.imdb.com/title/tt0396752"" target=""_blank"">Nanny McPhee</a>"
tt0111280,Star Trek: Generations,1994,4395,6.6,92249,118,David Carson,"Gene Roddenberry, Rick Berman, Ronald D. Moore, Brannon Braga","Action, Adventure, Mystery","<a href=""https://www.imdb.com/title/tt0111280"" target=""_blank"">tt0111280</a>","<a href=""https://www.imdb.com/title/tt0111280"" target=""_blank"">Star Trek: Generations</a>"
tt15574124,Peaky Blinders: The Immortal Man,2026,4396,6.5,91185,112,Tom Harper,Steven Knight,"Crime, Drama, History","<a href=""https://www.imdb.com/title/tt15574124"" target=""_blank"">tt15574124</a>","<a href=""https://www.imdb.com/title/tt15574124"" target=""_blank"">Peaky Blinders: The Immortal Man</a>"
tt0457513,Scoop,2006,4397,6.6,91165,96,Woody Allen,Woody Allen,"Comedy, Crime, Fantasy","<a href=""https://www.imdb.com/title/tt0457513"" target=""_blank"">tt0457513</a>","<a href=""https://www.imdb.com/title/tt0457513"" target=""_blank"">Scoop</a>"
tt0117333,Phenomenon,1996,4398,6.5,90936,123,Jon Turteltaub,Gerald Di Pego,"Drama, Fantasy, Romance","<a href=""https://www.imdb.com/title/tt0117333"" target=""_blank"">tt0117333</a>","<a href=""https://www.imdb.com/title/tt0117333"" target=""_blank"">Phenomenon</a>"
tt0186566,Space Cowboys,2000,4399,6.5,90775,130,Clint Eastwood,"Ken Kaufman, Howard Klausner","Action, Adventure, Thriller","<a href=""https://www.imdb.com/title/tt0186566"" target=""_blank"">tt0186566</a>","<a href=""https://www.imdb.com/title/tt0186566"" target=""_blank"">Space Cowboys</a>"
tt0211933,Awake,2007,4400,6.5,89172,84,Joby Harold,Joby Harold,"Crime, Drama, Mystery","<a href=""https://www.imdb.com/title/tt0211933"" target=""_blank"">tt0211933</a>","<a href=""https://www.imdb.com/title/tt0211933"" target=""_blank"">Awake</a>"
tt1126618,Morning Glory,2010,4401,6.5,88090,107,Roger Michell,Aline Brosh McKenna,"Comedy, Drama, Romance","<a href=""https://www.imdb.com/title/tt1126618"" target=""_blank"">tt1126618</a>","<a href=""https://www.imdb.com/title/tt1126618"" target=""_blank"">Morning Glory</a>"
tt0112722,Copycat,1995,4402,6.6,88054,123,Jon Amiel,"Ann Biderman, David Madsen","Drama, Mystery, Thriller","<a href=""https://www.imdb.com/title/tt0112722"" target=""_blank"">tt0112722</a>","<a href=""https://www.imdb.com/title/tt0112722"" target=""_blank"">Copycat</a>"
tt1619029,Jackie,2016,4403,6.6,87617,100,Pablo Larraín,Noah Oppenheim,"Biography, Drama","<a href=""https://www.imdb.com/title/tt1619029"" target=""_blank"">tt1619029</a>","<a href=""https://www.imdb.com/title/tt1619029"" target=""_blank"">Jackie</a>"
tt2649554,Midnight Special,2016,4404,6.6,87230,112,Jeff Nichols,Jeff Nichols,"Drama, Mystery, Sci-Fi","<a href=""https://www.imdb.com/title/tt2649554"" target=""_blank"">tt2649554</a>","<a href=""https://www.imdb.com/title/tt2649554"" target=""_blank"">Midnight Special</a>"
tt3513498,The Lego Movie 2: The Second Part,2019,4405,6.5,87223,107,Mike Mitchell,"Phil Lord, Christopher Miller, Matthew Fogel, Jerry Siegel, Joe Shuster, Bob Kane, Bill Finger, William Moulton Marston","Adventure, Animation, Comedy","<a href=""https://www.imdb.com/title/tt3513498"" target=""_blank"">tt3513498</a>","<a href=""https://www.imdb.com/title/tt3513498"" target=""_blank"">The Lego Movie 2: The Second Part</a>"
tt0384680,The Weather Man,2005,4406,6.5,86724,102,Gore Verbinski,Steve Conrad,"Comedy, Drama","<a href=""https://www.imdb.com/title/tt0384680"" target=""_blank"">tt0384680</a>","<a href=""https://www.imdb.com/title/tt0384680"" target=""_blank"">The Weather Man</a>"
tt15428134,Dunki,2023,4407,6.5,86637,160,Rajkumar Hirani,"Abhijat Joshi, Rajkumar Hirani, Kanika Dhillon","Action, Adventure, Comedy","<a href=""https://www.imdb.com/title/tt15428134"" target=""_blank"">tt15428134</a>","<a href=""https://www.imdb.com/title/tt15428134"" target=""_blank"">Dunki</a>"
tt1674771,Entourage,2015,4408,6.5,86547,104,Doug Ellin,"Doug Ellin, Rob Weiss","Comedy, Drama","<a href=""https://www.imdb.com/title/tt1674771"" target=""_blank"">tt1674771</a>","<a href=""https://www.imdb.com/title/tt1674771"" target=""_blank"">Entourage</a>"
tt1245112,[Rec]²,2009,4409,6.5,85865,85,"Jaume Balagueró, Paco Plaza","Jaume Balagueró, Manu Díaz, Paco Plaza, Amèlia Mora","Horror, Thriller","<a href=""https://www.imdb.com/title/tt1245112"" target=""_blank"">tt1245112</a>","<a href=""https://www.imdb.com/title/tt1245112"" target=""_blank"">[Rec]²</a>"
tt0094332,The Witches of Eastwick,1987,4410,6.6,85682,118,George Miller,"John Updike, Michael Cristofer","Comedy, Fantasy, Horror","<a href=""https://www.imdb.com/title/tt0094332"" target=""_blank"">tt0094332</a>","<a href=""https://www.imdb.com/title/tt0094332"" target=""_blank"">The Witches of Eastwick</a>"
tt0884732,The Wedding Ringer,2015,4411,6.6,85661,101,Jeremy Garelick,"Jeremy Garelick, Jay Lavender","Comedy, Romance","<a href=""https://www.imdb.com/title/tt0884732"" target=""_blank"">tt0884732</a>","<a href=""https://www.imdb.com/title/tt0884732"" target=""_blank"">The Wedding Ringer</a>"
tt0206314,Joy Ride,2001,4412,6.6,85420,97,John Dahl,"Clay Tarver, J.J. Abrams","Mystery, Thriller","<a href=""https://www.imdb.com/title/tt0206314"" target=""_blank"">tt0206314</a>","<a href=""https://www.imdb.com/title/tt0206314"" target=""_blank"">Joy Ride</a>"
tt1095217,Bad Lieutenant: Port of Call New Orleans,2009,4413,6.6,85412,122,Werner Herzog,William M. Finkelstein,"Crime, Drama, Mystery","<a href=""https://www.imdb.com/title/tt1095217"" target=""_blank"">tt1095217</a>","<a href=""https://www.imdb.com/title/tt1095217"" target=""_blank"">Bad Lieutenant: Port of Call New Orleans</a>"
tt4513674,Café Society,2016,4414,6.6,85344,96,Woody Allen,Woody Allen,"Comedy, Drama, Romance","<a href=""https://www.imdb.com/title/tt4513674"" target=""_blank"">tt4513674</a>","<a href=""https://www.imdb.com/title/tt4513674"" target=""_blank"">Café Society</a>"
tt13186482,Mufasa: The Lion King,2024,4415,6.6,85093,118,Barry Jenkins,Jeff Nathanson,"Adventure, Animation, Drama","<a href=""https://www.imdb.com/title/tt13186482"" target=""_blank"">tt13186482</a>","<a href=""https://www.imdb.com/title/tt13186482"" target=""_blank"">Mufasa: The Lion King</a>"
tt9100054,The Lost Daughter,2021,4416,6.6,83050,121,Maggie Gyllenhaal,"Maggie Gyllenhaal, Elena Ferrante",Drama,"<a href=""https://www.imdb.com/title/tt9100054"" target=""_blank"">tt9100054</a>","<a href=""https://www.imdb.com/title/tt9100054"" target=""_blank"">The Lost Daughter</a>"
tt0971209,A Perfect Getaway,2009,4417,6.5,82910,98,David Twohy,David Twohy,"Drama, Mystery, Thriller","<a href=""https://www.imdb.com/title/tt0971209"" target=""_blank"">tt0971209</a>","<a href=""https://www.imdb.com/title/tt0971209"" target=""_blank"">A Perfect Getaway</a>"
tt12536294,Spencer,2021,4418,6.5,82635,117,Pablo Larraín,Steven Knight,"Biography, Drama","<a href=""https://www.imdb.com/title/tt12536294"" target=""_blank"">tt12536294</a>","<a href=""https://www.imdb.com/title/tt12536294"" target=""_blank"">Spencer</a>"
tt1846589,Hunter Killer,2018,4419,6.6,81917,121,Donovan Marsh,"Arne Schmidt, Jamie Moss, George Wallace, Don Keith","Action, Thriller","<a href=""https://www.imdb.com/title/tt1846589"" target=""_blank"">tt1846589</a>","<a href=""https://www.imdb.com/title/tt1846589"" target=""_blank"">Hunter Killer</a>"
tt0099052,Arachnophobia,1990,4420,6.5,81682,109,Frank Marshall,"Don Jakoby, Al Williams, Wesley Strick","Comedy, Horror, Thriller","<a href=""https://www.imdb.com/title/tt0099052"" target=""_blank"">tt0099052</a>","<a href=""https://www.imdb.com/title/tt0099052"" target=""_blank"">Arachnophobia</a>"
tt0443489,Dreamgirls,2006,4421,6.6,81536,130,Bill Condon,"Tom Eyen, Bill Condon","Drama, Musical","<a href=""https://www.imdb.com/title/tt0443489"" target=""_blank"">tt0443489</a>","<a href=""https://www.imdb.com/title/tt0443489"" target=""_blank"">Dreamgirls</a>"
tt13521006,Beau Is Afraid,2023,4422,6.6,80628,179,Ari Aster,Ari Aster,"Comedy, Drama, Horror","<a href=""https://www.imdb.com/title/tt13521006"" target=""_blank"">tt13521006</a>","<a href=""https://www.imdb.com/title/tt13521006"" target=""_blank"">Beau Is Afraid</a>"
tt21454134,The Bikeriders,2023,4423,6.6,79976,116,Jeff Nichols,"Jeff Nichols, Danny Lyon","Crime, Drama","<a href=""https://www.imdb.com/title/tt21454134"" target=""_blank"">tt21454134</a>","<a href=""https://www.imdb.com/title/tt21454134"" target=""_blank"">The Bikeriders</a>"
tt9115530,The Eyes of Tammy Faye,2021,4424,6.6,79894,126,Michael Showalter,"Fenton Bailey, Randy Barbato, Abe Sylvia","Biography, Drama, Romance","<a href=""https://www.imdb.com/title/tt9115530"" target=""_blank"">tt9115530</a>","<a href=""https://www.imdb.com/title/tt9115530"" target=""_blank"">The Eyes of Tammy Faye</a>"
tt0398017,Derailed,2005,4425,6.6,79496,108,Mikael Håfström,"Stuart Beattie, James Siegel","Crime, Drama, Thriller","<a href=""https://www.imdb.com/title/tt0398017"" target=""_blank"">tt0398017</a>","<a href=""https://www.imdb.com/title/tt0398017"" target=""_blank"">Derailed</a>"
tt0131325,Bowfinger,1999,4426,6.5,78399,97,Frank Oz,Steve Martin,Comedy,"<a href=""https://www.imdb.com/title/tt0131325"" target=""_blank"">tt0131325</a>","<a href=""https://www.imdb.com/title/tt0131325"" target=""_blank"">Bowfinger</a>"
tt5304992,Set It Up,2018,4427,6.5,78200,105,Claire Scanlon,Katie Silberman,"Comedy, Romance","<a href=""https://www.imdb.com/title/tt5304992"" target=""_blank"">tt5304992</a>","<a href=""https://www.imdb.com/title/tt5304992"" target=""_blank"">Set It Up</a>"
tt33978029,Ready or Not 2: Here I Come,2026,4428,6.5,77843,108,"Matt Bettinelli-Olpin, Tyler Gillett","Guy Busick, R. Christopher Murphy","Comedy, Horror, Thriller","<a href=""https://www.imdb.com/title/tt33978029"" target=""_blank"">tt33978029</a>","<a href=""https://www.imdb.com/title/tt33978029"" target=""_blank"">Ready or Not 2: Here I Come</a>"
tt0861689,Blindness,2008,4429,6.5,77623,121,Fernando Meirelles,"José Saramago, Don McKellar","Drama, Mystery, Thriller","<a href=""https://www.imdb.com/title/tt0861689"" target=""_blank"">tt0861689</a>","<a href=""https://www.imdb.com/title/tt0861689"" target=""_blank"">Blindness</a>"
tt0264472,Changing Lanes,2002,4430,6.5,77604,98,Roger Michell,"Chap Taylor, Michael Tolkin","Drama, Thriller","<a href=""https://www.imdb.com/title/tt0264472"" target=""_blank"">tt0264472</a>","<a href=""https://www.imdb.com/title/tt0264472"" target=""_blank"">Changing Lanes</a>"
tt6850820,Peppermint,2018,4431,6.5,76800,101,Pierre Morel,Chad St. John,"Action, Thriller","<a href=""https://www.imdb.com/title/tt6850820"" target=""_blank"">tt6850820</a>","<a href=""https://www.imdb.com/title/tt6850820"" target=""_blank"">Peppermint</a>"
tt13640696,See How They Run,2022,4432,6.5,75316,98,Tom George,Mark Chappell,"Comedy, Crime, Mystery","<a href=""https://www.imdb.com/title/tt13640696"" target=""_blank"">tt13640696</a>","<a href=""https://www.imdb.com/title/tt13640696"" target=""_blank"">See How They Run</a>"
tt0219965,Bandits,2001,4433,6.5,75033,123,Barry Levinson,Harley Peyton,"Action, Comedy, Crime","<a href=""https://www.imdb.com/title/tt0219965"" target=""_blank"">tt0219965</a>","<a href=""https://www.imdb.com/title/tt0219965"" target=""_blank"">Bandits</a>"
tt2870756,Magic in the Moonlight,2014,4434,6.5,74066,97,Woody Allen,Woody Allen,"Comedy, Drama, Romance","<a href=""https://www.imdb.com/title/tt2870756"" target=""_blank"">tt2870756</a>","<a href=""https://www.imdb.com/title/tt2870756"" target=""_blank"">Magic in the Moonlight</a>"
tt0443536,Hoodwinked,2005,4435,6.5,73300,80,"Cory Edwards, Todd Edwards, Tony Leech","Cory Edwards, Todd Edwards, Tony Leech, Charles Perrault","Adventure, Animation, Comedy","<a href=""https://www.imdb.com/title/tt0443536"" target=""_blank"">tt0443536</a>","<a href=""https://www.imdb.com/title/tt0443536"" target=""_blank"">Hoodwinked</a>"
tt5672290,The First Omen,2024,4436,6.5,73053,119,Arkasha Stevenson,"Tim Smith, Arkasha Stevenson, Keith Thomas, Ben Jacoby, David Seltzer",Horror,"<a href=""https://www.imdb.com/title/tt5672290"" target=""_blank"">tt5672290</a>","<a href=""https://www.imdb.com/title/tt5672290"" target=""_blank"">The First Omen</a>"
tt1687901,The Awakening,2011,4437,6.5,72815,102,Nick Murphy,"Stephen Volk, Nick Murphy","Drama, Horror, Mystery","<a href=""https://www.imdb.com/title/tt1687901"" target=""_blank"">tt1687901</a>","<a href=""https://www.imdb.com/title/tt1687901"" target=""_blank"">The Awakening</a>"
tt0313443,Out of Time,2003,4438,6.5,72555,105,Carl Franklin,Dave Collard,"Crime, Drama, Mystery","<a href=""https://www.imdb.com/title/tt0313443"" target=""_blank"">tt0313443</a>","<a href=""https://www.imdb.com/title/tt0313443"" target=""_blank"">Out of Time</a>"
tt0425413,Run Fatboy Run,2007,4439,6.5,72071,100,David Schwimmer,"Michael Ian Black, Simon Pegg","Comedy, Romance, Sport","<a href=""https://www.imdb.com/title/tt0425413"" target=""_blank"">tt0425413</a>","<a href=""https://www.imdb.com/title/tt0425413"" target=""_blank"">Run Fatboy Run</a>"
tt11426232,Totally Killer,2023,4440,6.5,71045,106,Nahnatchka Khan,"David Matalon, Sasha Perl-Raver, Jen D'Angelo","Comedy, Horror, Mystery","<a href=""https://www.imdb.com/title/tt11426232"" target=""_blank"">tt11426232</a>","<a href=""https://www.imdb.com/title/tt11426232"" target=""_blank"">Totally Killer</a>"
tt1130080,The Informant!,2009,4441,6.5,70483,108,Steven Soderbergh,"Scott Z. Burns, Kurt Eichenwald","Biography, Comedy, Crime","<a href=""https://www.imdb.com/title/tt1130080"" target=""_blank"">tt1130080</a>","<a href=""https://www.imdb.com/title/tt1130080"" target=""_blank"">The Informant!</a>"
tt5535276,Maestro,2023,4442,6.5,70273,129,Bradley Cooper,"Bradley Cooper, Josh Singer","Biography, Drama, History","<a href=""https://www.imdb.com/title/tt5535276"" target=""_blank"">tt5535276</a>","<a href=""https://www.imdb.com/title/tt5535276"" target=""_blank"">Maestro</a>"
tt2388771,Mowgli: Legend of the Jungle,2018,4443,6.5,70165,104,Andy Serkis,"Callie Kloves, Rudyard Kipling","Adventure, Drama, Fantasy","<a href=""https://www.imdb.com/title/tt2388771"" target=""_blank"">tt2388771</a>","<a href=""https://www.imdb.com/title/tt2388771"" target=""_blank"">Mowgli: Legend of the Jungle</a>"
tt0388125,In Her Shoes,2005,4444,6.5,69992,130,Curtis Hanson,"Jennifer Weiner, Susannah Grant","Comedy, Drama, Romance","<a href=""https://www.imdb.com/title/tt0388125"" target=""_blank"">tt0388125</a>","<a href=""https://www.imdb.com/title/tt0388125"" target=""_blank"">In Her Shoes</a>"
tt0131857,BASEketball,1998,4445,6.5,69531,103,David Zucker,"David Zucker, Robert LoCash, Lewis Friedman, Jeff Wright","Comedy, Sport","<a href=""https://www.imdb.com/title/tt0131857"" target=""_blank"">tt0131857</a>","<a href=""https://www.imdb.com/title/tt0131857"" target=""_blank"">BASEketball</a>"
tt0099329,Cry-Baby,1990,4446,6.5,69480,85,John Waters,John Waters,"Comedy, Musical","<a href=""https://www.imdb.com/title/tt0099329"" target=""_blank"">tt0099329</a>","<a href=""https://www.imdb.com/title/tt0099329"" target=""_blank"">Cry-Baby</a>"
tt0098627,Weekend at Bernie's,1989,4447,6.5,69192,97,Ted Kotcheff,Robert Klane,"Adventure, Comedy, Crime","<a href=""https://www.imdb.com/title/tt0098627"" target=""_blank"">tt0098627</a>","<a href=""https://www.imdb.com/title/tt0098627"" target=""_blank"">Weekend at Bernie's</a>"
tt0356721,I Heart Huckabees,2004,4448,6.5,67865,107,David O. Russell,"David O. Russell, Jeff Baena",Comedy,"<a href=""https://www.imdb.com/title/tt0356721"" target=""_blank"">tt0356721</a>","<a href=""https://www.imdb.com/title/tt0356721"" target=""_blank"">I Heart Huckabees</a>"
tt0403508,The Sisterhood of the Traveling Pants,2005,4449,6.5,67794,119,Ken Kwapis,"Ann Brashares, Delia Ephron, Elizabeth Chandler","Comedy, Drama, Romance","<a href=""https://www.imdb.com/title/tt0403508"" target=""_blank"">tt0403508</a>","<a href=""https://www.imdb.com/title/tt0403508"" target=""_blank"">The Sisterhood of the Traveling Pants</a>"
tt0080745,Flash Gordon,1980,4450,6.5,67164,111,Mike Hodges,"Lorenzo Semple Jr., Michael Allin, Alex Raymond","Action, Adventure, Sci-Fi","<a href=""https://www.imdb.com/title/tt0080745"" target=""_blank"">tt0080745</a>","<a href=""https://www.imdb.com/title/tt0080745"" target=""_blank"">Flash Gordon</a>"
tt0116253,Executive Decision,1996,4451,6.5,66139,133,Stuart Baird,"Jim Thomas, John Thomas","Action, Adventure, Thriller","<a href=""https://www.imdb.com/title/tt0116253"" target=""_blank"">tt0116253</a>","<a href=""https://www.imdb.com/title/tt0116253"" target=""_blank"">Executive Decision</a>"
tt0243655,Wet Hot American Summer,2001,4452,6.5,65016,97,David Wain,"Michael Showalter, David Wain","Comedy, Romance","<a href=""https://www.imdb.com/title/tt0243655"" target=""_blank"">tt0243655</a>","<a href=""https://www.imdb.com/title/tt0243655"" target=""_blank"">Wet Hot American Summer</a>"
tt0119715,Mousehunt,1997,4453,6.5,64387,98,Gore Verbinski,Adam Rifkin,Comedy,"<a href=""https://www.imdb.com/title/tt0119715"" target=""_blank"">tt0119715</a>","<a href=""https://www.imdb.com/title/tt0119715"" target=""_blank"">Mousehunt</a>"
tt0489049,Fanboys,2009,4454,6.5,63606,90,Kyle Newman,"Ernest Cline, Adam F. Goldberg, Dan Pulick","Adventure, Comedy, Crime","<a href=""https://www.imdb.com/title/tt0489049"" target=""_blank"">tt0489049</a>","<a href=""https://www.imdb.com/title/tt0489049"" target=""_blank"">Fanboys</a>"
tt5691670,Under the Silver Lake,2018,4455,6.5,63193,139,David Robert Mitchell,David Robert Mitchell,"Crime, Mystery, Thriller","<a href=""https://www.imdb.com/title/tt5691670"" target=""_blank"">tt5691670</a>","<a href=""https://www.imdb.com/title/tt5691670"" target=""_blank"">Under the Silver Lake</a>"
tt0183869,Taxi 2,2000,4456,6.5,62585,88,Gérard Krawczyk,Luc Besson,"Action, Comedy, Crime","<a href=""https://www.imdb.com/title/tt0183869"" target=""_blank"">tt0183869</a>","<a href=""https://www.imdb.com/title/tt0183869"" target=""_blank"">Taxi 2</a>"
tt1645080,The Art of Getting By,2011,4457,6.5,62520,83,Gavin Wiesen,Gavin Wiesen,"Comedy, Drama, Family","<a href=""https://www.imdb.com/title/tt1645080"" target=""_blank"">tt1645080</a>","<a href=""https://www.imdb.com/title/tt1645080"" target=""_blank"">The Art of Getting By</a>"
tt0112792,Dangerous Minds,1995,4458,6.5,61961,99,John N. Smith,"LouAnne Johnson, Ron Bass","Biography, Drama","<a href=""https://www.imdb.com/title/tt0112792"" target=""_blank"">tt0112792</a>","<a href=""https://www.imdb.com/title/tt0112792"" target=""_blank"">Dangerous Minds</a>"
tt0116313,The First Wives Club,1996,4459,6.5,61028,103,Hugh Wilson,"Olivia Goldsmith, Robert Harling",Comedy,"<a href=""https://www.imdb.com/title/tt0116313"" target=""_blank"">tt0116313</a>","<a href=""https://www.imdb.com/title/tt0116313"" target=""_blank"">The First Wives Club</a>"
tt0349710,Ladder 49,2004,4460,6.5,60576,115,Jay Russell,Lewis Colick,"Action, Drama, Thriller","<a href=""https://www.imdb.com/title/tt0349710"" target=""_blank"">tt0349710</a>","<a href=""https://www.imdb.com/title/tt0349710"" target=""_blank"">Ladder 49</a>"
tt3986820,The Endless,2017,4461,6.5,58708,111,"Justin Benson, Aaron Moorhead",Justin Benson,"Horror, Mystery, Sci-Fi","<a href=""https://www.imdb.com/title/tt3986820"" target=""_blank"">tt3986820</a>","<a href=""https://www.imdb.com/title/tt3986820"" target=""_blank"">The Endless</a>"
tt0402894,Casanova,2005,4462,6.5,58595,112,Lasse Hallström,"Jeffrey Hatcher, Kimberly Simi, Michael Cristofer","Adventure, Comedy, Drama","<a href=""https://www.imdb.com/title/tt0402894"" target=""_blank"">tt0402894</a>","<a href=""https://www.imdb.com/title/tt0402894"" target=""_blank"">Casanova</a>"
tt2118624,The Final Girls,2015,4463,6.5,58313,91,Todd Strauss-Schulson,"M.A. Fortin, Joshua John Miller","Comedy, Fantasy, Horror","<a href=""https://www.imdb.com/title/tt2118624"" target=""_blank"">tt2118624</a>","<a href=""https://www.imdb.com/title/tt2118624"" target=""_blank"">The Final Girls</a>"
tt9777644,Da 5 Bloods,2020,4464,6.5,58030,154,Spike Lee,"Danny Bilson, Paul De Meo, Kevin Willmott, Spike Lee, Matthew Billingsly","Adventure, Drama, War","<a href=""https://www.imdb.com/title/tt9777644"" target=""_blank"">tt9777644</a>","<a href=""https://www.imdb.com/title/tt9777644"" target=""_blank"">Da 5 Bloods</a>"
tt0127723,Can't Hardly Wait,1998,4465,6.5,57983,100,"Harry Elfont, Deborah Kaplan","Deborah Kaplan, Harry Elfont","Comedy, Romance","<a href=""https://www.imdb.com/title/tt0127723"" target=""_blank"">tt0127723</a>","<a href=""https://www.imdb.com/title/tt0127723"" target=""_blank"">Can't Hardly Wait</a>"
tt0403358,Night Watch,2004,4466,6.4,57411,114,Timur Bekmambetov,"Timur Bekmambetov, Laeta Kalogridis, Sergey Lukyanenko","Action, Fantasy, Horror","<a href=""https://www.imdb.com/title/tt0403358"" target=""_blank"">tt0403358</a>","<a href=""https://www.imdb.com/title/tt0403358"" target=""_blank"">Night Watch</a>"
tt27543578,Good Fortune,2025,4467,6.4,57035,97,Aziz Ansari,Aziz Ansari,"Comedy, Fantasy, Romance","<a href=""https://www.imdb.com/title/tt27543578"" target=""_blank"">tt27543578</a>","<a href=""https://www.imdb.com/title/tt27543578"" target=""_blank"">Good Fortune</a>"
tt22041854,Priscilla,2023,4468,6.4,56810,113,Sofia Coppola,"Priscilla Presley, Sandra Harmon, Sofia Coppola","Biography, Drama, Music","<a href=""https://www.imdb.com/title/tt22041854"" target=""_blank"">tt22041854</a>","<a href=""https://www.imdb.com/title/tt22041854"" target=""_blank"">Priscilla</a>"
tt27744786,Shaitaan,2024,4469,6.5,56806,132,Vikas Bahl,"Aamil Keeyan Khan, Krishnadev Yagnik","Drama, Horror, Thriller","<a href=""https://www.imdb.com/title/tt27744786"" target=""_blank"">tt27744786</a>","<a href=""https://www.imdb.com/title/tt27744786"" target=""_blank"">Shaitaan</a>"
tt0117918,Tin Cup,1996,4470,6.4,56707,135,Ron Shelton,"John Norville, Ron Shelton","Comedy, Drama, Romance","<a href=""https://www.imdb.com/title/tt0117918"" target=""_blank"">tt0117918</a>","<a href=""https://www.imdb.com/title/tt0117918"" target=""_blank"">Tin Cup</a>"
tt8508734,His House,2020,4471,6.4,56150,93,Remi Weekes,"Remi Weekes, Felicity Evans, Toby Venables","Drama, Horror, Thriller","<a href=""https://www.imdb.com/title/tt8508734"" target=""_blank"">tt8508734</a>","<a href=""https://www.imdb.com/title/tt8508734"" target=""_blank"">His House</a>"
tt1825157,The Double,2013,4472,6.4,56055,93,Richard Ayoade,"Fyodor Dostoevsky, Richard Ayoade, Avi Korine","Comedy, Drama, Mystery","<a href=""https://www.imdb.com/title/tt1825157"" target=""_blank"">tt1825157</a>","<a href=""https://www.imdb.com/title/tt1825157"" target=""_blank"">The Double</a>"
tt2368619,The Take,2016,4473,6.4,55904,92,James Watkins,"Andrew Baldwin, James Watkins","Action, Adventure, Crime","<a href=""https://www.imdb.com/title/tt2368619"" target=""_blank"">tt2368619</a>","<a href=""https://www.imdb.com/title/tt2368619"" target=""_blank"">The Take</a>"
tt1531663,Everything Must Go,2010,4474,6.4,55545,97,Dan Rush,"Dan Rush, Raymond Carver","Comedy, Drama","<a href=""https://www.imdb.com/title/tt1531663"" target=""_blank"">tt1531663</a>","<a href=""https://www.imdb.com/title/tt1531663"" target=""_blank"">Everything Must Go</a>"
tt33046197,The Wrecking Crew,2026,4475,6.4,55491,124,Ángel Manuel Soto,Jonathan Tropper,"Action, Comedy, Crime","<a href=""https://www.imdb.com/title/tt33046197"" target=""_blank"">tt33046197</a>","<a href=""https://www.imdb.com/title/tt33046197"" target=""_blank"">The Wrecking Crew</a>"
tt0090056,Spies Like Us,1985,4476,6.4,55435,102,John Landis,"Dan Aykroyd, Dave Thomas, Lowell Ganz, Babaloo Mandel","Adventure, Comedy","<a href=""https://www.imdb.com/title/tt0090056"" target=""_blank"">tt0090056</a>","<a href=""https://www.imdb.com/title/tt0090056"" target=""_blank"">Spies Like Us</a>"
tt5918982,Possessor,2020,4477,6.5,55277,103,Brandon Cronenberg,Brandon Cronenberg,"Horror, Mystery, Sci-Fi","<a href=""https://www.imdb.com/title/tt5918982"" target=""_blank"">tt5918982</a>","<a href=""https://www.imdb.com/title/tt5918982"" target=""_blank"">Possessor</a>"
tt2345737,The Rover,2014,4478,6.4,55182,103,David Michôd,"David Michôd, Joel Edgerton","Action, Crime, Drama","<a href=""https://www.imdb.com/title/tt2345737"" target=""_blank"">tt2345737</a>","<a href=""https://www.imdb.com/title/tt2345737"" target=""_blank"">The Rover</a>"
tt1181791,Black Death,2010,4479,6.4,55160,102,Christopher Smith,"Dario Poloni, Christopher Smith","Action, Drama, History","<a href=""https://www.imdb.com/title/tt1181791"" target=""_blank"">tt1181791</a>","<a href=""https://www.imdb.com/title/tt1181791"" target=""_blank"">Black Death</a>"
tt7153766,Unsane,2018,4480,6.4,54638,98,Steven Soderbergh,"Jonathan Bernstein, James Greer","Drama, Horror, Mystery","<a href=""https://www.imdb.com/title/tt7153766"" target=""_blank"">tt7153766</a>","<a href=""https://www.imdb.com/title/tt7153766"" target=""_blank"">Unsane</a>"
tt0171433,Keeping the Faith,2000,4481,6.4,54570,128,Edward Norton,Stuart Blumberg,"Comedy, Drama, Romance","<a href=""https://www.imdb.com/title/tt0171433"" target=""_blank"">tt0171433</a>","<a href=""https://www.imdb.com/title/tt0171433"" target=""_blank"">Keeping the Faith</a>"
tt4781612,Imperium,2016,4482,6.5,54410,109,Daniel Ragussis,"Michael German, Daniel Ragussis, Joe Turner Lin","Crime, Drama, Mystery","<a href=""https://www.imdb.com/title/tt4781612"" target=""_blank"">tt4781612</a>","<a href=""https://www.imdb.com/title/tt4781612"" target=""_blank"">Imperium</a>"
tt0110997,The River Wild,1994,4483,6.5,54362,111,Curtis Hanson,Denis O'Neill,"Adventure, Crime, Thriller","<a href=""https://www.imdb.com/title/tt0110997"" target=""_blank"">tt0110997</a>","<a href=""https://www.imdb.com/title/tt0110997"" target=""_blank"">The River Wild</a>"
tt2669336,Time Lapse,2014,4484,6.5,53739,104,Bradley King,"Bradley King, Bp Cooper","Mystery, Sci-Fi, Thriller","<a href=""https://www.imdb.com/title/tt2669336"" target=""_blank"">tt2669336</a>","<a href=""https://www.imdb.com/title/tt2669336"" target=""_blank"">Time Lapse</a>"
tt4443658,Better Watch Out,2016,4485,6.5,53395,89,Chris Peckover,"Zack Kahn, Chris Peckover","Comedy, Horror, Thriller","<a href=""https://www.imdb.com/title/tt4443658"" target=""_blank"">tt4443658</a>","<a href=""https://www.imdb.com/title/tt4443658"" target=""_blank"">Better Watch Out</a>"
tt11252248,Dog,2022,4486,6.5,53299,101,"Reid Carolin, Channing Tatum","Reid Carolin, Brett Rodriguez","Comedy, Drama","<a href=""https://www.imdb.com/title/tt11252248"" target=""_blank"">tt11252248</a>","<a href=""https://www.imdb.com/title/tt11252248"" target=""_blank"">Dog</a>"
tt1621045,Think Like a Man,2012,4487,6.5,53237,122,Tim Story,"Keith Merryman, David A. Newman, Steve Harvey","Comedy, Romance","<a href=""https://www.imdb.com/title/tt1621045"" target=""_blank"">tt1621045</a>","<a href=""https://www.imdb.com/title/tt1621045"" target=""_blank"">Think Like a Man</a>"
tt0104291,Forever Young,1992,4488,6.4,53237,102,Steve Miner,J.J. Abrams,"Drama, Romance, Sci-Fi","<a href=""https://www.imdb.com/title/tt0104291"" target=""_blank"">tt0104291</a>","<a href=""https://www.imdb.com/title/tt0104291"" target=""_blank"">Forever Young</a>"
tt0160797,Rules of Engagement,2000,4489,6.4,53209,128,William Friedkin,"Jim Webb, Stephen Gaghan","Drama, Thriller, War","<a href=""https://www.imdb.com/title/tt0160797"" target=""_blank"">tt0160797</a>","<a href=""https://www.imdb.com/title/tt0160797"" target=""_blank"">Rules of Engagement</a>"
tt12749596,Host,2020,4490,6.5,53091,57,Rob Savage,"Gemma Hurley, Rob Savage, Jed Shepherd","Horror, Mystery","<a href=""https://www.imdb.com/title/tt12749596"" target=""_blank"">tt12749596</a>","<a href=""https://www.imdb.com/title/tt12749596"" target=""_blank"">Host</a>"
tt1294688,Last Night,2010,4491,6.5,52983,93,Massy Tadjedin,Massy Tadjedin,"Drama, Romance","<a href=""https://www.imdb.com/title/tt1294688"" target=""_blank"">tt1294688</a>","<a href=""https://www.imdb.com/title/tt1294688"" target=""_blank"">Last Night</a>"
tt1017451,The Runaways,2010,4492,6.5,52953,106,Floria Sigismondi,"Floria Sigismondi, Cherie Currie","Biography, Drama, Music","<a href=""https://www.imdb.com/title/tt1017451"" target=""_blank"">tt1017451</a>","<a href=""https://www.imdb.com/title/tt1017451"" target=""_blank"">The Runaways</a>"
tt0257756,High Crimes,2002,4493,6.4,52507,115,Carl Franklin,"Joseph Finder, Yuri Zeltser, Grace Cary Bickley","Crime, Drama, Mystery","<a href=""https://www.imdb.com/title/tt0257756"" target=""_blank"">tt0257756</a>","<a href=""https://www.imdb.com/title/tt0257756"" target=""_blank"">High Crimes</a>"
tt3165612,Sleeping with Other People,2015,4494,6.5,52254,101,Leslye Headland,Leslye Headland,"Comedy, Drama, Romance","<a href=""https://www.imdb.com/title/tt3165612"" target=""_blank"">tt3165612</a>","<a href=""https://www.imdb.com/title/tt3165612"" target=""_blank"">Sleeping with Other People</a>"
tt0092610,Bad Taste,1987,4495,6.4,51840,91,Peter Jackson,"Peter Jackson, Tony Hiles, Ken Hammon","Comedy, Horror, Sci-Fi","<a href=""https://www.imdb.com/title/tt0092610"" target=""_blank"">tt0092610</a>","<a href=""https://www.imdb.com/title/tt0092610"" target=""_blank"">Bad Taste</a>"
tt0309377,Blood Work,2002,4496,6.4,51592,110,Clint Eastwood,"Michael Connelly, Brian Helgeland","Action, Crime, Drama","<a href=""https://www.imdb.com/title/tt0309377"" target=""_blank"">tt0309377</a>","<a href=""https://www.imdb.com/title/tt0309377"" target=""_blank"">Blood Work</a>"
tt14993250,Rocky Aur Rani Kii Prem Kahaani,2023,4497,6.5,51493,168,"Karan Johar, Gurbir Singh","Shashank Khaitan, Ishita Moitra, Sumit Roy","Comedy, Drama, Family","<a href=""https://www.imdb.com/title/tt14993250"" target=""_blank"">tt14993250</a>","<a href=""https://www.imdb.com/title/tt14993250"" target=""_blank"">Rocky Aur Rani Kii Prem Kahaani</a>"
tt0090060,St. Elmo's Fire,1985,4498,6.4,51219,108,Joel Schumacher,"Joel Schumacher, Carl Kurlander","Drama, Romance","<a href=""https://www.imdb.com/title/tt0090060"" target=""_blank"">tt0090060</a>","<a href=""https://www.imdb.com/title/tt0090060"" target=""_blank"">St. Elmo's Fire</a>"
tt0117247,One Fine Day,1996,4499,6.5,51136,108,Michael Hoffman,"Terrel Seltzer, Ellen Simon","Comedy, Drama, Romance","<a href=""https://www.imdb.com/title/tt0117247"" target=""_blank"">tt0117247</a>","<a href=""https://www.imdb.com/title/tt0117247"" target=""_blank"">One Fine Day</a>"
tt0190641,Pokémon: The First Movie - Mewtwo Strikes Back,1998,4500,6.4,50963,96,Kunihiko Yuyama,"Satoshi Tajiri, Takeshi Shudô, Jun'ichi Masuda, Ken Sugimori","Action, Adventure, Animation","<a href=""https://www.imdb.com/title/tt0190641"" target=""_blank"">tt0190641</a>","<a href=""https://www.imdb.com/title/tt0190641"" target=""_blank"">Pokémon: The First Movie - Mewtwo Strikes Back</a>"
tt3797868,The Choice,2016,4501,6.5,50464,111,Ross Katz,"Bryan Sipe, Nicholas Sparks","Drama, Romance","<a href=""https://www.imdb.com/title/tt3797868"" target=""_blank"">tt3797868</a>","<a href=""https://www.imdb.com/title/tt3797868"" target=""_blank"">The Choice</a>"
tt0279113,The Good Girl,2002,4502,6.4,50309,93,Miguel Arteta,Mike White,"Drama, Romance","<a href=""https://www.imdb.com/title/tt0279113"" target=""_blank"">tt0279113</a>","<a href=""https://www.imdb.com/title/tt0279113"" target=""_blank"">The Good Girl</a>"
tt0110167,It Could Happen to You,1994,4503,6.4,49844,101,Andrew Bergman,Jane Anderson,"Comedy, Drama, Romance","<a href=""https://www.imdb.com/title/tt0110167"" target=""_blank"">tt0110167</a>","<a href=""https://www.imdb.com/title/tt0110167"" target=""_blank"">It Could Happen to You</a>"
tt3097204,The Inbetweeners 2,2014,4504,6.4,49759,96,"Damon Beesley, Iain Morris","Damon Beesley, Iain Morris",Comedy,"<a href=""https://www.imdb.com/title/tt3097204"" target=""_blank"">tt3097204</a>","<a href=""https://www.imdb.com/title/tt3097204"" target=""_blank"">The Inbetweeners 2</a>"
tt4537896,White Boy Rick,2018,4505,6.5,49579,111,Yann Demange,"Andy Weiss, Logan Miller, Noah Miller","Crime, Drama","<a href=""https://www.imdb.com/title/tt4537896"" target=""_blank"">tt4537896</a>","<a href=""https://www.imdb.com/title/tt4537896"" target=""_blank"">White Boy Rick</a>"
tt0107034,The Good Son,1993,4506,6.4,49301,87,Joseph Ruben,Ian McEwan,"Drama, Thriller","<a href=""https://www.imdb.com/title/tt0107034"" target=""_blank"">tt0107034</a>","<a href=""https://www.imdb.com/title/tt0107034"" target=""_blank"">The Good Son</a>"
tt6341832,Oxygen,2021,4507,6.5,49145,100,Alexandre Aja,Christie LeBlanc,"Drama, Fantasy, Sci-Fi","<a href=""https://www.imdb.com/title/tt6341832"" target=""_blank"">tt6341832</a>","<a href=""https://www.imdb.com/title/tt6341832"" target=""_blank"">Oxygen</a>"
tt1531901,Byzantium,2012,4508,6.5,49144,118,Neil Jordan,Moira Buffini,"Drama, Fantasy, Horror","<a href=""https://www.imdb.com/title/tt1531901"" target=""_blank"">tt1531901</a>","<a href=""https://www.imdb.com/title/tt1531901"" target=""_blank"">Byzantium</a>"
tt6000478,"Roman J. Israel, Esq.",2017,4509,6.5,49131,122,Dan Gilroy,Dan Gilroy,"Crime, Drama, Thriller","<a href=""https://www.imdb.com/title/tt6000478"" target=""_blank"">tt6000478</a>","<a href=""https://www.imdb.com/title/tt6000478"" target=""_blank"">Roman J. Israel, Esq.</a>"
tt0097770,Lock Up,1989,4510,6.4,49027,115,John Flynn,"Richard Smith, Jeb Stuart, Henry Rosenbaum","Action, Crime, Drama","<a href=""https://www.imdb.com/title/tt0097770"" target=""_blank"">tt0097770</a>","<a href=""https://www.imdb.com/title/tt0097770"" target=""_blank"">Lock Up</a>"
tt23149780,Eden,2024,4511,6.5,48805,129,Ron Howard,"Noah Pink, Ron Howard","Adventure, Drama, History","<a href=""https://www.imdb.com/title/tt23149780"" target=""_blank"">tt23149780</a>","<a href=""https://www.imdb.com/title/tt23149780"" target=""_blank"">Eden</a>"
tt6195094,Incident in a Ghostland,2018,4512,6.4,48348,91,Pascal Laugier,Pascal Laugier,"Drama, Horror, Mystery","<a href=""https://www.imdb.com/title/tt6195094"" target=""_blank"">tt6195094</a>","<a href=""https://www.imdb.com/title/tt6195094"" target=""_blank"">Incident in a Ghostland</a>"
tt1247640,District 13: Ultimatum,2009,4513,6.5,48246,101,Patrick Alessandrin,Luc Besson,"Action, Crime, Thriller","<a href=""https://www.imdb.com/title/tt1247640"" target=""_blank"">tt1247640</a>","<a href=""https://www.imdb.com/title/tt1247640"" target=""_blank"">District 13: Ultimatum</a>"
tt0114319,Sabrina,1995,4514,6.4,48028,127,Sydney Pollack,"Samuel A. Taylor, Billy Wilder, Ernest Lehman, Barbara Benedek, David Rayfiel","Comedy, Drama, Romance","<a href=""https://www.imdb.com/title/tt0114319"" target=""_blank"">tt0114319</a>","<a href=""https://www.imdb.com/title/tt0114319"" target=""_blank"">Sabrina</a>"
tt0088850,Brewster's Millions,1985,4515,6.5,47920,102,Walter Hill,"George Barr McCutcheon, Herschel Weingrod, Timothy Harris",Comedy,"<a href=""https://www.imdb.com/title/tt0088850"" target=""_blank"">tt0088850</a>","<a href=""https://www.imdb.com/title/tt0088850"" target=""_blank"">Brewster's Millions</a>"
tt16304446,Fair Play,2023,4516,6.4,47824,113,Chloe Domont,Chloe Domont,"Drama, Thriller","<a href=""https://www.imdb.com/title/tt16304446"" target=""_blank"">tt16304446</a>","<a href=""https://www.imdb.com/title/tt16304446"" target=""_blank"">Fair Play</a>"
tt2034031,Laggies,2014,4517,6.4,47704,99,Lynn Shelton,Andrea Seigel,"Comedy, Drama, Romance","<a href=""https://www.imdb.com/title/tt2034031"" target=""_blank"">tt2034031</a>","<a href=""https://www.imdb.com/title/tt2034031"" target=""_blank"">Laggies</a>"
tt4995540,Being the Ricardos,2021,4518,6.5,47584,131,Aaron Sorkin,Aaron Sorkin,"Biography, Drama","<a href=""https://www.imdb.com/title/tt4995540"" target=""_blank"">tt4995540</a>","<a href=""https://www.imdb.com/title/tt4995540"" target=""_blank"">Being the Ricardos</a>"
tt0395251,The Producers,2005,4519,6.4,47513,134,Susan Stroman,"Mel Brooks, Thomas Meehan","Comedy, Crime, Musical","<a href=""https://www.imdb.com/title/tt0395251"" target=""_blank"">tt0395251</a>","<a href=""https://www.imdb.com/title/tt0395251"" target=""_blank"">The Producers</a>"
tt0105414,Single White Female,1992,4520,6.4,47413,107,Barbet Schroeder,"John Lutz, Don Roos","Drama, Thriller","<a href=""https://www.imdb.com/title/tt0105414"" target=""_blank"">tt0105414</a>","<a href=""https://www.imdb.com/title/tt0105414"" target=""_blank"">Single White Female</a>"
tt0119360,In & Out,1997,4521,6.4,47013,90,Frank Oz,Paul Rudnick,"Comedy, Romance","<a href=""https://www.imdb.com/title/tt0119360"" target=""_blank"">tt0119360</a>","<a href=""https://www.imdb.com/title/tt0119360"" target=""_blank"">In & Out</a>"
tt11525644,No Sudden Move,2021,4522,6.4,46379,115,Steven Soderbergh,Ed Solomon,"Crime, Drama, Mystery","<a href=""https://www.imdb.com/title/tt11525644"" target=""_blank"">tt11525644</a>","<a href=""https://www.imdb.com/title/tt11525644"" target=""_blank"">No Sudden Move</a>"
tt1464580,Stake Land,2010,4523,6.4,46106,98,Jim Mickle,"Nick Damici, Jim Mickle","Drama, Horror","<a href=""https://www.imdb.com/title/tt1464580"" target=""_blank"">tt1464580</a>","<a href=""https://www.imdb.com/title/tt1464580"" target=""_blank"">Stake Land</a>"
tt0760329,The Water Horse,2007,4524,6.4,45116,112,Jay Russell,"Robert Nelson Jacobs, Dick King-Smith","Adventure, Family, Fantasy","<a href=""https://www.imdb.com/title/tt0760329"" target=""_blank"">tt0760329</a>","<a href=""https://www.imdb.com/title/tt0760329"" target=""_blank"">The Water Horse</a>"
tt6095472,The Angry Birds Movie 2,2019,4525,6.4,44571,97,"Thurop Van Orman, John Rice","Peter Ackerman, Eyal Podell, Jonathon E. Stewart","Action, Adventure, Animation","<a href=""https://www.imdb.com/title/tt6095472"" target=""_blank"">tt6095472</a>","<a href=""https://www.imdb.com/title/tt6095472"" target=""_blank"">The Angry Birds Movie 2</a>"
tt0105121,The People Under the Stairs,1991,4526,6.4,44330,102,Wes Craven,Wes Craven,"Comedy, Horror, Mystery","<a href=""https://www.imdb.com/title/tt0105121"" target=""_blank"">tt0105121</a>","<a href=""https://www.imdb.com/title/tt0105121"" target=""_blank"">The People Under the Stairs</a>"
tt0086491,Twilight Zone: The Movie,1983,4527,6.4,43932,101,"Joe Dante, John Landis, George Miller, Steven Spielberg","John Landis, George Clayton Johnson, Richard Matheson, Melissa Mathison, Jerome Bixby, Rod Serling, Robert Garland","Horror, Sci-Fi","<a href=""https://www.imdb.com/title/tt0086491"" target=""_blank"">tt0086491</a>","<a href=""https://www.imdb.com/title/tt0086491"" target=""_blank"">Twilight Zone: The Movie</a>"
tt1311071,Kill Your Darlings,2013,4528,6.4,43718,104,John Krokidas,"Austin Bunn, John Krokidas","Biography, Drama, Romance","<a href=""https://www.imdb.com/title/tt1311071"" target=""_blank"">tt1311071</a>","<a href=""https://www.imdb.com/title/tt1311071"" target=""_blank"">Kill Your Darlings</a>"
tt0464196,Severance,2006,4529,6.4,43683,96,Christopher Smith,"James Moran, Christopher Smith","Comedy, Horror","<a href=""https://www.imdb.com/title/tt0464196"" target=""_blank"">tt0464196</a>","<a href=""https://www.imdb.com/title/tt0464196"" target=""_blank"">Severance</a>"
tt0091738,Peggy Sue Got Married,1986,4530,6.4,43511,103,Francis Ford Coppola,"Jerry Leichtling, Arlene Sarner","Comedy, Drama, Fantasy","<a href=""https://www.imdb.com/title/tt0091738"" target=""_blank"">tt0091738</a>","<a href=""https://www.imdb.com/title/tt0091738"" target=""_blank"">Peggy Sue Got Married</a>"
tt2261331,Black Sea,2014,4531,6.4,43402,114,Kevin Macdonald,Dennis Kelly,"Adventure, Drama, Thriller","<a href=""https://www.imdb.com/title/tt2261331"" target=""_blank"">tt2261331</a>","<a href=""https://www.imdb.com/title/tt2261331"" target=""_blank"">Black Sea</a>"
tt0291341,Mean Machine,2001,4532,6.4,43283,99,Barry Skolnick,"Tracy Keenan Wynn, Charlie Fletcher, Chris Baker, Andrew Day","Comedy, Crime, Drama","<a href=""https://www.imdb.com/title/tt0291341"" target=""_blank"">tt0291341</a>","<a href=""https://www.imdb.com/title/tt0291341"" target=""_blank"">Mean Machine</a>"
tt1285309,The Joneses,2009,4533,6.4,43152,96,Derrick Borte,"Randy T. Dinzler, Derrick Borte","Comedy, Drama","<a href=""https://www.imdb.com/title/tt1285309"" target=""_blank"">tt1285309</a>","<a href=""https://www.imdb.com/title/tt1285309"" target=""_blank"">The Joneses</a>"
tt0434139,The Last Kiss,2006,4534,6.4,42917,104,Tony Goldwyn,"Paul Haggis, Gabriele Muccino","Comedy, Drama, Romance","<a href=""https://www.imdb.com/title/tt0434139"" target=""_blank"">tt0434139</a>","<a href=""https://www.imdb.com/title/tt0434139"" target=""_blank"">The Last Kiss</a>"
tt8242084,My Spy,2020,4535,6.4,42809,99,Peter Segal,"Erich Hoeber, Jon Hoeber","Action, Comedy","<a href=""https://www.imdb.com/title/tt8242084"" target=""_blank"">tt8242084</a>","<a href=""https://www.imdb.com/title/tt8242084"" target=""_blank"">My Spy</a>"
tt27996020,Jolly LLB 3,2025,4536,6.4,42034,157,Subhash Kapoor,"Subhash Kapoor, Nandan Singh","Comedy, Drama","<a href=""https://www.imdb.com/title/tt27996020"" target=""_blank"">tt27996020</a>","<a href=""https://www.imdb.com/title/tt27996020"" target=""_blank"">Jolly LLB 3</a>"
tt3654796,Creep 2,2017,4537,6.4,41867,78,Patrick Brice,"Mark Duplass, Patrick Brice","Horror, Thriller","<a href=""https://www.imdb.com/title/tt3654796"" target=""_blank"">tt3654796</a>","<a href=""https://www.imdb.com/title/tt3654796"" target=""_blank"">Creep 2</a>"
tt13923084,Boy Kills World,2023,4538,6.4,41679,111,Moritz Mohr,"Tyler Burton Smith, Arend Remmers, Moritz Mohr","Action, Adventure, Comedy","<a href=""https://www.imdb.com/title/tt13923084"" target=""_blank"">tt13923084</a>","<a href=""https://www.imdb.com/title/tt13923084"" target=""_blank"">Boy Kills World</a>"
tt1971352,Compliance,2012,4539,6.4,41422,90,Craig Zobel,Craig Zobel,"Crime, Drama, Thriller","<a href=""https://www.imdb.com/title/tt1971352"" target=""_blank"">tt1971352</a>","<a href=""https://www.imdb.com/title/tt1971352"" target=""_blank"">Compliance</a>"
tt0101757,Don't Tell Mom the Babysitter's Dead,1991,4540,6.4,40914,102,Stephen Herek,"Neil Landau, Tara Ison",Comedy,"<a href=""https://www.imdb.com/title/tt0101757"" target=""_blank"">tt0101757</a>","<a href=""https://www.imdb.com/title/tt0101757"" target=""_blank"">Don't Tell Mom the Babysitter's Dead</a>"
tt14537248,Nefarious,2023,4541,6.4,40729,97,"Chuck Konzelman, Cary Solomon","Cary Solomon, Chuck Konzelman, Steve Deace","Drama, Horror, Thriller","<a href=""https://www.imdb.com/title/tt14537248"" target=""_blank"">tt14537248</a>","<a href=""https://www.imdb.com/title/tt14537248"" target=""_blank"">Nefarious</a>"
tt5516328,Ghost Stories,2017,4542,6.4,40524,98,"Jeremy Dyson, Andy Nyman","Jeremy Dyson, Andy Nyman","Drama, Horror, Mystery","<a href=""https://www.imdb.com/title/tt5516328"" target=""_blank"">tt5516328</a>","<a href=""https://www.imdb.com/title/tt5516328"" target=""_blank"">Ghost Stories</a>"
tt3442006,Cake,2014,4543,6.4,40436,102,Daniel Barnz,Patrick Tobin,Drama,"<a href=""https://www.imdb.com/title/tt3442006"" target=""_blank"">tt3442006</a>","<a href=""https://www.imdb.com/title/tt3442006"" target=""_blank"">Cake</a>"
tt9606374,On the Rocks,2020,4544,6.4,40305,96,Sofia Coppola,Sofia Coppola,"Comedy, Drama, Romance","<a href=""https://www.imdb.com/title/tt9606374"" target=""_blank"">tt9606374</a>","<a href=""https://www.imdb.com/title/tt9606374"" target=""_blank"">On the Rocks</a>"
tt32299316,Dangerous Animals,2025,4545,6.4,40098,98,Sean Byrne,Nick Lepard,"Horror, Thriller","<a href=""https://www.imdb.com/title/tt32299316"" target=""_blank"">tt32299316</a>","<a href=""https://www.imdb.com/title/tt32299316"" target=""_blank"">Dangerous Animals</a>"
tt9731598,Bros,2022,4546,6.3,40020,115,Nicholas Stoller,"Billy Eichner, Nicholas Stoller","Comedy, Romance","<a href=""https://www.imdb.com/title/tt9731598"" target=""_blank"">tt9731598</a>","<a href=""https://www.imdb.com/title/tt9731598"" target=""_blank"">Bros</a>"
tt0116250,Evita,1996,4547,6.3,39846,135,Alan Parker,"Tim Rice, Alan Parker, Oliver Stone","Biography, Drama, History","<a href=""https://www.imdb.com/title/tt0116250"" target=""_blank"">tt0116250</a>","<a href=""https://www.imdb.com/title/tt0116250"" target=""_blank"">Evita</a>"
tt2281587,Muppets Most Wanted,2014,4548,6.4,39826,107,James Bobin,"James Bobin, Nicholas Stoller, Jim Henson","Adventure, Comedy, Crime","<a href=""https://www.imdb.com/title/tt2281587"" target=""_blank"">tt2281587</a>","<a href=""https://www.imdb.com/title/tt2281587"" target=""_blank"">Muppets Most Wanted</a>"
tt7149730,The Silencing,2020,4549,6.3,39026,93,Robin Pront,Micah Ranum,"Action, Crime, Mystery","<a href=""https://www.imdb.com/title/tt7149730"" target=""_blank"">tt7149730</a>","<a href=""https://www.imdb.com/title/tt7149730"" target=""_blank"">The Silencing</a>"
tt0119535,A Life Less Ordinary,1997,4550,6.3,38659,103,Danny Boyle,John Hodge,"Comedy, Crime, Fantasy","<a href=""https://www.imdb.com/title/tt0119535"" target=""_blank"">tt0119535</a>","<a href=""https://www.imdb.com/title/tt0119535"" target=""_blank"">A Life Less Ordinary</a>"
tt15153532,Strays,2023,4551,6.3,38637,93,Josh Greenbaum,Dan Perrault,"Adventure, Comedy","<a href=""https://www.imdb.com/title/tt15153532"" target=""_blank"">tt15153532</a>","<a href=""https://www.imdb.com/title/tt15153532"" target=""_blank"">Strays</a>"
tt0109127,Angels in the Outfield,1994,4552,6.3,38321,102,William Dear,"Dorothy Kingsley, George Wells, Richard Conlin, Holly Goldberg Sloan","Comedy, Drama, Family","<a href=""https://www.imdb.com/title/tt0109127"" target=""_blank"">tt0109127</a>","<a href=""https://www.imdb.com/title/tt0109127"" target=""_blank"">Angels in the Outfield</a>"
tt0095690,Mystic Pizza,1988,4553,6.4,38280,104,Donald Petrie,"Amy Holden Jones, Perry Howze, Randy Howze, Alfred Uhry","Comedy, Drama, Romance","<a href=""https://www.imdb.com/title/tt0095690"" target=""_blank"">tt0095690</a>","<a href=""https://www.imdb.com/title/tt0095690"" target=""_blank"">Mystic Pizza</a>"
tt4267026,Hell House LLC,2015,4554,6.4,37927,93,Stephen Cognetti,Stephen Cognetti,"Horror, Mystery","<a href=""https://www.imdb.com/title/tt4267026"" target=""_blank"">tt4267026</a>","<a href=""https://www.imdb.com/title/tt4267026"" target=""_blank"">Hell House LLC</a>"
tt1620719,Dabangg,2010,4555,6.3,37744,126,Abhinav Kashyap,"Dilip Shukla, Abhinav Kashyap","Action, Comedy, Crime","<a href=""https://www.imdb.com/title/tt1620719"" target=""_blank"">tt1620719</a>","<a href=""https://www.imdb.com/title/tt1620719"" target=""_blank"">Dabangg</a>"
tt1381404,The Company You Keep,2012,4556,6.4,37721,125,Robert Redford,"Lem Dobbs, Neil Gordon","Drama, Thriller","<a href=""https://www.imdb.com/title/tt1381404"" target=""_blank"">tt1381404</a>","<a href=""https://www.imdb.com/title/tt1381404"" target=""_blank"">The Company You Keep</a>"
tt1336617,Cyrus,2010,4557,6.3,37642,91,"Jay Duplass, Mark Duplass","Mark Duplass, Jay Duplass","Comedy, Drama, Romance","<a href=""https://www.imdb.com/title/tt1336617"" target=""_blank"">tt1336617</a>","<a href=""https://www.imdb.com/title/tt1336617"" target=""_blank"">Cyrus</a>"
tt0367027,Shortbus,2006,4558,6.3,37595,101,John Cameron Mitchell,John Cameron Mitchell,"Comedy, Drama, Romance","<a href=""https://www.imdb.com/title/tt0367027"" target=""_blank"">tt0367027</a>","<a href=""https://www.imdb.com/title/tt0367027"" target=""_blank"">Shortbus</a>"
tt0109303,Blown Away,1994,4559,6.3,37281,121,Stephen Hopkins,"John Rice, Joe Batteer, Jay Roach","Action, Crime, Drama","<a href=""https://www.imdb.com/title/tt0109303"" target=""_blank"">tt0109303</a>","<a href=""https://www.imdb.com/title/tt0109303"" target=""_blank"">Blown Away</a>"
tt2056771,A Bigger Splash,2015,4560,6.4,37135,125,Luca Guadagnino,"David Kajganich, Jacques Deray, Alain Page, Jean-Claude Carrière","Drama, Music, Thriller","<a href=""https://www.imdb.com/title/tt2056771"" target=""_blank"">tt2056771</a>","<a href=""https://www.imdb.com/title/tt2056771"" target=""_blank"">A Bigger Splash</a>"
tt6436726,7500,2019,4561,6.3,37000,93,Patrick Vollrath,"Patrick Vollrath, Senad Halilbasic","Drama, Thriller","<a href=""https://www.imdb.com/title/tt6436726"" target=""_blank"">tt6436726</a>","<a href=""https://www.imdb.com/title/tt6436726"" target=""_blank"">7500</a>"
tt3813310,Cop Car,2015,4562,6.3,36958,88,Jon Watts,"Jon Watts, Christopher Ford","Crime, Thriller","<a href=""https://www.imdb.com/title/tt3813310"" target=""_blank"">tt3813310</a>","<a href=""https://www.imdb.com/title/tt3813310"" target=""_blank"">Cop Car</a>"
tt0180734,Hardball,2001,4563,6.4,36607,106,Brian Robbins,"Daniel Coyle, John Gatins","Comedy, Drama, Sport","<a href=""https://www.imdb.com/title/tt0180734"" target=""_blank"">tt0180734</a>","<a href=""https://www.imdb.com/title/tt0180734"" target=""_blank"">Hardball</a>"
tt0409904,Day Watch,2006,4564,6.4,36599,132,Timur Bekmambetov,"Timur Bekmambetov, Sergey Lukyanenko, Alexander Talal","Action, Fantasy, Horror","<a href=""https://www.imdb.com/title/tt0409904"" target=""_blank"">tt0409904</a>","<a href=""https://www.imdb.com/title/tt0409904"" target=""_blank"">Day Watch</a>"
tt0067525,The Omega Man,1971,4565,6.4,36538,98,Boris Sagal,"John William Corrington, Joyce Hooper Corrington, Richard Matheson","Action, Drama, Sci-Fi","<a href=""https://www.imdb.com/title/tt0067525"" target=""_blank"">tt0067525</a>","<a href=""https://www.imdb.com/title/tt0067525"" target=""_blank"">The Omega Man</a>"
tt0100054,Lord of the Flies,1990,4566,6.4,36312,90,Harry Hook,"William Golding, Jay Presson Allen","Adventure, Drama, Thriller","<a href=""https://www.imdb.com/title/tt0100054"" target=""_blank"">tt0100054</a>","<a href=""https://www.imdb.com/title/tt0100054"" target=""_blank"">Lord of the Flies</a>"
tt0303714,Barbershop,2002,4567,6.4,36275,102,Tim Story,"Mark Brown, Don D. Scott, Marshall Todd","Comedy, Drama","<a href=""https://www.imdb.com/title/tt0303714"" target=""_blank"">tt0303714</a>","<a href=""https://www.imdb.com/title/tt0303714"" target=""_blank"">Barbershop</a>"
tt0308152,Dead End,2003,4568,6.4,36241,85,"Jean-Baptiste Andrea, Fabrice Canepa","Jean-Baptiste Andrea, Fabrice Canepa","Adventure, Horror, Mystery","<a href=""https://www.imdb.com/title/tt0308152"" target=""_blank"">tt0308152</a>","<a href=""https://www.imdb.com/title/tt0308152"" target=""_blank"">Dead End</a>"
tt34685692,Over Your Dead Body,2026,4569,6.3,36229,105,Jorma Taccone,"Tommy Wirkola, Nick Ball, John Niven, Nick Kocher, Brian McElhaney","Action, Comedy, Thriller","<a href=""https://www.imdb.com/title/tt34685692"" target=""_blank"">tt34685692</a>","<a href=""https://www.imdb.com/title/tt34685692"" target=""_blank"">Over Your Dead Body</a>"
tt0410764,Tideland,2005,4570,6.3,36158,120,Terry Gilliam,"Tony Grisoni, Terry Gilliam, Mitch Cullin","Drama, Fantasy, Horror","<a href=""https://www.imdb.com/title/tt0410764"" target=""_blank"">tt0410764</a>","<a href=""https://www.imdb.com/title/tt0410764"" target=""_blank"">Tideland</a>"
tt0114194,The Prophecy,1995,4571,6.4,36129,98,Gregory Widen,Gregory Widen,"Action, Crime, Drama","<a href=""https://www.imdb.com/title/tt0114194"" target=""_blank"">tt0114194</a>","<a href=""https://www.imdb.com/title/tt0114194"" target=""_blank"">The Prophecy</a>"
tt0090021,Silver Bullet,1985,4572,6.4,36117,95,Daniel Attias,Stephen King,Horror,"<a href=""https://www.imdb.com/title/tt0090021"" target=""_blank"">tt0090021</a>","<a href=""https://www.imdb.com/title/tt0090021"" target=""_blank"">Silver Bullet</a>"
tt0096794,Always,1989,4573,6.4,36054,122,Steven Spielberg,"Jerry Belson, Dalton Trumbo, Frederick Hazlitt Brennan, Chandler Sprague, David Boehm","Drama, Fantasy, Romance","<a href=""https://www.imdb.com/title/tt0096794"" target=""_blank"">tt0096794</a>","<a href=""https://www.imdb.com/title/tt0096794"" target=""_blank"">Always</a>"
tt31195136,Normal,2025,4574,6.3,36046,91,Ben Wheatley,"Derek Kolstad, Bob Odenkirk","Action, Crime, Thriller","<a href=""https://www.imdb.com/title/tt31195136"" target=""_blank"">tt31195136</a>","<a href=""https://www.imdb.com/title/tt31195136"" target=""_blank"">Normal</a>"
tt9742794,The Vault,2021,4575,6.4,36034,118,Jaume Balagueró,"Rafa Martínez, Andrés M. Koppel, Borja Glez. Santaolalla, Michel Gaztambide, Rowan Athale","Action, Thriller","<a href=""https://www.imdb.com/title/tt9742794"" target=""_blank"">tt9742794</a>","<a href=""https://www.imdb.com/title/tt9742794"" target=""_blank"">The Vault</a>"
tt0171580,Nurse Betty,2000,4576,6.3,35993,110,Neil LaBute,"John C. Richards, James Flamberg","Comedy, Crime, Drama","<a href=""https://www.imdb.com/title/tt0171580"" target=""_blank"">tt0171580</a>","<a href=""https://www.imdb.com/title/tt0171580"" target=""_blank"">Nurse Betty</a>"
tt0458413,A Long Way Down,2014,4577,6.3,35838,96,Pascal Chaumeil,"Nick Hornby, Jack Thorne","Comedy, Drama","<a href=""https://www.imdb.com/title/tt0458413"" target=""_blank"">tt0458413</a>","<a href=""https://www.imdb.com/title/tt0458413"" target=""_blank"">A Long Way Down</a>"
tt0103594,1492: Conquest of Paradise,1992,4578,6.4,35656,154,Ridley Scott,Rose Bosch,"Adventure, Biography, Drama","<a href=""https://www.imdb.com/title/tt0103594"" target=""_blank"">tt0103594</a>","<a href=""https://www.imdb.com/title/tt0103594"" target=""_blank"">1492: Conquest of Paradise</a>"
tt1174954,Resident Evil: Degeneration,2008,4579,6.4,35642,98,Makoto Kamiya,"Shotaro Suga, Shinji Mikami, Tokuro Fujiwara, Kenichi Iwao, Takahiro Arimitsu, Hiroyuki Kobayashi, Yoshiaki Hirabayashi, Noboru Sugimura, Hideki Kamiya, Father","Action, Animation, Horror","<a href=""https://www.imdb.com/title/tt1174954"" target=""_blank"">tt1174954</a>","<a href=""https://www.imdb.com/title/tt1174954"" target=""_blank"">Resident Evil: Degeneration</a>"
tt2023453,Diary of a Wimpy Kid: Dog Days,2012,4580,6.3,35583,94,David Bowers,"Maya Forbes, Wallace Wolodarsky, Jeff Kinney","Comedy, Family","<a href=""https://www.imdb.com/title/tt2023453"" target=""_blank"">tt2023453</a>","<a href=""https://www.imdb.com/title/tt2023453"" target=""_blank"">Diary of a Wimpy Kid: Dog Days</a>"
tt1541160,Flypaper,2011,4581,6.3,35186,87,Rob Minkoff,"Jon Lucas, Scott Moore","Comedy, Crime, Mystery","<a href=""https://www.imdb.com/title/tt1541160"" target=""_blank"">tt1541160</a>","<a href=""https://www.imdb.com/title/tt1541160"" target=""_blank"">Flypaper</a>"
tt2275946,Redirected,2014,4582,6.4,35073,99,Emilis Velyvis,"Jonas Banys, Emilis Velyvis","Action, Comedy, Crime","<a href=""https://www.imdb.com/title/tt2275946"" target=""_blank"">tt2275946</a>","<a href=""https://www.imdb.com/title/tt2275946"" target=""_blank"">Redirected</a>"
tt3626476,Vacation Friends,2021,4583,6.3,35064,103,Clay Tarver,"Tom Mullen, Tim Mullen, Clay Tarver, Jonathan Goldstein, John Francis Daley","Adventure, Comedy","<a href=""https://www.imdb.com/title/tt3626476"" target=""_blank"">tt3626476</a>","<a href=""https://www.imdb.com/title/tt3626476"" target=""_blank"">Vacation Friends</a>"
tt1024715,Choke,2008,4584,6.4,35055,92,Clark Gregg,"Clark Gregg, Chuck Palahniuk","Comedy, Drama","<a href=""https://www.imdb.com/title/tt1024715"" target=""_blank"">tt1024715</a>","<a href=""https://www.imdb.com/title/tt1024715"" target=""_blank"">Choke</a>"
tt0313792,Anything Else,2003,4585,6.3,34573,108,Woody Allen,Woody Allen,"Comedy, Romance","<a href=""https://www.imdb.com/title/tt0313792"" target=""_blank"">tt0313792</a>","<a href=""https://www.imdb.com/title/tt0313792"" target=""_blank"">Anything Else</a>"
tt32890033,Minions & Monsters,2026,4586,6.3,34296,90,Pierre Coffin,"Brian Lynch, Pierre Coffin","Adventure, Animation, Comedy","<a href=""https://www.imdb.com/title/tt32890033"" target=""_blank"">tt32890033</a>","<a href=""https://www.imdb.com/title/tt32890033"" target=""_blank"">Minions & Monsters</a>"
tt0378947,Melinda and Melinda,2004,4587,6.4,34287,99,Woody Allen,Woody Allen,"Comedy, Drama, Romance","<a href=""https://www.imdb.com/title/tt0378947"" target=""_blank"">tt0378947</a>","<a href=""https://www.imdb.com/title/tt0378947"" target=""_blank"">Melinda and Melinda</a>"
tt0465203,Them,2006,4588,6.3,34156,77,"David Moreau, Xavier Palud","David Moreau, Xavier Palud","Horror, Thriller","<a href=""https://www.imdb.com/title/tt0465203"" target=""_blank"">tt0465203</a>","<a href=""https://www.imdb.com/title/tt0465203"" target=""_blank"">Them</a>"
tt0857265,Sleuth,2007,4589,6.3,34076,88,Kenneth Branagh,"Anthony Shaffer, Harold Pinter","Crime, Drama, Mystery","<a href=""https://www.imdb.com/title/tt0857265"" target=""_blank"">tt0857265</a>","<a href=""https://www.imdb.com/title/tt0857265"" target=""_blank"">Sleuth</a>"
tt1894476,How I Live Now,2013,4590,6.4,33966,101,Kevin Macdonald,"Meg Rosoff, Jeremy Brock, Penelope Skinner, Tony Grisoni, Jack Thorne","Action, Adventure, Drama","<a href=""https://www.imdb.com/title/tt1894476"" target=""_blank"">tt1894476</a>","<a href=""https://www.imdb.com/title/tt1894476"" target=""_blank"">How I Live Now</a>"
tt3231054,Risen,2016,4591,6.4,33931,107,Kevin Reynolds,"Kevin Reynolds, Paul Aiello","Action, Drama, History","<a href=""https://www.imdb.com/title/tt3231054"" target=""_blank"">tt3231054</a>","<a href=""https://www.imdb.com/title/tt3231054"" target=""_blank"">Risen</a>"
tt3440298,Descendants,2015,4592,6.3,33443,115,Kenny Ortega,"Josann McGibbon, Sara Parriott","Action, Adventure, Comedy","<a href=""https://www.imdb.com/title/tt3440298"" target=""_blank"">tt3440298</a>","<a href=""https://www.imdb.com/title/tt3440298"" target=""_blank"">Descendants</a>"
tt0051418,The Blob,1958,4593,6.3,32885,86,"Irvin S. Yeaworth Jr., Russell S. Doughten Jr.","Theodore Simonson, Kay Linaker, Irvine H. Millgate","Horror, Sci-Fi","<a href=""https://www.imdb.com/title/tt0051418"" target=""_blank"">tt0051418</a>","<a href=""https://www.imdb.com/title/tt0051418"" target=""_blank"">The Blob</a>"
tt21261712,Back to Black,2024,4594,6.3,32297,122,Sam Taylor-Johnson,Matt Greenhalgh,"Biography, Drama, Music","<a href=""https://www.imdb.com/title/tt21261712"" target=""_blank"">tt21261712</a>","<a href=""https://www.imdb.com/title/tt21261712"" target=""_blank"">Back to Black</a>"
tt0963743,"Angus, Thongs and Perfect Snogging",2008,4595,6.3,32208,100,Gurinder Chadha,"Gurinder Chadha, Paul Mayeda Berges, Will McRobb, Chris Viscardi, Louise Rennison","Comedy, Drama, Romance","<a href=""https://www.imdb.com/title/tt0963743"" target=""_blank"">tt0963743</a>","<a href=""https://www.imdb.com/title/tt0963743"" target=""_blank"">Angus, Thongs and Perfect Snogging</a>"
tt0114367,Screamers,1995,4596,6.3,32181,108,Christian Duguay,"Philip K. Dick, Dan O'Bannon, Miguel Tejada-Flores","Horror, Sci-Fi, Thriller","<a href=""https://www.imdb.com/title/tt0114367"" target=""_blank"">tt0114367</a>","<a href=""https://www.imdb.com/title/tt0114367"" target=""_blank"">Screamers</a>"
tt2094018,Hours,2013,4597,6.3,32109,97,Eric Heisserer,Eric Heisserer,"Drama, Thriller","<a href=""https://www.imdb.com/title/tt2094018"" target=""_blank"">tt2094018</a>","<a href=""https://www.imdb.com/title/tt2094018"" target=""_blank"">Hours</a>"
tt18968540,Incantation,2022,4598,6.3,32097,110,Kevin Ko,"Che-Wei Chang, Kevin Ko","Horror, Mystery","<a href=""https://www.imdb.com/title/tt18968540"" target=""_blank"">tt18968540</a>","<a href=""https://www.imdb.com/title/tt18968540"" target=""_blank"">Incantation</a>"
tt2011311,The Outsider,2018,4599,6.3,32059,120,Martin Zandvliet,Andrew Baldwin,"Crime, Drama, Thriller","<a href=""https://www.imdb.com/title/tt2011311"" target=""_blank"">tt2011311</a>","<a href=""https://www.imdb.com/title/tt2011311"" target=""_blank"">The Outsider</a>"
tt12530246,Emancipation,2022,4600,6.3,32034,132,Antoine Fuqua,Bill Collage,"Action, Thriller","<a href=""https://www.imdb.com/title/tt12530246"" target=""_blank"">tt12530246</a>","<a href=""https://www.imdb.com/title/tt12530246"" target=""_blank"">Emancipation</a>"
tt0077523,Every Which Way But Loose,1978,4601,6.3,31645,114,James Fargo,Jeremy Joe Kronsberg,"Action, Comedy","<a href=""https://www.imdb.com/title/tt0077523"" target=""_blank"">tt0077523</a>","<a href=""https://www.imdb.com/title/tt0077523"" target=""_blank"">Every Which Way But Loose</a>"
tt5097410,Noelle,2019,4602,6.3,31566,100,Marc Lawrence,Marc Lawrence,"Comedy, Family, Fantasy","<a href=""https://www.imdb.com/title/tt5097410"" target=""_blank"">tt5097410</a>","<a href=""https://www.imdb.com/title/tt5097410"" target=""_blank"">Noelle</a>"
tt0080365,American Gigolo,1980,4603,6.3,31487,117,Paul Schrader,Paul Schrader,"Crime, Drama, Mystery","<a href=""https://www.imdb.com/title/tt0080365"" target=""_blank"">tt0080365</a>","<a href=""https://www.imdb.com/title/tt0080365"" target=""_blank"">American Gigolo</a>"
tt2582576,Sand Castle,2017,4604,6.3,31465,113,Fernando Coimbra,Chris Roessner,"Action, Drama, War","<a href=""https://www.imdb.com/title/tt2582576"" target=""_blank"">tt2582576</a>","<a href=""https://www.imdb.com/title/tt2582576"" target=""_blank"">Sand Castle</a>"
tt1869347,Crooked House,2017,4605,6.3,31442,115,Gilles Paquet-Brenner,"Julian Fellowes, Tim Rose Price, Gilles Paquet-Brenner, Agatha Christie","Crime, Drama, Mystery","<a href=""https://www.imdb.com/title/tt1869347"" target=""_blank"">tt1869347</a>","<a href=""https://www.imdb.com/title/tt1869347"" target=""_blank"">Crooked House</a>"
tt0117786,Mr. Nice Guy,1997,4606,6.3,31436,88,Sammo Kam-Bo Hung,"Fibe Ma, Edward Tang","Action, Adventure, Comedy","<a href=""https://www.imdb.com/title/tt0117786"" target=""_blank"">tt0117786</a>","<a href=""https://www.imdb.com/title/tt0117786"" target=""_blank"">Mr. Nice Guy</a>"
tt2238050,White Bird in a Blizzard,2014,4607,6.3,31436,91,Gregg Araki,"Gregg Araki, Laura Kasischke","Drama, Mystery, Thriller","<a href=""https://www.imdb.com/title/tt2238050"" target=""_blank"">tt2238050</a>","<a href=""https://www.imdb.com/title/tt2238050"" target=""_blank"">White Bird in a Blizzard</a>"
tt24176060,Queer,2024,4608,6.3,31349,137,Luca Guadagnino,"William S. Burroughs, Justin Kuritzkes","Biography, Drama, History","<a href=""https://www.imdb.com/title/tt24176060"" target=""_blank"">tt24176060</a>","<a href=""https://www.imdb.com/title/tt24176060"" target=""_blank"">Queer</a>"
tt1959332,American Mary,2012,4609,6.2,31336,103,"Jen Soska, Sylvia Soska","Jen Soska, Sylvia Soska","Drama, Horror","<a href=""https://www.imdb.com/title/tt1959332"" target=""_blank"">tt1959332</a>","<a href=""https://www.imdb.com/title/tt1959332"" target=""_blank"">American Mary</a>"
tt0814685,Frontier(s),2007,4610,6.2,31318,108,Xavier Gens,Xavier Gens,Horror,"<a href=""https://www.imdb.com/title/tt0814685"" target=""_blank"">tt0814685</a>","<a href=""https://www.imdb.com/title/tt0814685"" target=""_blank"">Frontier(s)</a>"
tt0081375,Private Benjamin,1980,4611,6.2,31300,109,Howard Zieff,"Nancy Meyers, Charles Shyer, Harvey Miller","Comedy, War","<a href=""https://www.imdb.com/title/tt0081375"" target=""_blank"">tt0081375</a>","<a href=""https://www.imdb.com/title/tt0081375"" target=""_blank"">Private Benjamin</a>"
tt11456054,Run Hide Fight,2020,4612,6.3,31086,109,Kyle Rankin,Kyle Rankin,"Action, Crime, Drama","<a href=""https://www.imdb.com/title/tt11456054"" target=""_blank"">tt11456054</a>","<a href=""https://www.imdb.com/title/tt11456054"" target=""_blank"">Run Hide Fight</a>"
tt0088889,Cat's Eye,1985,4613,6.3,31032,94,Lewis Teague,Stephen King,"Comedy, Drama, Horror","<a href=""https://www.imdb.com/title/tt0088889"" target=""_blank"">tt0088889</a>","<a href=""https://www.imdb.com/title/tt0088889"" target=""_blank"">Cat's Eye</a>"
tt1767372,She's Funny That Way,2014,4614,6.2,31011,93,Peter Bogdanovich,"Louise Stratten, Peter Bogdanovich","Comedy, Drama","<a href=""https://www.imdb.com/title/tt1767372"" target=""_blank"">tt1767372</a>","<a href=""https://www.imdb.com/title/tt1767372"" target=""_blank"">She's Funny That Way</a>"
tt0107665,Needful Things,1993,4615,6.3,30984,121,Fraser C. Heston,"Stephen King, W.D. Richter","Crime, Drama, Fantasy","<a href=""https://www.imdb.com/title/tt0107665"" target=""_blank"">tt0107665</a>","<a href=""https://www.imdb.com/title/tt0107665"" target=""_blank"">Needful Things</a>"
tt1196948,Charlie Countryman,2013,4616,6.3,30973,103,Fredrik Bond,Matt Drake,"Comedy, Drama, Romance","<a href=""https://www.imdb.com/title/tt1196948"" target=""_blank"">tt1196948</a>","<a href=""https://www.imdb.com/title/tt1196948"" target=""_blank"">Charlie Countryman</a>"
tt1440161,A Little Bit of Heaven,2011,4617,6.3,30932,106,Nicole Kassell,Gren Wells,"Comedy, Drama, Fantasy","<a href=""https://www.imdb.com/title/tt1440161"" target=""_blank"">tt1440161</a>","<a href=""https://www.imdb.com/title/tt1440161"" target=""_blank"">A Little Bit of Heaven</a>"
tt0108473,The Vanishing,1993,4618,6.3,30898,109,George Sluizer,"Tim Krabbé, Todd Graff","Drama, Horror, Mystery","<a href=""https://www.imdb.com/title/tt0108473"" target=""_blank"">tt0108473</a>","<a href=""https://www.imdb.com/title/tt0108473"" target=""_blank"">The Vanishing</a>"
tt0203755,One Night at McCool's,2001,4619,6.2,30796,93,Harald Zwart,Stan Seidel,"Comedy, Crime","<a href=""https://www.imdb.com/title/tt0203755"" target=""_blank"">tt0203755</a>","<a href=""https://www.imdb.com/title/tt0203755"" target=""_blank"">One Night at McCool's</a>"
tt2343793,Third Person,2013,4620,6.3,30450,137,Paul Haggis,Paul Haggis,"Drama, Romance","<a href=""https://www.imdb.com/title/tt2343793"" target=""_blank"">tt2343793</a>","<a href=""https://www.imdb.com/title/tt2343793"" target=""_blank"">Third Person</a>"
tt5121816,The Bar,2017,4621,6.3,30417,102,Álex de la Iglesia,"Jorge Guerricaechevarría, Álex de la Iglesia","Horror, Thriller","<a href=""https://www.imdb.com/title/tt5121816"" target=""_blank"">tt5121816</a>","<a href=""https://www.imdb.com/title/tt5121816"" target=""_blank"">The Bar</a>"
tt9000224,The Assistant,2019,4622,6.3,30001,87,Kitty Green,Kitty Green,Drama,"<a href=""https://www.imdb.com/title/tt9000224"" target=""_blank"">tt9000224</a>","<a href=""https://www.imdb.com/title/tt9000224"" target=""_blank"">The Assistant</a>"
tt2131532,Hidden,2015,4623,6.3,29996,84,"Matt Duffer, Ross Duffer","Matt Duffer, Ross Duffer","Horror, Sci-Fi, Thriller","<a href=""https://www.imdb.com/title/tt2131532"" target=""_blank"">tt2131532</a>","<a href=""https://www.imdb.com/title/tt2131532"" target=""_blank"">Hidden</a>"
tt11140488,The Wolf of Snow Hollow,2020,4624,6.2,29955,85,Jim Cummings,Jim Cummings,"Comedy, Horror, Mystery","<a href=""https://www.imdb.com/title/tt11140488"" target=""_blank"">tt11140488</a>","<a href=""https://www.imdb.com/title/tt11140488"" target=""_blank"">The Wolf of Snow Hollow</a>"
tt8337264,Chicken Run: Dawn of the Nugget,2023,4625,6.3,29851,98,"Sam Fell, Jeff Newitt","Karey Kirkpatrick, John O'Farrell, Rachel Tunnard, Mark Burton, Holly Walsh, Lynn Ferguson, Ben Willbond, Laurence Rickard, David Bowers, Peter Peake","Adventure, Animation, Comedy","<a href=""https://www.imdb.com/title/tt8337264"" target=""_blank"">tt8337264</a>","<a href=""https://www.imdb.com/title/tt8337264"" target=""_blank"">Chicken Run: Dawn of the Nugget</a>"
tt0089017,Desperately Seeking Susan,1985,4626,6.2,29571,104,Susan Seidelman,Leora Barish,"Comedy, Drama","<a href=""https://www.imdb.com/title/tt0089017"" target=""_blank"">tt0089017</a>","<a href=""https://www.imdb.com/title/tt0089017"" target=""_blank"">Desperately Seeking Susan</a>"
tt3335606,Berlin Syndrome,2017,4627,6.3,29543,116,Cate Shortland,"Shaun Grant, Melanie Joosten, Cate Shortland","Drama, Horror, Mystery","<a href=""https://www.imdb.com/title/tt3335606"" target=""_blank"">tt3335606</a>","<a href=""https://www.imdb.com/title/tt3335606"" target=""_blank"">Berlin Syndrome</a>"
tt18272208,Here,2024,4628,6.3,29478,104,Robert Zemeckis,"Eric Roth, Robert Zemeckis, Richard McGuire",Drama,"<a href=""https://www.imdb.com/title/tt18272208"" target=""_blank"">tt18272208</a>","<a href=""https://www.imdb.com/title/tt18272208"" target=""_blank"">Here</a>"
tt27995594,Munjya,2024,4629,6.3,29215,123,Aditya Sarpotdar,"Niren Bhatt, Yogesh Chandekar, Tushar Ajgaonkar","Comedy, Horror","<a href=""https://www.imdb.com/title/tt27995594"" target=""_blank"">tt27995594</a>","<a href=""https://www.imdb.com/title/tt27995594"" target=""_blank"">Munjya</a>"
tt0116130,Down Periscope,1996,4630,6.2,29213,92,David S. Ward,"Hugh Wilson, Andrew Kurtzman, Eliot Wald",Comedy,"<a href=""https://www.imdb.com/title/tt0116130"" target=""_blank"">tt0116130</a>","<a href=""https://www.imdb.com/title/tt0116130"" target=""_blank"">Down Periscope</a>"
tt0117979,The Truth About Cats & Dogs,1996,4631,6.3,29135,97,Michael Lehmann,Audrey Wells,"Comedy, Romance","<a href=""https://www.imdb.com/title/tt0117979"" target=""_blank"">tt0117979</a>","<a href=""https://www.imdb.com/title/tt0117979"" target=""_blank"">The Truth About Cats & Dogs</a>"
tt10309902,Chehre,2021,4632,6.2,29103,139,Rumi Jaffery,"Rumi Jaffery, Ranjit Kapoor","Drama, Mystery, Thriller","<a href=""https://www.imdb.com/title/tt10309902"" target=""_blank"">tt10309902</a>","<a href=""https://www.imdb.com/title/tt10309902"" target=""_blank"">Chehre</a>"
tt0104452,Housesitter,1992,4633,6.2,29036,102,Frank Oz,"Mark Stein, Brian Grazer","Comedy, Romance","<a href=""https://www.imdb.com/title/tt0104452"" target=""_blank"">tt0104452</a>","<a href=""https://www.imdb.com/title/tt0104452"" target=""_blank"">Housesitter</a>"
tt0120533,Celebrity,1998,4634,6.3,28926,113,Woody Allen,Woody Allen,"Comedy, Drama","<a href=""https://www.imdb.com/title/tt0120533"" target=""_blank"">tt0120533</a>","<a href=""https://www.imdb.com/title/tt0120533"" target=""_blank"">Celebrity</a>"
tt0082782,My Bloody Valentine,1981,4635,6.3,28493,90,George Mihalka,"Stephen A. Miller, John Beaird","Horror, Mystery, Thriller","<a href=""https://www.imdb.com/title/tt0082782"" target=""_blank"">tt0082782</a>","<a href=""https://www.imdb.com/title/tt0082782"" target=""_blank"">My Bloody Valentine</a>"
tt0110763,The Pagemaster,1994,4636,6.2,28339,75,Pixote Hunt,"David Kirschner, David Casci, Ernie Contreras","Adventure, Animation, Comedy","<a href=""https://www.imdb.com/title/tt0110763"" target=""_blank"">tt0110763</a>","<a href=""https://www.imdb.com/title/tt0110763"" target=""_blank"">The Pagemaster</a>"
tt8542964,Sleeping Dogs,2024,4637,6.2,28166,110,Adam Cooper,"Adam Cooper, Bill Collage, E.O. Chirovici","Crime, Mystery, Thriller","<a href=""https://www.imdb.com/title/tt8542964"" target=""_blank"">tt8542964</a>","<a href=""https://www.imdb.com/title/tt8542964"" target=""_blank"">Sleeping Dogs</a>"
tt1487118,Chalet Girl,2011,4638,6.3,28109,97,Phil Traill,Tom Williams,"Comedy, Romance, Sport","<a href=""https://www.imdb.com/title/tt1487118"" target=""_blank"">tt1487118</a>","<a href=""https://www.imdb.com/title/tt1487118"" target=""_blank"">Chalet Girl</a>"
tt1032751,The Warrior's Way,2010,4639,6.3,28081,100,Lee Seung-moo,"Scott Reynolds, Lee Seung-moo","Action, Drama, Fantasy","<a href=""https://www.imdb.com/title/tt1032751"" target=""_blank"">tt1032751</a>","<a href=""https://www.imdb.com/title/tt1032751"" target=""_blank"">The Warrior's Way</a>"
tt2309961,Afflicted,2013,4640,6.2,28035,85,"Derek Lee, Clif Prowse","Derek Lee, Clif Prowse","Horror, Mystery, Sci-Fi","<a href=""https://www.imdb.com/title/tt2309961"" target=""_blank"">tt2309961</a>","<a href=""https://www.imdb.com/title/tt2309961"" target=""_blank"">Afflicted</a>"
tt0110099,I.Q.,1994,4641,6.2,27994,100,Fred Schepisi,"Andy Breckman, Michael Leeson","Comedy, Romance","<a href=""https://www.imdb.com/title/tt0110099"" target=""_blank"">tt0110099</a>","<a href=""https://www.imdb.com/title/tt0110099"" target=""_blank"">I.Q.</a>"
tt3289724,Welcome to Marwen,2018,4642,6.2,27939,116,Robert Zemeckis,"Robert Zemeckis, Caroline Thompson","Biography, Comedy, Drama","<a href=""https://www.imdb.com/title/tt3289724"" target=""_blank"">tt3289724</a>","<a href=""https://www.imdb.com/title/tt3289724"" target=""_blank"">Welcome to Marwen</a>"
tt8075260,Someone Great,2019,4643,6.2,27899,92,Jennifer Kaytin Robinson,Jennifer Kaytin Robinson,"Comedy, Romance","<a href=""https://www.imdb.com/title/tt8075260"" target=""_blank"">tt8075260</a>","<a href=""https://www.imdb.com/title/tt8075260"" target=""_blank"">Someone Great</a>"
tt3068194,Love & Friendship,2016,4644,6.3,27897,90,Whit Stillman,"Whit Stillman, Jane Austen","Comedy, Drama, Romance","<a href=""https://www.imdb.com/title/tt3068194"" target=""_blank"">tt3068194</a>","<a href=""https://www.imdb.com/title/tt3068194"" target=""_blank"">Love & Friendship</a>"
tt14298328,Look Both Ways,2022,4645,6.3,27868,110,Wanuri Kahiu,April Prosser,"Comedy, Drama, Fantasy","<a href=""https://www.imdb.com/title/tt14298328"" target=""_blank"">tt14298328</a>","<a href=""https://www.imdb.com/title/tt14298328"" target=""_blank"">Look Both Ways</a>"
tt0099699,Green Card,1990,4646,6.3,27825,107,Peter Weir,Peter Weir,"Comedy, Drama, Romance","<a href=""https://www.imdb.com/title/tt0099699"" target=""_blank"">tt0099699</a>","<a href=""https://www.imdb.com/title/tt0099699"" target=""_blank"">Green Card</a>"
tt0083630,The Beastmaster,1982,4647,6.2,27694,118,Don Coscarelli,"Don Coscarelli, Paul Pepperman, Andre Norton","Action, Adventure, Fantasy","<a href=""https://www.imdb.com/title/tt0083630"" target=""_blank"">tt0083630</a>","<a href=""https://www.imdb.com/title/tt0083630"" target=""_blank"">The Beastmaster</a>"
tt3111426,Lost Girls,2020,4648,6.2,27614,95,Liz Garbus,"Michael Werwie, Robert Kolker","Crime, Drama, Mystery","<a href=""https://www.imdb.com/title/tt3111426"" target=""_blank"">tt3111426</a>","<a href=""https://www.imdb.com/title/tt3111426"" target=""_blank"">Lost Girls</a>"
tt0087799,Night of the Comet,1984,4649,6.3,27521,95,Thom Eberhardt,Thom Eberhardt,"Comedy, Horror, Sci-Fi","<a href=""https://www.imdb.com/title/tt0087799"" target=""_blank"">tt0087799</a>","<a href=""https://www.imdb.com/title/tt0087799"" target=""_blank"">Night of the Comet</a>"
tt7488208,Over the Moon,2020,4650,6.3,27499,95,"Glen Keane, John Kahrs","Audrey Wells, Jennifer Yee McDevitt, Alice Wu","Adventure, Animation, Comedy","<a href=""https://www.imdb.com/title/tt7488208"" target=""_blank"">tt7488208</a>","<a href=""https://www.imdb.com/title/tt7488208"" target=""_blank"">Over the Moon</a>"
tt2172985,The Art of the Steal,2013,4651,6.3,27431,90,Jonathan Sobol,Jonathan Sobol,"Comedy, Crime, Thriller","<a href=""https://www.imdb.com/title/tt2172985"" target=""_blank"">tt2172985</a>","<a href=""https://www.imdb.com/title/tt2172985"" target=""_blank"">The Art of the Steal</a>"
tt4703048,6 Days,2017,4652,6.2,27267,94,Toa Fraser,"Glenn Standring, Rusty Firmin","Action, Drama, History","<a href=""https://www.imdb.com/title/tt4703048"" target=""_blank"">tt4703048</a>","<a href=""https://www.imdb.com/title/tt4703048"" target=""_blank"">6 Days</a>"
tt8550054,Pleasure,2021,4653,6.3,27042,109,Ninja Thyberg,"Ninja Thyberg, Peter Modestij",Drama,"<a href=""https://www.imdb.com/title/tt8550054"" target=""_blank"">tt8550054</a>","<a href=""https://www.imdb.com/title/tt8550054"" target=""_blank"">Pleasure</a>"
tt0083722,Cat People,1982,4654,6.2,27042,118,Paul Schrader,"DeWitt Bodeen, Alan Ormsby, Paul Schrader","Fantasy, Horror, Thriller","<a href=""https://www.imdb.com/title/tt0083722"" target=""_blank"">tt0083722</a>","<a href=""https://www.imdb.com/title/tt0083722"" target=""_blank"">Cat People</a>"
tt8096832,Lady and the Tramp,2019,4655,6.2,26954,111,Charlie Bean,"Andrew Bujalski, Kari Granlund, Ward Greene, Erdman Penner, Joe Rinaldi, Ralph Wright, Don DaGradi","Adventure, Comedy, Family","<a href=""https://www.imdb.com/title/tt8096832"" target=""_blank"">tt8096832</a>","<a href=""https://www.imdb.com/title/tt8096832"" target=""_blank"">Lady and the Tramp</a>"
tt27552099,Mike & Nick & Nick & Alice,2026,4656,6.2,26880,107,BenDavid Grabinski,BenDavid Grabinski,"Action, Comedy, Crime","<a href=""https://www.imdb.com/title/tt27552099"" target=""_blank"">tt27552099</a>","<a href=""https://www.imdb.com/title/tt27552099"" target=""_blank"">Mike & Nick & Nick & Alice</a>"
tt0073705,Shivers,1975,4657,6.3,26626,88,David Cronenberg,David Cronenberg,"Horror, Sci-Fi","<a href=""https://www.imdb.com/title/tt0073705"" target=""_blank"">tt0073705</a>","<a href=""https://www.imdb.com/title/tt0073705"" target=""_blank"">Shivers</a>"
tt0112572,The Brady Bunch Movie,1995,4658,6.3,26576,90,Betty Thomas,"Sherwood Schwartz, Laurice Elehwany, Rick Copp, Bonnie Turner, Terry Turner",Comedy,"<a href=""https://www.imdb.com/title/tt0112572"" target=""_blank"">tt0112572</a>","<a href=""https://www.imdb.com/title/tt0112572"" target=""_blank"">The Brady Bunch Movie</a>"
tt0079540,Meatballs,1979,4659,6.2,26518,94,Ivan Reitman,"Len Blum, Daniel Goldberg, Janis Allen, Harold Ramis",Comedy,"<a href=""https://www.imdb.com/title/tt0079540"" target=""_blank"">tt0079540</a>","<a href=""https://www.imdb.com/title/tt0079540"" target=""_blank"">Meatballs</a>"
tt4805316,A Dark Song,2016,4660,6.2,26455,100,Liam Gavin,Liam Gavin,"Drama, Horror","<a href=""https://www.imdb.com/title/tt4805316"" target=""_blank"">tt4805316</a>","<a href=""https://www.imdb.com/title/tt4805316"" target=""_blank"">A Dark Song</a>"
tt2258345,Fading Gigolo,2013,4661,6.2,26379,90,John Turturro,John Turturro,"Comedy, Romance","<a href=""https://www.imdb.com/title/tt2258345"" target=""_blank"">tt2258345</a>","<a href=""https://www.imdb.com/title/tt2258345"" target=""_blank"">Fading Gigolo</a>"
tt0400525,The Ice Harvest,2005,4662,6.2,26069,92,Harold Ramis,"Richard Russo, Robert Benton, Scott Phillips","Comedy, Crime, Drama","<a href=""https://www.imdb.com/title/tt0400525"" target=""_blank"">tt0400525</a>","<a href=""https://www.imdb.com/title/tt0400525"" target=""_blank"">The Ice Harvest</a>"
tt2291540,My Friend Dahmer,2017,4663,6.2,26069,107,Marc Meyers,"Marc Meyers, John Backderf","Biography, Crime, Drama","<a href=""https://www.imdb.com/title/tt2291540"" target=""_blank"">tt2291540</a>","<a href=""https://www.imdb.com/title/tt2291540"" target=""_blank"">My Friend Dahmer</a>"
tt0211465,Knockaround Guys,2001,4664,6.1,25966,92,"Brian Koppelman, David Levien","Brian Koppelman, David Levien","Crime, Drama, Thriller","<a href=""https://www.imdb.com/title/tt0211465"" target=""_blank"">tt0211465</a>","<a href=""https://www.imdb.com/title/tt0211465"" target=""_blank"">Knockaround Guys</a>"
tt0804463,Devil's Knot,2013,4665,6.1,25911,114,Atom Egoyan,"Paul Harris Boardman, Scott Derrickson, Mara Leveritt","Biography, Crime, Drama","<a href=""https://www.imdb.com/title/tt0804463"" target=""_blank"">tt0804463</a>","<a href=""https://www.imdb.com/title/tt0804463"" target=""_blank"">Devil's Knot</a>"
tt0095188,Funny Farm,1988,4666,6.2,25831,101,George Roy Hill,"Jay Cronley, Jeffrey Boam",Comedy,"<a href=""https://www.imdb.com/title/tt0095188"" target=""_blank"">tt0095188</a>","<a href=""https://www.imdb.com/title/tt0095188"" target=""_blank"">Funny Farm</a>"
tt2004432,Wolf Creek 2,2013,4667,6.2,25743,106,Greg McLean,"Greg McLean, Aaron Sterns","Horror, Thriller","<a href=""https://www.imdb.com/title/tt2004432"" target=""_blank"">tt2004432</a>","<a href=""https://www.imdb.com/title/tt2004432"" target=""_blank"">Wolf Creek 2</a>"
tt4701724,Early Man,2018,4668,6.1,25653,89,Nick Park,"Mark Burton, James Higginson, Nick Park, John O'Farrell","Adventure, Animation, Comedy","<a href=""https://www.imdb.com/title/tt4701724"" target=""_blank"">tt4701724</a>","<a href=""https://www.imdb.com/title/tt4701724"" target=""_blank"">Early Man</a>"
tt0082118,The Burning,1981,4669,6.2,25633,91,Tony Maylam,"Harvey Weinstein, Tony Maylam, Brad Grey, Peter Lawrence, Bob Weinstein",Horror,"<a href=""https://www.imdb.com/title/tt0082118"" target=""_blank"">tt0082118</a>","<a href=""https://www.imdb.com/title/tt0082118"" target=""_blank"">The Burning</a>"
tt0102005,Harley Davidson and the Marlboro Man,1991,4670,6.1,25601,98,Simon Wincer,Don Michael Paul,"Action, Crime, Drama","<a href=""https://www.imdb.com/title/tt0102005"" target=""_blank"">tt0102005</a>","<a href=""https://www.imdb.com/title/tt0102005"" target=""_blank"">Harley Davidson and the Marlboro Man</a>"
tt0160399,Impostor,2001,4671,6.2,25593,95,Gary Fleder,"Philip K. Dick, Scott Rosenberg, Caroline Case, Ehren Kruger, David Twohy","Drama, Mystery, Sci-Fi","<a href=""https://www.imdb.com/title/tt0160399"" target=""_blank"">tt0160399</a>","<a href=""https://www.imdb.com/title/tt0160399"" target=""_blank"">Impostor</a>"
tt2513074,Billy Lynn's Long Halftime Walk,2016,4672,6.2,25494,113,Ang Lee,"Ben Fountain, Jean-Christophe Castelli","Action, Drama, Sport","<a href=""https://www.imdb.com/title/tt2513074"" target=""_blank"">tt2513074</a>","<a href=""https://www.imdb.com/title/tt2513074"" target=""_blank"">Billy Lynn's Long Halftime Walk</a>"
tt0098577,Vampire's Kiss,1988,4673,6.1,25397,103,Robert Bierman,Joseph Minion,"Comedy, Crime, Fantasy","<a href=""https://www.imdb.com/title/tt0098577"" target=""_blank"">tt0098577</a>","<a href=""https://www.imdb.com/title/tt0098577"" target=""_blank"">Vampire's Kiss</a>"
tt0449999,Kabhi Alvida Naa Kehna,2006,4674,6.1,25234,193,Karan Johar,"Karan Johar, Shibani Bathija, Niranjan Iyengar","Drama, Romance","<a href=""https://www.imdb.com/title/tt0449999"" target=""_blank"">tt0449999</a>","<a href=""https://www.imdb.com/title/tt0449999"" target=""_blank"">Kabhi Alvida Naa Kehna</a>"
tt1356864,I'm Still Here,2010,4675,6.1,25105,108,Casey Affleck,"Casey Affleck, Joaquin Phoenix","Comedy, Drama, Music","<a href=""https://www.imdb.com/title/tt1356864"" target=""_blank"">tt1356864</a>","<a href=""https://www.imdb.com/title/tt1356864"" target=""_blank"">I'm Still Here</a>"
tt0121765,Star Wars: Episode II - Attack of the Clones,2002,4676,6.6,832985,142,George Lucas,"George Lucas, Jonathan Hales","Action, Adventure, Fantasy","<a href=""https://www.imdb.com/title/tt0121765"" target=""_blank"">tt0121765</a>","<a href=""https://www.imdb.com/title/tt0121765"" target=""_blank"">Star Wars: Episode II - Attack of the Clones</a>"
tt1270797,Venom,2018,4677,6.6,618734,112,Ruben Fleischer,"Jeff Pinkner, Scott Rosenberg, Kelly Marcel, Todd McFarlane, David Michelinie","Action, Adventure, Sci-Fi","<a href=""https://www.imdb.com/title/tt1270797"" target=""_blank"">tt1270797</a>","<a href=""https://www.imdb.com/title/tt1270797"" target=""_blank"">Venom</a>"
tt1298650,Pirates of the Caribbean: On Stranger Tides,2011,4678,6.6,615705,136,Rob Marshall,"Ted Elliott, Terry Rossio, Stuart Beattie, Jay Wolpert, Tim Powers","Action, Adventure, Fantasy","<a href=""https://www.imdb.com/title/tt1298650"" target=""_blank"">tt1298650</a>","<a href=""https://www.imdb.com/title/tt1298650"" target=""_blank"">Pirates of the Caribbean: On Stranger Tides</a>"
tt1872181,The Amazing Spider-Man 2,2014,4679,6.6,610428,142,Marc Webb,"Alex Kurtzman, Roberto Orci, Jeff Pinkner, James Vanderbilt, Stan Lee, Steve Ditko","Action, Adventure, Sci-Fi","<a href=""https://www.imdb.com/title/tt1872181"" target=""_blank"">tt1872181</a>","<a href=""https://www.imdb.com/title/tt1872181"" target=""_blank"">The Amazing Spider-Man 2</a>"
tt0376994,X-Men: The Last Stand,2006,4680,6.6,581555,104,Brett Ratner,"Simon Kinberg, Zak Penn","Action, Adventure, Sci-Fi","<a href=""https://www.imdb.com/title/tt0376994"" target=""_blank"">tt0376994</a>","<a href=""https://www.imdb.com/title/tt0376994"" target=""_blank"">X-Men: The Last Stand</a>"
tt0800080,The Incredible Hulk,2008,4681,6.6,579391,112,Louis Leterrier,"Zak Penn, Stan Lee, Jack Kirby","Action, Sci-Fi","<a href=""https://www.imdb.com/title/tt0800080"" target=""_blank"">tt0800080</a>","<a href=""https://www.imdb.com/title/tt0800080"" target=""_blank"">The Incredible Hulk</a>"
tt1951265,The Hunger Games: Mockingjay - Part 1,2014,4682,6.6,555176,123,Francis Lawrence,"Peter Craig, Danny Strong, Suzanne Collins","Action, Adventure, Sci-Fi","<a href=""https://www.imdb.com/title/tt1951265"" target=""_blank"">tt1951265</a>","<a href=""https://www.imdb.com/title/tt1951265"" target=""_blank"">The Hunger Games: Mockingjay - Part 1</a>"
tt1840309,Divergent,2014,4683,6.6,523831,139,Neil Burger,"Evan Daugherty, Vanessa Taylor, Veronica Roth","Action, Adventure, Drama","<a href=""https://www.imdb.com/title/tt1840309"" target=""_blank"">tt1840309</a>","<a href=""https://www.imdb.com/title/tt1840309"" target=""_blank"">Divergent</a>"
tt0407304,War of the Worlds,2005,4684,6.6,515149,117,Steven Spielberg,"Josh Friedman, David Koepp, H.G. Wells","Action, Adventure, Sci-Fi","<a href=""https://www.imdb.com/title/tt0407304"" target=""_blank"">tt0407304</a>","<a href=""https://www.imdb.com/title/tt0407304"" target=""_blank"">War of the Worlds</a>"
tt1535108,Elysium,2013,4685,6.6,495831,109,Neill Blomkamp,Neill Blomkamp,"Action, Drama, Sci-Fi","<a href=""https://www.imdb.com/title/tt1535108"" target=""_blank"">tt1535108</a>","<a href=""https://www.imdb.com/title/tt1535108"" target=""_blank"">Elysium</a>"
tt3480822,Black Widow,2021,4686,6.6,491282,134,Cate Shortland,"Eric Pearson, Jac Schaeffer, Ned Benson","Action, Adventure, Sci-Fi","<a href=""https://www.imdb.com/title/tt3480822"" target=""_blank"">tt3480822</a>","<a href=""https://www.imdb.com/title/tt3480822"" target=""_blank"">Black Widow</a>"
tt0119567,The Lost World: Jurassic Park,1997,4687,6.6,484241,129,Steven Spielberg,"Michael Crichton, David Koepp","Action, Adventure, Sci-Fi","<a href=""https://www.imdb.com/title/tt0119567"" target=""_blank"">tt0119567</a>","<a href=""https://www.imdb.com/title/tt0119567"" target=""_blank"">The Lost World: Jurassic Park</a>"
tt1245492,This Is the End,2013,4688,6.6,459658,107,"Evan Goldberg, Seth Rogen","Seth Rogen, Evan Goldberg, Jason Stone","Comedy, Fantasy, Sci-Fi","<a href=""https://www.imdb.com/title/tt1245492"" target=""_blank"">tt1245492</a>","<a href=""https://www.imdb.com/title/tt1245492"" target=""_blank"">This Is the End</a>"
tt2737304,Bird Box,2018,4689,6.6,428378,124,Susanne Bier,"Eric Heisserer, Josh Malerman","Horror, Mystery, Sci-Fi","<a href=""https://www.imdb.com/title/tt2737304"" target=""_blank"">tt2737304</a>","<a href=""https://www.imdb.com/title/tt2737304"" target=""_blank"">Bird Box</a>"
tt1951266,The Hunger Games: Mockingjay - Part 2,2015,4690,6.6,422708,137,Francis Lawrence,"Peter Craig, Danny Strong, Suzanne Collins","Action, Adventure, Sci-Fi","<a href=""https://www.imdb.com/title/tt1951266"" target=""_blank"">tt1951266</a>","<a href=""https://www.imdb.com/title/tt1951266"" target=""_blank"">The Hunger Games: Mockingjay - Part 2</a>"
tt9114286,Black Panther: Wakanda Forever,2022,4691,6.6,403516,161,Ryan Coogler,"Ryan Coogler, Joe Robert Cole, Stan Lee, Jack Kirby","Action, Adventure, Drama","<a href=""https://www.imdb.com/title/tt9114286"" target=""_blank"">tt9114286</a>","<a href=""https://www.imdb.com/title/tt9114286"" target=""_blank"">Black Panther: Wakanda Forever</a>"
tt0386588,Hitch,2005,4692,6.6,352484,118,Andy Tennant,Kevin Bisch,"Comedy, Romance","<a href=""https://www.imdb.com/title/tt0386588"" target=""_blank"">tt0386588</a>","<a href=""https://www.imdb.com/title/tt0386588"" target=""_blank"">Hitch</a>"
tt1764651,The Expendables 2,2012,4693,6.6,336858,103,Simon West,"Richard Wenk, Sylvester Stallone, Ken Kaufman, David Agosto, Dave Callaham","Action, Adventure, Thriller","<a href=""https://www.imdb.com/title/tt1764651"" target=""_blank"">tt1764651</a>","<a href=""https://www.imdb.com/title/tt1764651"" target=""_blank"">The Expendables 2</a>"
tt4123430,Fantastic Beasts: The Crimes of Grindelwald,2018,4694,6.5,335745,134,David Yates,J.K. Rowling,"Adventure, Family, Fantasy","<a href=""https://www.imdb.com/title/tt4123430"" target=""_blank"">tt4123430</a>","<a href=""https://www.imdb.com/title/tt4123430"" target=""_blank"">Fantastic Beasts: The Crimes of Grindelwald</a>"
tt0251127,How to Lose a Guy in 10 Days,2003,4695,6.6,332217,116,Donald Petrie,"Michele Alexander, Jeannie Long, Kristen Buckley, Brian Regan, Burr Steers","Comedy, Romance","<a href=""https://www.imdb.com/title/tt0251127"" target=""_blank"">tt0251127</a>","<a href=""https://www.imdb.com/title/tt0251127"" target=""_blank"">How to Lose a Guy in 10 Days</a>"
tt1194173,The Bourne Legacy,2012,4696,6.6,330669,135,Tony Gilroy,"Tony Gilroy, Dan Gilroy, Robert Ludlum","Action, Adventure, Thriller","<a href=""https://www.imdb.com/title/tt1194173"" target=""_blank"">tt1194173</a>","<a href=""https://www.imdb.com/title/tt1194173"" target=""_blank"">The Bourne Legacy</a>"
tt7975244,Jumanji: The Next Level,2019,4697,6.6,326080,123,Jake Kasdan,"Jake Kasdan, Jeff Pinkner, Scott Rosenberg, Chris Van Allsburg","Action, Adventure, Comedy","<a href=""https://www.imdb.com/title/tt7975244"" target=""_blank"">tt7975244</a>","<a href=""https://www.imdb.com/title/tt7975244"" target=""_blank"">Jumanji: The Next Level</a>"
tt3402236,Murder on the Orient Express,2017,4698,6.5,325601,114,Kenneth Branagh,"Michael Green, Agatha Christie","Comedy, Crime, Drama","<a href=""https://www.imdb.com/title/tt3402236"" target=""_blank"">tt3402236</a>","<a href=""https://www.imdb.com/title/tt3402236"" target=""_blank"">Murder on the Orient Express</a>"
tt0185937,The Blair Witch Project,1999,4699,6.5,323759,81,"Daniel Myrick, Eduardo Sánchez","Daniel Myrick, Eduardo Sánchez, Heather Donahue","Horror, Mystery","<a href=""https://www.imdb.com/title/tt0185937"" target=""_blank"">tt0185937</a>","<a href=""https://www.imdb.com/title/tt0185937"" target=""_blank"">The Blair Witch Project</a>"
tt0196229,Zoolander,2001,4700,6.5,321280,90,Ben Stiller,"Drake Sather, Ben Stiller, John Hamburg",Comedy,"<a href=""https://www.imdb.com/title/tt0196229"" target=""_blank"">tt0196229</a>","<a href=""https://www.imdb.com/title/tt0196229"" target=""_blank"">Zoolander</a>"
tt0473075,Prince of Persia: The Sands of Time,2010,4701,6.5,320163,116,Mike Newell,"Boaz Yakin, Doug Miro, Carlo Bernard, Jordan Mechner","Action, Adventure, Fantasy","<a href=""https://www.imdb.com/title/tt0473075"" target=""_blank"">tt0473075</a>","<a href=""https://www.imdb.com/title/tt0473075"" target=""_blank"">Prince of Persia: The Sands of Time</a>"
tt0120804,Resident Evil,2002,4702,6.6,318175,100,Paul W.S. Anderson,Paul W.S. Anderson,"Action, Horror, Sci-Fi","<a href=""https://www.imdb.com/title/tt0120804"" target=""_blank"">tt0120804</a>","<a href=""https://www.imdb.com/title/tt0120804"" target=""_blank"">Resident Evil</a>"
tt0187078,Gone in 60 Seconds,2000,4703,6.5,313088,118,Dominic Sena,"H.B. Halicki, Scott Rosenberg","Action, Crime, Thriller","<a href=""https://www.imdb.com/title/tt0187078"" target=""_blank"">tt0187078</a>","<a href=""https://www.imdb.com/title/tt0187078"" target=""_blank"">Gone in 60 Seconds</a>"
tt0795421,Mamma Mia!,2008,4704,6.5,312866,108,Phyllida Lloyd,"Catherine Johnson, Melvin Frank, Sheldon Keller, Denis Norden","Comedy, Musical, Romance","<a href=""https://www.imdb.com/title/tt0795421"" target=""_blank"">tt0795421</a>","<a href=""https://www.imdb.com/title/tt0795421"" target=""_blank"">Mamma Mia!</a>"
tt2302755,Olympus Has Fallen,2013,4705,6.5,309346,119,Antoine Fuqua,"Creighton Rothenberger, Katrin Benedikt","Action, Thriller","<a href=""https://www.imdb.com/title/tt2302755"" target=""_blank"">tt2302755</a>","<a href=""https://www.imdb.com/title/tt2302755"" target=""_blank"">Olympus Has Fallen</a>"
tt6823368,Glass,2019,4706,6.6,308320,129,M. Night Shyamalan,M. Night Shyamalan,"Drama, Fantasy, Horror","<a href=""https://www.imdb.com/title/tt6823368"" target=""_blank"">tt6823368</a>","<a href=""https://www.imdb.com/title/tt6823368"" target=""_blank"">Glass</a>"
tt1650554,Kick-Ass 2,2013,4707,6.5,302434,103,Jeff Wadlow,"Jeff Wadlow, Mark Millar, John Romita Jr.","Action, Comedy, Crime","<a href=""https://www.imdb.com/title/tt1650554"" target=""_blank"">tt1650554</a>","<a href=""https://www.imdb.com/title/tt1650554"" target=""_blank"">Kick-Ass 2</a>"
tt0401729,John Carter,2012,4708,6.6,301584,132,Andrew Stanton,"Andrew Stanton, Mark Andrews, Michael Chabon, Edgar Rice Burroughs","Action, Adventure, Sci-Fi","<a href=""https://www.imdb.com/title/tt0401729"" target=""_blank"">tt0401729</a>","<a href=""https://www.imdb.com/title/tt0401729"" target=""_blank"">John Carter</a>"
tt0432348,Saw II,2005,4709,6.6,300671,93,Darren Lynn Bousman,"Leigh Whannell, Darren Lynn Bousman","Horror, Mystery","<a href=""https://www.imdb.com/title/tt0432348"" target=""_blank"">tt0432348</a>","<a href=""https://www.imdb.com/title/tt0432348"" target=""_blank"">Saw II</a>"
tt0368447,The Village,2004,4710,6.6,300083,108,M. Night Shyamalan,M. Night Shyamalan,"Drama, Mystery, Thriller","<a href=""https://www.imdb.com/title/tt0368447"" target=""_blank"">tt0368447</a>","<a href=""https://www.imdb.com/title/tt0368447"" target=""_blank"">The Village</a>"
tt0955308,Robin Hood,2010,4711,6.6,299294,140,Ridley Scott,"Brian Helgeland, Ethan Reiff, Cyrus Voris","Action, Adventure, Drama","<a href=""https://www.imdb.com/title/tt0955308"" target=""_blank"">tt0955308</a>","<a href=""https://www.imdb.com/title/tt0955308"" target=""_blank"">Robin Hood</a>"
tt2381941,Focus,2015,4712,6.6,297900,105,"Glenn Ficarra, John Requa","Glenn Ficarra, John Requa","Comedy, Crime, Drama","<a href=""https://www.imdb.com/title/tt2381941"" target=""_blank"">tt2381941</a>","<a href=""https://www.imdb.com/title/tt2381941"" target=""_blank"">Focus</a>"
tt0250494,Legally Blonde,2001,4713,6.5,294442,96,Robert Luketic,"Amanda Brown, Karen McCullah, Kirsten Smith","Comedy, Romance","<a href=""https://www.imdb.com/title/tt0250494"" target=""_blank"">tt0250494</a>","<a href=""https://www.imdb.com/title/tt0250494"" target=""_blank"">Legally Blonde</a>"
tt0172156,Bad Boys II,2003,4714,6.6,291296,147,Michael Bay,"George Gallo, Marianne Wibberley, Cormac Wibberley, Ron Shelton, Jerry Stahl","Action, Comedy, Crime","<a href=""https://www.imdb.com/title/tt0172156"" target=""_blank"">tt0172156</a>","<a href=""https://www.imdb.com/title/tt0172156"" target=""_blank"">Bad Boys II</a>"
tt0252866,American Pie 2,2001,4715,6.5,289750,108,J.B. Rogers,"Adam Herz, David H. Steinberg",Comedy,"<a href=""https://www.imdb.com/title/tt0252866"" target=""_blank"">tt0252866</a>","<a href=""https://www.imdb.com/title/tt0252866"" target=""_blank"">American Pie 2</a>"
tt2935510,Ad Astra,2019,4716,6.5,285182,123,James Gray,"James Gray, Ethan Gross","Adventure, Drama, Mystery","<a href=""https://www.imdb.com/title/tt2935510"" target=""_blank"">tt2935510</a>","<a href=""https://www.imdb.com/title/tt2935510"" target=""_blank"">Ad Astra</a>"
tt1649418,The Gray Man,2022,4717,6.5,279548,122,"Joe Russo, Anthony Russo","Joe Russo, Christopher Markus, Stephen McFeely, Mark Greaney","Action, Mystery, Thriller","<a href=""https://www.imdb.com/title/tt1649418"" target=""_blank"">tt1649418</a>","<a href=""https://www.imdb.com/title/tt1649418"" target=""_blank"">The Gray Man</a>"
tt0465234,National Treasure: Book of Secrets,2007,4718,6.5,269913,124,Jon Turteltaub,"Marianne Wibberley, Cormac Wibberley, Gregory Poirier, Ted Elliott, Terry Rossio, Jim Kouf, Oren Aviv, Charles Segars","Action, Adventure, Mystery","<a href=""https://www.imdb.com/title/tt0465234"" target=""_blank"">tt0465234</a>","<a href=""https://www.imdb.com/title/tt0465234"" target=""_blank"">National Treasure: Book of Secrets</a>"
tt0384537,Silent Hill,2006,4719,6.5,263888,125,Christophe Gans,Roger Avary,"Horror, Mystery","<a href=""https://www.imdb.com/title/tt0384537"" target=""_blank"">tt0384537</a>","<a href=""https://www.imdb.com/title/tt0384537"" target=""_blank"">Silent Hill</a>"
tt2229499,Don Jon,2013,4720,6.5,256569,90,Joseph Gordon-Levitt,Joseph Gordon-Levitt,"Comedy, Drama, Romance","<a href=""https://www.imdb.com/title/tt2229499"" target=""_blank"">tt2229499</a>","<a href=""https://www.imdb.com/title/tt2229499"" target=""_blank"">Don Jon</a>"
tt0142342,Big Daddy,1999,4721,6.5,254663,93,Dennis Dugan,"Steve Franks, Tim Herlihy, Adam Sandler","Comedy, Drama","<a href=""https://www.imdb.com/title/tt0142342"" target=""_blank"">tt0142342</a>","<a href=""https://www.imdb.com/title/tt0142342"" target=""_blank"">Big Daddy</a>"
tt15474916,Smile,2022,4722,6.5,250375,115,Parker Finn,Parker Finn,"Horror, Mystery, Thriller","<a href=""https://www.imdb.com/title/tt15474916"" target=""_blank"">tt15474916</a>","<a href=""https://www.imdb.com/title/tt15474916"" target=""_blank"">Smile</a>"
tt1667889,Ice Age: Continental Drift,2012,4723,6.5,246965,88,"Steve Martino, Michael Thurmeier","Michael Berg, Jason Fuchs, Lori Forte","Adventure, Animation, Comedy","<a href=""https://www.imdb.com/title/tt1667889"" target=""_blank"">tt1667889</a>","<a href=""https://www.imdb.com/title/tt1667889"" target=""_blank"">Ice Age: Continental Drift</a>"
tt0499448,The Chronicles of Narnia: Prince Caspian,2008,4724,6.5,242037,150,Andrew Adamson,"Andrew Adamson, Christopher Markus, Stephen McFeely, C.S. Lewis","Action, Adventure, Family","<a href=""https://www.imdb.com/title/tt0499448"" target=""_blank"">tt0499448</a>","<a href=""https://www.imdb.com/title/tt0499448"" target=""_blank"">The Chronicles of Narnia: Prince Caspian</a>"
tt0207201,What Women Want,2000,4725,6.5,241355,127,Nancy Meyers,"Josh Goldsmith, Cathy Yuspa, Diane Drake","Comedy, Fantasy, Romance","<a href=""https://www.imdb.com/title/tt0207201"" target=""_blank"">tt0207201</a>","<a href=""https://www.imdb.com/title/tt0207201"" target=""_blank"">What Women Want</a>"
tt0425061,Get Smart,2008,4726,6.5,240892,110,Peter Segal,"Tom J. Astle, Matt Ember, Mel Brooks, Buck Henry","Action, Adventure, Comedy","<a href=""https://www.imdb.com/title/tt0425061"" target=""_blank"">tt0425061</a>","<a href=""https://www.imdb.com/title/tt0425061"" target=""_blank"">Get Smart</a>"
tt2709768,The Secret Life of Pets,2016,4727,6.5,239594,86,Chris Renaud,"Cinco Paul, Ken Daurio, Brian Lynch","Adventure, Animation, Comedy","<a href=""https://www.imdb.com/title/tt2709768"" target=""_blank"">tt2709768</a>","<a href=""https://www.imdb.com/title/tt2709768"" target=""_blank"">The Secret Life of Pets</a>"
tt1462764,Indiana Jones and the Dial of Destiny,2023,4728,6.5,237513,154,James Mangold,"Jez Butterworth, John-Henry Butterworth, David Koepp, James Mangold, George Lucas, Philip Kaufman","Action, Adventure, Sci-Fi","<a href=""https://www.imdb.com/title/tt1462764"" target=""_blank"">tt1462764</a>","<a href=""https://www.imdb.com/title/tt1462764"" target=""_blank"">Indiana Jones and the Dial of Destiny</a>"
tt23468450,Longlegs,2024,4729,6.5,233936,101,Osgood Perkins,Osgood Perkins,"Crime, Horror, Mystery","<a href=""https://www.imdb.com/title/tt23468450"" target=""_blank"">tt23468450</a>","<a href=""https://www.imdb.com/title/tt23468450"" target=""_blank"">Longlegs</a>"
tt0117705,Space Jam,1996,4730,6.5,232419,88,Joe Pytka,"Leo Benvenuti, Steve Rudnick, Timothy Harris, Herschel Weingrod","Adventure, Animation, Comedy","<a href=""https://www.imdb.com/title/tt0117705"" target=""_blank"">tt0117705</a>","<a href=""https://www.imdb.com/title/tt0117705"" target=""_blank"">Space Jam</a>"
tt0870154,Jungle Cruise,2021,4731,6.5,230213,127,Jaume Collet-Serra,"Michael Green, Glenn Ficarra, John Requa, John Norville, Josh Goldstein","Action, Adventure, Comedy","<a href=""https://www.imdb.com/title/tt0870154"" target=""_blank"">tt0870154</a>","<a href=""https://www.imdb.com/title/tt0870154"" target=""_blank"">Jungle Cruise</a>"
tt13560574,X,2022,4732,6.5,230012,105,Ti West,Ti West,"Horror, Mystery, Thriller","<a href=""https://www.imdb.com/title/tt13560574"" target=""_blank"">tt13560574</a>","<a href=""https://www.imdb.com/title/tt13560574"" target=""_blank"">X</a>"
tt0363988,Secret Window,2004,4733,6.5,224075,96,David Koepp,"Stephen King, David Koepp","Drama, Mystery, Thriller","<a href=""https://www.imdb.com/title/tt0363988"" target=""_blank"">tt0363988</a>","<a href=""https://www.imdb.com/title/tt0363988"" target=""_blank"">Secret Window</a>"
tt0387808,Idiocracy,2006,4734,6.5,222505,84,Mike Judge,"Mike Judge, Etan Cohen","Adventure, Comedy, Sci-Fi","<a href=""https://www.imdb.com/title/tt0387808"" target=""_blank"">tt0387808</a>","<a href=""https://www.imdb.com/title/tt0387808"" target=""_blank"">Idiocracy</a>"
tt1288558,Evil Dead,2013,4735,6.5,219455,91,Fede Alvarez,"Fede Alvarez, Rodo Sayagues, Sam Raimi","Horror, Thriller","<a href=""https://www.imdb.com/title/tt1288558"" target=""_blank"">tt1288558</a>","<a href=""https://www.imdb.com/title/tt1288558"" target=""_blank"">Evil Dead</a>"
tt0120347,Tomorrow Never Dies,1997,4736,6.5,218022,119,Roger Spottiswoode,"Bruce Feirstein, Ian Fleming","Action, Adventure, Thriller","<a href=""https://www.imdb.com/title/tt0120347"" target=""_blank"">tt0120347</a>","<a href=""https://www.imdb.com/title/tt0120347"" target=""_blank"">Tomorrow Never Dies</a>"
tt3631112,The Girl on the Train,2016,4737,6.5,214223,112,Tate Taylor,"Erin Cressida Wilson, Paula Hawkins","Crime, Drama, Mystery","<a href=""https://www.imdb.com/title/tt3631112"" target=""_blank"">tt3631112</a>","<a href=""https://www.imdb.com/title/tt3631112"" target=""_blank"">The Girl on the Train</a>"
tt0244244,Swordfish,2001,4738,6.5,204823,99,Dominic Sena,Skip Woods,"Action, Crime, Thriller","<a href=""https://www.imdb.com/title/tt0244244"" target=""_blank"">tt0244244</a>","<a href=""https://www.imdb.com/title/tt0244244"" target=""_blank"">Swordfish</a>"
tt12584954,Twisters,2024,4739,6.5,201177,122,Lee Isaac Chung,"Mark L. Smith, Joseph Kosinski, Michael Crichton, Anne-Marie Martin","Action, Adventure, Thriller","<a href=""https://www.imdb.com/title/tt12584954"" target=""_blank"">tt12584954</a>","<a href=""https://www.imdb.com/title/tt12584954"" target=""_blank"">Twisters</a>"
tt5884052,Pokémon: Detective Pikachu,2019,4740,6.5,200156,104,Rob Letterman,"Dan Hernandez, Benji Samit, Rob Letterman, Derek Connolly, Nicole Perlman, Satoshi Tajiri, Ken Sugimori, Jun'ichi Masuda, Hiroyuki Jinnai","Adventure, Comedy, Family","<a href=""https://www.imdb.com/title/tt5884052"" target=""_blank"">tt5884052</a>","<a href=""https://www.imdb.com/title/tt5884052"" target=""_blank"">Pokémon: Detective Pikachu</a>"
tt1502397,Bad Boys for Life,2020,4741,6.5,199974,124,"Adil El Arbi, Bilall Fallah","Peter Craig, Joe Carnahan, Chris Bremner, George Gallo","Action, Comedy, Crime","<a href=""https://www.imdb.com/title/tt1502397"" target=""_blank"">tt1502397</a>","<a href=""https://www.imdb.com/title/tt1502397"" target=""_blank"">Bad Boys for Life</a>"
tt21382296,Carry-On,2024,4742,6.5,199575,119,Jaume Collet-Serra,T.J. Fixman,"Action, Crime, Thriller","<a href=""https://www.imdb.com/title/tt21382296"" target=""_blank"">tt21382296</a>","<a href=""https://www.imdb.com/title/tt21382296"" target=""_blank"">Carry-On</a>"
tt0089880,Rambo: First Blood Part II,1985,4743,6.5,198818,96,George P. Cosmatos,"David Morrell, Kevin Jarre, Sylvester Stallone, James Cameron","Action, Adventure, Thriller","<a href=""https://www.imdb.com/title/tt0089880"" target=""_blank"">tt0089880</a>","<a href=""https://www.imdb.com/title/tt0089880"" target=""_blank"">Rambo: First Blood Part II</a>"
tt3794354,Sonic the Hedgehog,2020,4744,6.5,197112,99,Jeff Fowler,"Pat Casey, Josh Miller, Yuji Naka, Naoto Ohshima, Hirokazu Yasuhara","Action, Adventure, Comedy","<a href=""https://www.imdb.com/title/tt3794354"" target=""_blank"">tt3794354</a>","<a href=""https://www.imdb.com/title/tt3794354"" target=""_blank"">Sonic the Hedgehog</a>"
tt0120744,The Man in the Iron Mask,1998,4745,6.5,192860,132,Randall Wallace,"Alexandre Dumas, Randall Wallace","Action, Adventure, Drama","<a href=""https://www.imdb.com/title/tt0120744"" target=""_blank"">tt0120744</a>","<a href=""https://www.imdb.com/title/tt0120744"" target=""_blank"">The Man in the Iron Mask</a>"
tt0215129,Road Trip,2000,4746,6.5,190618,93,Todd Phillips,"Todd Phillips, Scot Armstrong",Comedy,"<a href=""https://www.imdb.com/title/tt0215129"" target=""_blank"">tt0215129</a>","<a href=""https://www.imdb.com/title/tt0215129"" target=""_blank"">Road Trip</a>"
tt0177971,The Perfect Storm,2000,4747,6.5,190487,130,Wolfgang Petersen,"Sebastian Junger, William D. Wittliff","Action, Adventure, Drama","<a href=""https://www.imdb.com/title/tt0177971"" target=""_blank"">tt0177971</a>","<a href=""https://www.imdb.com/title/tt0177971"" target=""_blank"">The Perfect Storm</a>"
tt1502407,Halloween,2018,4748,6.5,189318,106,David Gordon Green,"John Carpenter, Debra Hill, Jeff Fradley, Danny McBride, David Gordon Green","Crime, Drama, Horror","<a href=""https://www.imdb.com/title/tt1502407"" target=""_blank"">tt1502407</a>","<a href=""https://www.imdb.com/title/tt1502407"" target=""_blank"">Halloween</a>"
tt1007028,Zack and Miri Make a Porno,2008,4749,6.5,187607,101,Kevin Smith,Kevin Smith,"Comedy, Romance","<a href=""https://www.imdb.com/title/tt1007028"" target=""_blank"">tt1007028</a>","<a href=""https://www.imdb.com/title/tt1007028"" target=""_blank"">Zack and Miri Make a Porno</a>"
tt0472399,The Mechanic,2011,4750,6.5,184799,93,Simon West,"Richard Wenk, Lewis John Carlino","Action, Crime, Thriller","<a href=""https://www.imdb.com/title/tt0472399"" target=""_blank"">tt0472399</a>","<a href=""https://www.imdb.com/title/tt0472399"" target=""_blank"">The Mechanic</a>"
tt0458481,Sin City: A Dame to Kill For,2014,4751,6.5,180215,102,"Frank Miller, Robert Rodriguez",Frank Miller,"Action, Crime, Thriller","<a href=""https://www.imdb.com/title/tt0458481"" target=""_blank"">tt0458481</a>","<a href=""https://www.imdb.com/title/tt0458481"" target=""_blank"">Sin City: A Dame to Kill For</a>"
tt0097523,"Honey, I Shrunk the Kids",1989,4752,6.5,179382,93,Joe Johnston,"Stuart Gordon, Brian Yuzna, Ed Naha, Tom Schulman","Adventure, Comedy, Family","<a href=""https://www.imdb.com/title/tt0097523"" target=""_blank"">tt0097523</a>","<a href=""https://www.imdb.com/title/tt0097523"" target=""_blank"">Honey, I Shrunk the Kids</a>"
tt13345606,Evil Dead Rise,2023,4753,6.5,178779,96,Lee Cronin,Lee Cronin,Horror,"<a href=""https://www.imdb.com/title/tt13345606"" target=""_blank"">tt13345606</a>","<a href=""https://www.imdb.com/title/tt13345606"" target=""_blank"">Evil Dead Rise</a>"
tt0834001,Underworld: Rise of the Lycans,2009,4754,6.5,176584,92,Patrick Tatopoulos,"Danny McBride, Dirk Blackman, Howard McCain, Len Wiseman, Robert Orr, Kevin Grevioux","Action, Fantasy, Thriller","<a href=""https://www.imdb.com/title/tt0834001"" target=""_blank"">tt0834001</a>","<a href=""https://www.imdb.com/title/tt0834001"" target=""_blank"">Underworld: Rise of the Lycans</a>"
tt0107362,Last Action Hero,1993,4755,6.5,175404,130,John McTiernan,"Zak Penn, Adam Leff, Shane Black, David Arnott","Action, Adventure, Comedy","<a href=""https://www.imdb.com/title/tt0107362"" target=""_blank"">tt0107362</a>","<a href=""https://www.imdb.com/title/tt0107362"" target=""_blank"">Last Action Hero</a>"
tt5140878,Annabelle: Creation,2017,4756,6.5,173547,109,David F. Sandberg,Gary Dauberman,"Horror, Mystery, Thriller","<a href=""https://www.imdb.com/title/tt5140878"" target=""_blank"">tt5140878</a>","<a href=""https://www.imdb.com/title/tt5140878"" target=""_blank"">Annabelle: Creation</a>"
tt0120587,Antz,1998,4757,6.5,172574,83,"Eric Darnell, Tim Johnson","Todd Alcott, Chris Weitz, Paul Weitz","Adventure, Animation, Comedy","<a href=""https://www.imdb.com/title/tt0120587"" target=""_blank"">tt0120587</a>","<a href=""https://www.imdb.com/title/tt0120587"" target=""_blank"">Antz</a>"
tt2554274,Crimson Peak,2015,4758,6.5,171495,119,Guillermo del Toro,"Guillermo del Toro, Matthew Robbins","Drama, Horror, Mystery","<a href=""https://www.imdb.com/title/tt2554274"" target=""_blank"">tt2554274</a>","<a href=""https://www.imdb.com/title/tt2554274"" target=""_blank"">Crimson Peak</a>"
tt2854926,Tag,2018,4759,6.5,164903,100,Jeff Tomsic,"Rob McKittrick, Mark Steilen, Russell Adams","Action, Comedy","<a href=""https://www.imdb.com/title/tt2854926"" target=""_blank"">tt2854926</a>","<a href=""https://www.imdb.com/title/tt2854926"" target=""_blank"">Tag</a>"
tt1488606,Triple Frontier,2019,4760,6.5,163994,125,J.C. Chandor,"Mark Boal, J.C. Chandor","Action, Adventure, Thriller","<a href=""https://www.imdb.com/title/tt1488606"" target=""_blank"">tt1488606</a>","<a href=""https://www.imdb.com/title/tt1488606"" target=""_blank"">Triple Frontier</a>"
tt1086772,Blended,2014,4761,6.5,160658,117,Frank Coraci,"Ivan Menchell, Clare Sera","Comedy, Romance","<a href=""https://www.imdb.com/title/tt1086772"" target=""_blank"">tt1086772</a>","<a href=""https://www.imdb.com/title/tt1086772"" target=""_blank"">Blended</a>"
tt0106582,Cliffhanger,1993,4762,6.5,150116,113,Renny Harlin,"John Long, Michael France, Sylvester Stallone","Action, Adventure, Thriller","<a href=""https://www.imdb.com/title/tt0106582"" target=""_blank"">tt0106582</a>","<a href=""https://www.imdb.com/title/tt0106582"" target=""_blank"">Cliffhanger</a>"
tt3531824,Nerve,2016,4763,6.5,148986,96,"Henry Joost, Ariel Schulman","Jessica Sharzer, Jeanne Ryan","Adventure, Crime, Drama","<a href=""https://www.imdb.com/title/tt3531824"" target=""_blank"">tt3531824</a>","<a href=""https://www.imdb.com/title/tt3531824"" target=""_blank"">Nerve</a>"
tt0481536,Harold & Kumar Escape from Guantanamo Bay,2008,4764,6.5,146910,102,"Jon Hurwitz, Hayden Schlossberg","Jon Hurwitz, Hayden Schlossberg","Adventure, Comedy","<a href=""https://www.imdb.com/title/tt0481536"" target=""_blank"">tt0481536</a>","<a href=""https://www.imdb.com/title/tt0481536"" target=""_blank"">Harold & Kumar Escape from Guantanamo Bay</a>"
tt1055292,Life as We Know It,2010,4765,6.5,146602,114,Greg Berlanti,"Ian Deitchman, Kristin Rusk Robinson","Comedy, Drama, Romance","<a href=""https://www.imdb.com/title/tt1055292"" target=""_blank"">tt1055292</a>","<a href=""https://www.imdb.com/title/tt1055292"" target=""_blank"">Life as We Know It</a>"
tt0870984,Antichrist,2009,4766,6.5,146440,108,Lars von Trier,Lars von Trier,"Drama, Horror, Thriller","<a href=""https://www.imdb.com/title/tt0870984"" target=""_blank"">tt0870984</a>","<a href=""https://www.imdb.com/title/tt0870984"" target=""_blank"">Antichrist</a>"
tt2312718,Homefront,2013,4767,6.5,145274,100,Gary Fleder,"Sylvester Stallone, Chuck Logan","Action, Crime, Thriller","<a href=""https://www.imdb.com/title/tt2312718"" target=""_blank"">tt2312718</a>","<a href=""https://www.imdb.com/title/tt2312718"" target=""_blank"">Homefront</a>"
tt22687790,A Haunting in Venice,2023,4768,6.5,144384,103,Kenneth Branagh,"Michael Green, Agatha Christie","Crime, Drama, Horror","<a href=""https://www.imdb.com/title/tt22687790"" target=""_blank"">tt22687790</a>","<a href=""https://www.imdb.com/title/tt22687790"" target=""_blank"">A Haunting in Venice</a>"
tt3748172,Gerald's Game,2017,4769,6.5,144296,103,Mike Flanagan,"Mike Flanagan, Jeff Howard, Stephen King","Drama, Horror, Thriller","<a href=""https://www.imdb.com/title/tt3748172"" target=""_blank"">tt3748172</a>","<a href=""https://www.imdb.com/title/tt3748172"" target=""_blank"">Gerald's Game</a>"
tt0455407,The Crazies,2010,4770,6.5,139251,101,Breck Eisner,"Scott Kosar, Ray Wright, George A. Romero",Horror,"<a href=""https://www.imdb.com/title/tt0455407"" target=""_blank"">tt0455407</a>","<a href=""https://www.imdb.com/title/tt0455407"" target=""_blank"">The Crazies</a>"
tt1616195,J. Edgar,2011,4771,6.5,139197,137,Clint Eastwood,Dustin Lance Black,"Biography, Drama, Romance","<a href=""https://www.imdb.com/title/tt1616195"" target=""_blank"">tt1616195</a>","<a href=""https://www.imdb.com/title/tt1616195"" target=""_blank"">J. Edgar</a>"
tt0462590,Step Up,2006,4772,6.5,135823,104,Anne Fletcher,"Duane Adler, Melissa Rosenberg","Crime, Drama, Music","<a href=""https://www.imdb.com/title/tt0462590"" target=""_blank"">tt0462590</a>","<a href=""https://www.imdb.com/title/tt0462590"" target=""_blank"">Step Up</a>"
tt0164184,The Sum of All Fears,2002,4773,6.5,135617,124,Phil Alden Robinson,"Tom Clancy, Paul Attanasio, Daniel Pyne","Action, Drama, Thriller","<a href=""https://www.imdb.com/title/tt0164184"" target=""_blank"">tt0164184</a>","<a href=""https://www.imdb.com/title/tt0164184"" target=""_blank"">The Sum of All Fears</a>"
tt14858658,Blink Twice,2024,4774,6.5,134875,102,Zoë Kravitz,"Zoë Kravitz, E.T. Feigenbaum","Mystery, Thriller","<a href=""https://www.imdb.com/title/tt14858658"" target=""_blank"">tt14858658</a>","<a href=""https://www.imdb.com/title/tt14858658"" target=""_blank"">Blink Twice</a>"
tt9243804,The Green Knight,2021,4775,6.5,134594,130,David Lowery,"David Lowery, The Gawain Poet","Adventure, Drama, Fantasy","<a href=""https://www.imdb.com/title/tt9243804"" target=""_blank"">tt9243804</a>","<a href=""https://www.imdb.com/title/tt9243804"" target=""_blank"">The Green Knight</a>"
tt0422720,Marie Antoinette,2006,4776,6.5,133964,123,Sofia Coppola,"Sofia Coppola, Antonia Fraser","Biography, Drama, History","<a href=""https://www.imdb.com/title/tt0422720"" target=""_blank"">tt0422720</a>","<a href=""https://www.imdb.com/title/tt0422720"" target=""_blank"">Marie Antoinette</a>"
tt0397101,The Skeleton Key,2005,4777,6.5,133827,104,Iain Softley,Ehren Kruger,"Drama, Horror, Mystery","<a href=""https://www.imdb.com/title/tt0397101"" target=""_blank"">tt0397101</a>","<a href=""https://www.imdb.com/title/tt0397101"" target=""_blank"">The Skeleton Key</a>"
tt0365907,A Walk Among the Tombstones,2014,4778,6.5,132560,114,Scott Frank,"Lawrence Block, Scott Frank","Action, Crime, Drama","<a href=""https://www.imdb.com/title/tt0365907"" target=""_blank"">tt0365907</a>","<a href=""https://www.imdb.com/title/tt0365907"" target=""_blank"">A Walk Among the Tombstones</a>"
tt0250687,Rat Race,2001,4779,6.5,131970,112,Jerry Zucker,Andy Breckman,"Action, Adventure, Comedy","<a href=""https://www.imdb.com/title/tt0250687"" target=""_blank"">tt0250687</a>","<a href=""https://www.imdb.com/title/tt0250687"" target=""_blank"">Rat Race</a>"
tt0110622,Naked Gun 33 1/3: The Final Insult,1994,4780,6.5,130034,83,Peter Segal,"Pat Proft, David Zucker, Robert LoCash, Jim Abrahams, Jerry Zucker","Comedy, Crime","<a href=""https://www.imdb.com/title/tt0110622"" target=""_blank"">tt0110622</a>","<a href=""https://www.imdb.com/title/tt0110622"" target=""_blank"">Naked Gun 33 1/3: The Final Insult</a>"
tt1656190,Safe,2012,4781,6.5,126044,94,Boaz Yakin,Boaz Yakin,"Action, Crime, Thriller","<a href=""https://www.imdb.com/title/tt1656190"" target=""_blank"">tt1656190</a>","<a href=""https://www.imdb.com/title/tt1656190"" target=""_blank"">Safe</a>"
tt0098084,Pet Sematary,1989,4782,6.5,125824,103,Mary Lambert,Stephen King,"Fantasy, Horror, Thriller","<a href=""https://www.imdb.com/title/tt0098084"" target=""_blank"">tt0098084</a>","<a href=""https://www.imdb.com/title/tt0098084"" target=""_blank"">Pet Sematary</a>"
tt0066995,Diamonds Are Forever,1971,4783,6.5,124777,120,Guy Hamilton,"Richard Maibaum, Tom Mankiewicz, Ian Fleming","Action, Adventure, Thriller","<a href=""https://www.imdb.com/title/tt0066995"" target=""_blank"">tt0066995</a>","<a href=""https://www.imdb.com/title/tt0066995"" target=""_blank"">Diamonds Are Forever</a>"
tt27489557,Abigail,2024,4784,6.5,124584,109,"Matt Bettinelli-Olpin, Tyler Gillett","Stephen Shields, Guy Busick","Action, Comedy, Crime","<a href=""https://www.imdb.com/title/tt27489557"" target=""_blank"">tt27489557</a>","<a href=""https://www.imdb.com/title/tt27489557"" target=""_blank"">Abigail</a>"
tt2224026,Home,2015,4785,6.5,123238,94,Tim Johnson,"Tom J. Astle, Matt Ember, Adam Rex","Adventure, Animation, Comedy","<a href=""https://www.imdb.com/title/tt2224026"" target=""_blank"">tt2224026</a>","<a href=""https://www.imdb.com/title/tt2224026"" target=""_blank"">Home</a>"
tt1547234,Premium Rush,2012,4786,6.5,123212,91,David Koepp,"David Koepp, John Kamps","Action, Thriller","<a href=""https://www.imdb.com/title/tt1547234"" target=""_blank"">tt1547234</a>","<a href=""https://www.imdb.com/title/tt1547234"" target=""_blank"">Premium Rush</a>"
tt0115963,The Craft,1996,4787,6.5,121737,101,Andrew Fleming,"Peter Filardi, Andrew Fleming","Drama, Fantasy, Horror","<a href=""https://www.imdb.com/title/tt0115963"" target=""_blank"">tt0115963</a>","<a href=""https://www.imdb.com/title/tt0115963"" target=""_blank"">The Craft</a>"
tt0086034,Octopussy,1983,4788,6.5,121321,131,John Glen,"George MacDonald Fraser, Richard Maibaum, Michael G. Wilson, Ian Fleming","Action, Adventure, Thriller","<a href=""https://www.imdb.com/title/tt0086034"" target=""_blank"">tt0086034</a>","<a href=""https://www.imdb.com/title/tt0086034"" target=""_blank"">Octopussy</a>"
tt0099700,Gremlins 2: The New Batch,1990,4789,6.5,120587,106,Joe Dante,"Charles S. Haas, Chris Columbus","Comedy, Fantasy, Horror","<a href=""https://www.imdb.com/title/tt0099700"" target=""_blank"">tt0099700</a>","<a href=""https://www.imdb.com/title/tt0099700"" target=""_blank"">Gremlins 2: The New Batch</a>"
tt12412888,Sonic the Hedgehog 2,2022,4790,6.5,119909,122,Jeff Fowler,"Pat Casey, Josh Miller, John Whittington","Action, Adventure, Comedy","<a href=""https://www.imdb.com/title/tt12412888"" target=""_blank"">tt12412888</a>","<a href=""https://www.imdb.com/title/tt12412888"" target=""_blank"">Sonic the Hedgehog 2</a>"
tt1216492,Leap Year,2010,4791,6.5,117591,100,Anand Tucker,"Deborah Kaplan, Harry Elfont","Comedy, Romance","<a href=""https://www.imdb.com/title/tt1216492"" target=""_blank"">tt1216492</a>","<a href=""https://www.imdb.com/title/tt1216492"" target=""_blank"">Leap Year</a>"
tt0118689,Bean,1997,4792,6.5,117563,89,Mel Smith,"Rowan Atkinson, Richard Curtis, Robin Driscoll","Adventure, Comedy, Family","<a href=""https://www.imdb.com/title/tt0118689"" target=""_blank"">tt0118689</a>","<a href=""https://www.imdb.com/title/tt0118689"" target=""_blank"">Bean</a>"
tt4332232,Fractured,2019,4793,6.5,117302,99,Brad Anderson,Alan B. McElroy,"Drama, Mystery, Thriller","<a href=""https://www.imdb.com/title/tt4332232"" target=""_blank"">tt4332232</a>","<a href=""https://www.imdb.com/title/tt4332232"" target=""_blank"">Fractured</a>"
tt4919268,Bad Boys: Ride or Die,2024,4794,6.5,117017,115,"Adil El Arbi, Bilall Fallah","Chris Bremner, Will Beall, George Gallo","Action, Adventure, Comedy","<a href=""https://www.imdb.com/title/tt4919268"" target=""_blank"">tt4919268</a>","<a href=""https://www.imdb.com/title/tt4919268"" target=""_blank"">Bad Boys: Ride or Die</a>"
tt0340163,Hostage,2005,4795,6.5,116934,113,Florent-Emilio Siri,"Robert Crais, Doug Richardson","Action, Crime, Drama","<a href=""https://www.imdb.com/title/tt0340163"" target=""_blank"">tt0340163</a>","<a href=""https://www.imdb.com/title/tt0340163"" target=""_blank"">Hostage</a>"
tt0892318,Letters to Juliet,2010,4796,6.5,115899,105,Gary Winick,"Jose Rivera, Tim Sullivan","Adventure, Comedy, Drama","<a href=""https://www.imdb.com/title/tt0892318"" target=""_blank"">tt0892318</a>","<a href=""https://www.imdb.com/title/tt0892318"" target=""_blank"">Letters to Juliet</a>"
tt0114214,The Quick and the Dead,1995,4797,6.5,115145,108,Sam Raimi,Simon Moore,"Action, Drama, Romance","<a href=""https://www.imdb.com/title/tt0114214"" target=""_blank"">tt0114214</a>","<a href=""https://www.imdb.com/title/tt0114214"" target=""_blank"">The Quick and the Dead</a>"
tt0865556,The Forbidden Kingdom,2008,4798,6.5,114201,104,Rob Minkoff,John Fusco,"Action, Adventure, Fantasy","<a href=""https://www.imdb.com/title/tt0865556"" target=""_blank"">tt0865556</a>","<a href=""https://www.imdb.com/title/tt0865556"" target=""_blank"">The Forbidden Kingdom</a>"
tt0082495,Halloween II,1981,4799,6.5,114036,92,Rick Rosenthal,"John Carpenter, Debra Hill",Horror,"<a href=""https://www.imdb.com/title/tt0082495"" target=""_blank"">tt0082495</a>","<a href=""https://www.imdb.com/title/tt0082495"" target=""_blank"">Halloween II</a>"
tt2241351,Money Monster,2016,4800,6.5,113028,98,Jodie Foster,"Jamie Linden, Alan DiFiore, Jim Kouf","Action, Crime, Drama","<a href=""https://www.imdb.com/title/tt2241351"" target=""_blank"">tt2241351</a>","<a href=""https://www.imdb.com/title/tt2241351"" target=""_blank"">Money Monster</a>"
tt7939766,I'm Thinking of Ending Things,2020,4801,6.5,112443,134,Charlie Kaufman,"Charlie Kaufman, Iain Reid","Drama, Thriller","<a href=""https://www.imdb.com/title/tt7939766"" target=""_blank"">tt7939766</a>","<a href=""https://www.imdb.com/title/tt7939766"" target=""_blank"">I'm Thinking of Ending Things</a>"
tt0758766,Music and Lyrics,2007,4802,6.5,112212,104,Marc Lawrence,Marc Lawrence,"Comedy, Music, Romance","<a href=""https://www.imdb.com/title/tt0758766"" target=""_blank"">tt0758766</a>","<a href=""https://www.imdb.com/title/tt0758766"" target=""_blank"">Music and Lyrics</a>"
tt0808279,Funny Games,2007,4803,6.5,111397,111,Michael Haneke,Michael Haneke,"Crime, Drama, Thriller","<a href=""https://www.imdb.com/title/tt0808279"" target=""_blank"">tt0808279</a>","<a href=""https://www.imdb.com/title/tt0808279"" target=""_blank"">Funny Games</a>"
tt8580274,Eurovision Song Contest: The Story of Fire Saga,2020,4804,6.5,110805,123,David Dobkin,"Will Ferrell, Harper Steele","Comedy, Music","<a href=""https://www.imdb.com/title/tt8580274"" target=""_blank"">tt8580274</a>","<a href=""https://www.imdb.com/title/tt8580274"" target=""_blank"">Eurovision Song Contest: The Story of Fire Saga</a>"
tt0416236,The Spiderwick Chronicles,2008,4805,6.5,110347,96,Mark Waters,"Karey Kirkpatrick, David Berenbaum, John Sayles, Tony DiTerlizzi, Holly Black","Action, Adventure, Drama","<a href=""https://www.imdb.com/title/tt0416236"" target=""_blank"">tt0416236</a>","<a href=""https://www.imdb.com/title/tt0416236"" target=""_blank"">The Spiderwick Chronicles</a>"
tt0337921,Cellular,2004,4806,6.5,110346,94,David R. Ellis,"Larry Cohen, Chris Morgan","Action, Crime, Thriller","<a href=""https://www.imdb.com/title/tt0337921"" target=""_blank"">tt0337921</a>","<a href=""https://www.imdb.com/title/tt0337921"" target=""_blank"">Cellular</a>"
tt5113044,Minions: The Rise of Gru,2022,4807,6.5,109690,87,"Kyle Balda, Brad Ableson, Jonathan del Val","Matthew Fogel, Brian Lynch","Adventure, Animation, Comedy","<a href=""https://www.imdb.com/title/tt5113044"" target=""_blank"">tt5113044</a>","<a href=""https://www.imdb.com/title/tt5113044"" target=""_blank"">Minions: The Rise of Gru</a>"
tt0844708,The Last House on the Left,2009,4808,6.5,109580,113,Dennis Iliadis,"Adam Alleca, Carl Ellsworth, Wes Craven","Horror, Thriller","<a href=""https://www.imdb.com/title/tt0844708"" target=""_blank"">tt0844708</a>","<a href=""https://www.imdb.com/title/tt0844708"" target=""_blank"">The Last House on the Left</a>"
tt2140379,Self/less,2015,4809,6.5,108797,117,Tarsem Singh,"Àlex Pastor, David Pastor","Action, Mystery, Sci-Fi","<a href=""https://www.imdb.com/title/tt2140379"" target=""_blank"">tt2140379</a>","<a href=""https://www.imdb.com/title/tt2140379"" target=""_blank"">Self/less</a>"
tt14257582,Wolfs,2024,4810,6.5,108585,108,Jon Watts,Jon Watts,"Action, Comedy, Crime","<a href=""https://www.imdb.com/title/tt14257582"" target=""_blank"">tt14257582</a>","<a href=""https://www.imdb.com/title/tt14257582"" target=""_blank"">Wolfs</a>"
tt1666801,The DUFF,2015,4811,6.4,108202,101,Ari Sandel,"Josh A. Cagan, Kody Keplinger","Comedy, Romance","<a href=""https://www.imdb.com/title/tt1666801"" target=""_blank"">tt1666801</a>","<a href=""https://www.imdb.com/title/tt1666801"" target=""_blank"">The DUFF</a>"
tt8623904,Last Christmas,2019,4812,6.5,107325,103,Paul Feig,"George Michael, Emma Thompson, Greg Wise, Bryony Kimmings","Comedy, Drama, Fantasy","<a href=""https://www.imdb.com/title/tt8623904"" target=""_blank"">tt8623904</a>","<a href=""https://www.imdb.com/title/tt8623904"" target=""_blank"">Last Christmas</a>"
tt5884796,Plane,2023,4813,6.5,105791,107,Jean-François Richet,"Charles Cumming, J.P. Davis","Action, Adventure, Drama","<a href=""https://www.imdb.com/title/tt5884796"" target=""_blank"">tt5884796</a>","<a href=""https://www.imdb.com/title/tt5884796"" target=""_blank"">Plane</a>"
tt0116136,DragonHeart,1996,4814,6.4,105598,103,Rob Cohen,"Patrick Read Johnson, Charles Edward Pogue","Action, Adventure, Fantasy","<a href=""https://www.imdb.com/title/tt0116136"" target=""_blank"">tt0116136</a>","<a href=""https://www.imdb.com/title/tt0116136"" target=""_blank"">DragonHeart</a>"
tt0164334,Along Came a Spider,2001,4815,6.4,105254,104,Lee Tamahori,"James Patterson, Marc Moss","Crime, Drama, Mystery","<a href=""https://www.imdb.com/title/tt0164334"" target=""_blank"">tt0164334</a>","<a href=""https://www.imdb.com/title/tt0164334"" target=""_blank"">Along Came a Spider</a>"
tt0963178,The International,2009,4816,6.5,104813,118,Tom Tykwer,Eric Warren Singer,"Action, Crime, Drama","<a href=""https://www.imdb.com/title/tt0963178"" target=""_blank"">tt0963178</a>","<a href=""https://www.imdb.com/title/tt0963178"" target=""_blank"">The International</a>"
tt0105690,Under Siege,1992,4817,6.5,104207,103,Andrew Davis,J.F. Lawton,"Action, Thriller","<a href=""https://www.imdb.com/title/tt0105690"" target=""_blank"">tt0105690</a>","<a href=""https://www.imdb.com/title/tt0105690"" target=""_blank"">Under Siege</a>"
tt0899043,The Amateur,2025,4818,6.5,103944,122,James Hawes,"Robert Littell, Ken Nolan, Gary Spinelli","Action, Thriller","<a href=""https://www.imdb.com/title/tt0899043"" target=""_blank"">tt0899043</a>","<a href=""https://www.imdb.com/title/tt0899043"" target=""_blank"">The Amateur</a>"
tt1679335,Trolls,2016,4819,6.4,102648,92,"Mike Mitchell, Walt Dohrn","Jonathan Aibel, Glenn Berger, Erica Rivinoja, Thomas Dam","Adventure, Animation, Comedy","<a href=""https://www.imdb.com/title/tt1679335"" target=""_blank"">tt1679335</a>","<a href=""https://www.imdb.com/title/tt1679335"" target=""_blank"">Trolls</a>"
tt0079945,Star Trek: The Motion Picture,1979,4820,6.4,102486,143,Robert Wise,"Harold Livingston, Alan Dean Foster, Gene Roddenberry","Adventure, Mystery, Sci-Fi","<a href=""https://www.imdb.com/title/tt0079945"" target=""_blank"">tt0079945</a>","<a href=""https://www.imdb.com/title/tt0079945"" target=""_blank"">Star Trek: The Motion Picture</a>"
tt3063516,Jackass Presents: Bad Grandpa,2013,4821,6.5,101506,92,Jeff Tremaine,"Johnny Knoxville, Spike Jonze, Jeff Tremaine, Fax Bahr, Adam Small",Comedy,"<a href=""https://www.imdb.com/title/tt3063516"" target=""_blank"">tt3063516</a>","<a href=""https://www.imdb.com/title/tt3063516"" target=""_blank"">Jackass Presents: Bad Grandpa</a>"
tt1126591,Burlesque,2010,4822,6.4,100350,119,Steve Antin,Steve Antin,"Drama, Music, Musical","<a href=""https://www.imdb.com/title/tt1126591"" target=""_blank"">tt1126591</a>","<a href=""https://www.imdb.com/title/tt1126591"" target=""_blank"">Burlesque</a>"
tt1648179,Here Comes the Boom,2012,4823,6.4,100207,105,Frank Coraci,"Allan Loeb, Kevin James, Rock Reuben","Action, Comedy, Sport","<a href=""https://www.imdb.com/title/tt1648179"" target=""_blank"">tt1648179</a>","<a href=""https://www.imdb.com/title/tt1648179"" target=""_blank"">Here Comes the Boom</a>"
tt6998518,Mandy,2018,4824,6.5,99875,121,Panos Cosmatos,"Panos Cosmatos, Aaron Stewart-Ahn, Casper Kelly","Action, Fantasy, Horror","<a href=""https://www.imdb.com/title/tt6998518"" target=""_blank"">tt6998518</a>","<a href=""https://www.imdb.com/title/tt6998518"" target=""_blank"">Mandy</a>"
tt13024674,Army of Thieves,2021,4825,6.4,99397,127,Matthias Schweighöfer,"Zack Snyder, Shay Hatten","Action, Comedy, Crime","<a href=""https://www.imdb.com/title/tt13024674"" target=""_blank"">tt13024674</a>","<a href=""https://www.imdb.com/title/tt13024674"" target=""_blank"">Army of Thieves</a>"
tt1212419,Hereafter,2010,4826,6.5,98950,129,Clint Eastwood,Peter Morgan,"Drama, Fantasy, Romance","<a href=""https://www.imdb.com/title/tt1212419"" target=""_blank"">tt1212419</a>","<a href=""https://www.imdb.com/title/tt1212419"" target=""_blank"">Hereafter</a>"
tt0799934,Be Kind Rewind,2008,4827,6.4,96881,102,Michel Gondry,Michel Gondry,Comedy,"<a href=""https://www.imdb.com/title/tt0799934"" target=""_blank"">tt0799934</a>","<a href=""https://www.imdb.com/title/tt0799934"" target=""_blank"">Be Kind Rewind</a>"
tt1135985,Sex Drive,2008,4828,6.5,96823,109,Sean Anders,"Sean Anders, John Morris, Andy Behrens","Comedy, Romance","<a href=""https://www.imdb.com/title/tt1135985"" target=""_blank"">tt1135985</a>","<a href=""https://www.imdb.com/title/tt1135985"" target=""_blank"">Sex Drive</a>"
tt0882977,Snitch,2013,4829,6.4,96563,112,Ric Roman Waugh,"Justin Haythe, Ric Roman Waugh","Action, Drama, Thriller","<a href=""https://www.imdb.com/title/tt0882977"" target=""_blank"">tt0882977</a>","<a href=""https://www.imdb.com/title/tt0882977"" target=""_blank"">Snitch</a>"
tt0439815,Slither,2006,4830,6.5,96287,96,James Gunn,James Gunn,"Comedy, Horror, Sci-Fi","<a href=""https://www.imdb.com/title/tt0439815"" target=""_blank"">tt0439815</a>","<a href=""https://www.imdb.com/title/tt0439815"" target=""_blank"">Slither</a>"
tt29603959,Novocaine,2025,4831,6.5,95963,110,"Dan Berk, Robert Olsen",Lars Jacobson,"Action, Comedy, Crime","<a href=""https://www.imdb.com/title/tt29603959"" target=""_blank"">tt29603959</a>","<a href=""https://www.imdb.com/title/tt29603959"" target=""_blank"">Novocaine</a>"
tt0035423,Kate & Leopold,2001,4832,6.4,94912,118,James Mangold,"Steven Rogers, James Mangold","Comedy, Fantasy, Romance","<a href=""https://www.imdb.com/title/tt0035423"" target=""_blank"">tt0035423</a>","<a href=""https://www.imdb.com/title/tt0035423"" target=""_blank"">Kate & Leopold</a>"
tt0181316,Blue Streak,1999,4833,6.4,94109,93,Les Mayfield,"Michael Berry, John Blumenthal, Stephen Carpenter","Action, Comedy, Crime","<a href=""https://www.imdb.com/title/tt0181316"" target=""_blank"">tt0181316</a>","<a href=""https://www.imdb.com/title/tt0181316"" target=""_blank"">Blue Streak</a>"
tt0371246,Spanglish,2004,4834,6.4,93485,131,James L. Brooks,James L. Brooks,"Comedy, Drama, Romance","<a href=""https://www.imdb.com/title/tt0371246"" target=""_blank"">tt0371246</a>","<a href=""https://www.imdb.com/title/tt0371246"" target=""_blank"">Spanglish</a>"
tt1637706,Our Idiot Brother,2011,4835,6.4,92861,90,Jesse Peretz,"Jesse Peretz, Evgenia Peretz, David Schisgall","Comedy, Drama","<a href=""https://www.imdb.com/title/tt1637706"" target=""_blank"">tt1637706</a>","<a href=""https://www.imdb.com/title/tt1637706"" target=""_blank"">Our Idiot Brother</a>"
tt1528071,Horns,2013,4836,6.4,92600,120,Alexandre Aja,"Keith Bunin, Joe Hill","Comedy, Fantasy, Horror","<a href=""https://www.imdb.com/title/tt1528071"" target=""_blank"">tt1528071</a>","<a href=""https://www.imdb.com/title/tt1528071"" target=""_blank"">Horns</a>"
tt1473832,Bridget Jones's Baby,2016,4837,6.4,92255,123,Sharon Maguire,"Helen Fielding, Dan Mazer, Emma Thompson","Comedy, Drama, Romance","<a href=""https://www.imdb.com/title/tt1473832"" target=""_blank"">tt1473832</a>","<a href=""https://www.imdb.com/title/tt1473832"" target=""_blank"">Bridget Jones's Baby</a>"
tt0265349,The Mothman Prophecies,2002,4838,6.4,91424,119,Mark Pellington,"Richard Hatem, John A. Keel","Drama, Horror, Mystery","<a href=""https://www.imdb.com/title/tt0265349"" target=""_blank"">tt0265349</a>","<a href=""https://www.imdb.com/title/tt0265349"" target=""_blank"">The Mothman Prophecies</a>"
tt3530002,The Night Before,2015,4839,6.4,90961,101,Jonathan Levine,"Jonathan Levine, Kyle Hunter, Ariel Shaffir, Evan Goldberg","Comedy, Fantasy","<a href=""https://www.imdb.com/title/tt3530002"" target=""_blank"">tt3530002</a>","<a href=""https://www.imdb.com/title/tt3530002"" target=""_blank"">The Night Before</a>"
tt1486192,The Raven,2012,4840,6.4,90717,110,James McTeigue,"Hannah Shakespeare, Ben Livingston","Crime, Drama, Mystery","<a href=""https://www.imdb.com/title/tt1486192"" target=""_blank"">tt1486192</a>","<a href=""https://www.imdb.com/title/tt1486192"" target=""_blank"">The Raven</a>"
tt2436386,Project Almanac,2015,4841,6.4,89506,106,Dean Israelite,"Jason Pagan, Andrew Deutschman","Drama, Mystery, Sci-Fi","<a href=""https://www.imdb.com/title/tt2436386"" target=""_blank"">tt2436386</a>","<a href=""https://www.imdb.com/title/tt2436386"" target=""_blank"">Project Almanac</a>"
tt2226597,The Mountain Between Us,2017,4842,6.4,89098,112,Hany Abu-Assad,"Chris Weitz, J. Mills Goodloe, Charles Martin","Drama, Thriller","<a href=""https://www.imdb.com/title/tt2226597"" target=""_blank"">tt2226597</a>","<a href=""https://www.imdb.com/title/tt2226597"" target=""_blank"">The Mountain Between Us</a>"
tt0253754,Star Trek: Nemesis,2002,4843,6.4,88705,116,Stuart Baird,"Gene Roddenberry, John Logan, Rick Berman, Brent Spiner","Action, Adventure, Sci-Fi","<a href=""https://www.imdb.com/title/tt0253754"" target=""_blank"">tt0253754</a>","<a href=""https://www.imdb.com/title/tt0253754"" target=""_blank"">Star Trek: Nemesis</a>"
tt3083016,Beverly Hills Cop: Axel F,2024,4844,6.4,88631,118,Mark Molloy,"Will Beall, Tom Gormican, Kevin Etten, Danilo Bach, Daniel Petrie Jr.","Action, Comedy, Crime","<a href=""https://www.imdb.com/title/tt3083016"" target=""_blank"">tt3083016</a>","<a href=""https://www.imdb.com/title/tt3083016"" target=""_blank"">Beverly Hills Cop: Axel F</a>"
tt0173840,Final Fantasy: The Spirits Within,2001,4845,6.4,86865,106,"Hironobu Sakaguchi, Motonori Sakakibara","Hironobu Sakaguchi, Al Reinert, Jeff Vintar, Jack Fletcher, B.L. Jurgens, Ramin Mebdy","Action, Adventure, Animation","<a href=""https://www.imdb.com/title/tt0173840"" target=""_blank"">tt0173840</a>","<a href=""https://www.imdb.com/title/tt0173840"" target=""_blank"">Final Fantasy: The Spirits Within</a>"
tt0481141,No Reservations,2007,4846,6.4,86367,104,Scott Hicks,"Carol Fuchs, Sandra Nettelbeck","Comedy, Drama, Romance","<a href=""https://www.imdb.com/title/tt0481141"" target=""_blank"">tt0481141</a>","<a href=""https://www.imdb.com/title/tt0481141"" target=""_blank"">No Reservations</a>"
tt0133952,The Siege,1998,4847,6.4,83957,116,Edward Zwick,"Lawrence Wright, Menno Meyjes, Edward Zwick","Action, Thriller","<a href=""https://www.imdb.com/title/tt0133952"" target=""_blank"">tt0133952</a>","<a href=""https://www.imdb.com/title/tt0133952"" target=""_blank"">The Siege</a>"
tt0120844,Star Trek: Insurrection,1998,4848,6.4,83924,103,Jonathan Frakes,"Gene Roddenberry, Rick Berman, Michael Piller","Action, Adventure, Sci-Fi","<a href=""https://www.imdb.com/title/tt0120844"" target=""_blank"">tt0120844</a>","<a href=""https://www.imdb.com/title/tt0120844"" target=""_blank"">Star Trek: Insurrection</a>"
tt10919380,Freaky,2020,4849,6.4,83413,102,Christopher Landon,"Michael Kennedy, Christopher Landon","Comedy, Horror, Thriller","<a href=""https://www.imdb.com/title/tt10919380"" target=""_blank"">tt10919380</a>","<a href=""https://www.imdb.com/title/tt10919380"" target=""_blank"">Freaky</a>"
tt1014763,Child 44,2015,4850,6.4,80393,137,Daniel Espinosa,"Richard Price, Tom Rob Smith","Crime, Drama, History","<a href=""https://www.imdb.com/title/tt1014763"" target=""_blank"">tt1014763</a>","<a href=""https://www.imdb.com/title/tt1014763"" target=""_blank"">Child 44</a>"
tt5113040,The Secret Life of Pets 2,2019,4851,6.4,80248,86,"Chris Renaud, Jonathan del Val",Brian Lynch,"Adventure, Animation, Comedy","<a href=""https://www.imdb.com/title/tt5113040"" target=""_blank"">tt5113040</a>","<a href=""https://www.imdb.com/title/tt5113040"" target=""_blank"">The Secret Life of Pets 2</a>"
tt2051879,Europa Report,2013,4852,6.4,80220,90,Sebastián Cordero,Philip Gelatt,"Drama, Mystery, Sci-Fi","<a href=""https://www.imdb.com/title/tt2051879"" target=""_blank"">tt2051879</a>","<a href=""https://www.imdb.com/title/tt2051879"" target=""_blank"">Europa Report</a>"
tt9731534,The Night House,2020,4853,6.4,80038,107,David Bruckner,"Ben Collins, Luke Piotrowski","Horror, Mystery, Thriller","<a href=""https://www.imdb.com/title/tt9731534"" target=""_blank"">tt9731534</a>","<a href=""https://www.imdb.com/title/tt9731534"" target=""_blank"">The Night House</a>"
tt0403702,Youth in Revolt,2009,4854,6.4,78401,90,Miguel Arteta,"Gustin Nash, C.D. Payne","Comedy, Drama, Romance","<a href=""https://www.imdb.com/title/tt0403702"" target=""_blank"">tt0403702</a>","<a href=""https://www.imdb.com/title/tt0403702"" target=""_blank"">Youth in Revolt</a>"
tt0099365,Darkman,1990,4855,6.4,75735,96,Sam Raimi,"Sam Raimi, Chuck Pfarrer, Ivan Raimi, Daniel Goldin, Joshua Goldin","Action, Sci-Fi, Thriller","<a href=""https://www.imdb.com/title/tt0099365"" target=""_blank"">tt0099365</a>","<a href=""https://www.imdb.com/title/tt0099365"" target=""_blank"">Darkman</a>"
tt1291570,Solace,2015,4856,6.4,75281,101,Afonso Poyart,"Sean Bailey, Ted Griffin","Crime, Drama, Mystery","<a href=""https://www.imdb.com/title/tt1291570"" target=""_blank"">tt1291570</a>","<a href=""https://www.imdb.com/title/tt1291570"" target=""_blank"">Solace</a>"
tt22408160,Kinds of Kindness,2024,4857,6.4,74557,164,Yorgos Lanthimos,"Yorgos Lanthimos, Efthimis Filippou","Comedy, Drama, Horror","<a href=""https://www.imdb.com/title/tt22408160"" target=""_blank"">tt22408160</a>","<a href=""https://www.imdb.com/title/tt22408160"" target=""_blank"">Kinds of Kindness</a>"
tt1591479,Act of Valor,2012,4858,6.4,74549,110,"Mike McCoy, Scott Waugh",Kurt Johnstad,"Action, Adventure, Thriller","<a href=""https://www.imdb.com/title/tt1591479"" target=""_blank"">tt1591479</a>","<a href=""https://www.imdb.com/title/tt1591479"" target=""_blank"">Act of Valor</a>"
tt0130623,Dinosaur,2000,4859,6.4,73864,82,"Eric Leighton, Ralph Zondag","John Harrison, Robert Nelson Jacobs, Walon Green, Thom Enriquez, Ralph Zondag, Shirley Pierce, Tamara Lusher","Adventure, Animation, Drama","<a href=""https://www.imdb.com/title/tt0130623"" target=""_blank"">tt0130623</a>","<a href=""https://www.imdb.com/title/tt0130623"" target=""_blank"">Dinosaur</a>"
tt0151137,The Messenger: The Story of Joan of Arc,1999,4860,6.4,73800,148,Luc Besson,"Andrew Birkin, Luc Besson","Adventure, Biography, Drama","<a href=""https://www.imdb.com/title/tt0151137"" target=""_blank"">tt0151137</a>","<a href=""https://www.imdb.com/title/tt0151137"" target=""_blank"">The Messenger: The Story of Joan of Arc</a>"
tt3155298,Luther: The Fallen Sun,2023,4861,6.4,73679,129,Jamie Payne,Neil Cross,"Action, Crime, Drama","<a href=""https://www.imdb.com/title/tt3155298"" target=""_blank"">tt3155298</a>","<a href=""https://www.imdb.com/title/tt3155298"" target=""_blank"">Luther: The Fallen Sun</a>"
tt0970411,City of Ember,2008,4862,6.4,73571,90,Gil Kenan,"Caroline Thompson, Jeanne Duprau","Adventure, Drama, Family","<a href=""https://www.imdb.com/title/tt0970411"" target=""_blank"">tt0970411</a>","<a href=""https://www.imdb.com/title/tt0970411"" target=""_blank"">City of Ember</a>"
tt2005374,The Frozen Ground,2013,4863,6.4,73392,105,Scott Walker,Scott Walker,"Biography, Crime, Drama","<a href=""https://www.imdb.com/title/tt2005374"" target=""_blank"">tt2005374</a>","<a href=""https://www.imdb.com/title/tt2005374"" target=""_blank"">The Frozen Ground</a>"
tt0115964,Crash,1996,4864,6.4,73114,100,David Cronenberg,"J.G. Ballard, David Cronenberg",Drama,"<a href=""https://www.imdb.com/title/tt0115964"" target=""_blank"">tt0115964</a>","<a href=""https://www.imdb.com/title/tt0115964"" target=""_blank"">Crash</a>"
tt13357520,Heads of State,2025,4865,6.4,72918,116,Ilya Naishuller,"Josh Appelbaum, André Nemec, Harrison Query","Action, Adventure, Comedy","<a href=""https://www.imdb.com/title/tt13357520"" target=""_blank"">tt13357520</a>","<a href=""https://www.imdb.com/title/tt13357520"" target=""_blank"">Heads of State</a>"
tt0455538,How to Lose Friends & Alienate People,2008,4866,6.4,72340,110,Robert B. Weide,"Peter Straughan, Toby Young","Biography, Comedy, Drama","<a href=""https://www.imdb.com/title/tt0455538"" target=""_blank"">tt0455538</a>","<a href=""https://www.imdb.com/title/tt0455538"" target=""_blank"">How to Lose Friends & Alienate People</a>"
tt2101341,Dead Man Down,2013,4867,6.4,72144,118,Niels Arden Oplev,J.H. Wyman,"Action, Adventure, Crime","<a href=""https://www.imdb.com/title/tt2101341"" target=""_blank"">tt2101341</a>","<a href=""https://www.imdb.com/title/tt2101341"" target=""_blank"">Dead Man Down</a>"
tt3647498,Blood Father,2016,4868,6.4,71348,88,Jean-François Richet,"Peter Craig, Andrea Berloff","Action, Crime, Drama","<a href=""https://www.imdb.com/title/tt3647498"" target=""_blank"">tt3647498</a>","<a href=""https://www.imdb.com/title/tt3647498"" target=""_blank"">Blood Father</a>"
tt0111686,New Nightmare,1994,4869,6.4,70557,112,Wes Craven,Wes Craven,"Fantasy, Horror, Mystery","<a href=""https://www.imdb.com/title/tt0111686"" target=""_blank"">tt0111686</a>","<a href=""https://www.imdb.com/title/tt0111686"" target=""_blank"">New Nightmare</a>"
tt0264395,Basic,2003,4870,6.4,70247,98,John McTiernan,James Vanderbilt,"Crime, Drama, Mystery","<a href=""https://www.imdb.com/title/tt0264395"" target=""_blank"">tt0264395</a>","<a href=""https://www.imdb.com/title/tt0264395"" target=""_blank"">Basic</a>"
tt0087985,Red Dawn,1984,4871,6.4,69707,114,John Milius,"Kevin Reynolds, John Milius","Action, Drama, Thriller","<a href=""https://www.imdb.com/title/tt0087985"" target=""_blank"">tt0087985</a>","<a href=""https://www.imdb.com/title/tt0087985"" target=""_blank"">Red Dawn</a>"
tt3758542,Ferrari,2023,4872,6.4,69467,130,Michael Mann,"Troy Kennedy Martin, Brock Yates","Biography, Drama, History","<a href=""https://www.imdb.com/title/tt3758542"" target=""_blank"">tt3758542</a>","<a href=""https://www.imdb.com/title/tt3758542"" target=""_blank"">Ferrari</a>"
tt0144214,The General's Daughter,1999,4873,6.4,69301,116,Simon West,"Nelson DeMille, Christopher Bertolini, William Goldman","Crime, Drama, Mystery","<a href=""https://www.imdb.com/title/tt0144214"" target=""_blank"">tt0144214</a>","<a href=""https://www.imdb.com/title/tt0144214"" target=""_blank"">The General's Daughter</a>"
tt11152168,IF,2024,4874,6.4,69178,104,John Krasinski,John Krasinski,"Comedy, Drama, Family","<a href=""https://www.imdb.com/title/tt11152168"" target=""_blank"">tt11152168</a>","<a href=""https://www.imdb.com/title/tt11152168"" target=""_blank"">IF</a>"
tt0360201,Wimbledon,2004,4875,6.4,68580,98,Richard Loncraine,"Adam Brooks, Jennifer Flackett, Mark Levin","Comedy, Romance, Sport","<a href=""https://www.imdb.com/title/tt0360201"" target=""_blank"">tt0360201</a>","<a href=""https://www.imdb.com/title/tt0360201"" target=""_blank"">Wimbledon</a>"
tt10944760,Titane,2021,4876,6.4,67918,108,Julia Ducournau,Julia Ducournau,"Drama, Horror, Sci-Fi","<a href=""https://www.imdb.com/title/tt10944760"" target=""_blank"">tt10944760</a>","<a href=""https://www.imdb.com/title/tt10944760"" target=""_blank"">Titane</a>"
tt0091541,The Money Pit,1986,4877,6.4,67863,90,Richard Benjamin,David Giler,Comedy,"<a href=""https://www.imdb.com/title/tt0091541"" target=""_blank"">tt0091541</a>","<a href=""https://www.imdb.com/title/tt0091541"" target=""_blank"">The Money Pit</a>"
tt0097659,Kickboxer,1989,4878,6.4,67447,97,"Mark DiSalle, David Worth","Mark DiSalle, Jean-Claude Van Damme, Glenn A. Bruce","Action, Sport, Thriller","<a href=""https://www.imdb.com/title/tt0097659"" target=""_blank"">tt0097659</a>","<a href=""https://www.imdb.com/title/tt0097659"" target=""_blank"">Kickboxer</a>"
tt6738136,Revenge,2017,4879,6.4,66931,108,Coralie Fargeat,Coralie Fargeat,"Action, Drama, Horror","<a href=""https://www.imdb.com/title/tt6738136"" target=""_blank"">tt6738136</a>","<a href=""https://www.imdb.com/title/tt6738136"" target=""_blank"">Revenge</a>"
tt16431870,The Family Plan,2023,4880,6.3,66877,118,Simon Cellan Jones,David Coggeshall,"Action, Comedy","<a href=""https://www.imdb.com/title/tt16431870"" target=""_blank"">tt16431870</a>","<a href=""https://www.imdb.com/title/tt16431870"" target=""_blank"">The Family Plan</a>"
tt4853102,Batman: The Killing Joke,2016,4881,6.4,66874,76,Sam Liu,"Brian Azzarello, Brian Bolland, Bob Kane, Bill Finger, Alan Moore, Jerry Robinson","Action, Animation, Crime","<a href=""https://www.imdb.com/title/tt4853102"" target=""_blank"">tt4853102</a>","<a href=""https://www.imdb.com/title/tt4853102"" target=""_blank"">Batman: The Killing Joke</a>"
tt1438254,Charlie St. Cloud,2010,4882,6.4,66843,99,Burr Steers,"Craig Pearce, Lewis Colick, Ben Sherwood","Drama, Fantasy, Romance","<a href=""https://www.imdb.com/title/tt1438254"" target=""_blank"">tt1438254</a>","<a href=""https://www.imdb.com/title/tt1438254"" target=""_blank"">Charlie St. Cloud</a>"
tt5592248,The Beguiled,2017,4883,6.3,66811,93,Sofia Coppola,"Sofia Coppola, Thomas Cullinan, Albert Maltz, Irene Kamp","Drama, History, Thriller","<a href=""https://www.imdb.com/title/tt5592248"" target=""_blank"">tt5592248</a>","<a href=""https://www.imdb.com/title/tt5592248"" target=""_blank"">The Beguiled</a>"
tt1588334,"Jeff, Who Lives at Home",2011,4884,6.4,66764,83,"Jay Duplass, Mark Duplass","Jay Duplass, Mark Duplass","Comedy, Drama","<a href=""https://www.imdb.com/title/tt1588334"" target=""_blank"">tt1588334</a>","<a href=""https://www.imdb.com/title/tt1588334"" target=""_blank"">Jeff, Who Lives at Home</a>"
tt2091935,Mr. Right,2015,4885,6.3,66452,95,Paco Cabezas,Max Landis,"Action, Comedy, Crime","<a href=""https://www.imdb.com/title/tt2091935"" target=""_blank"">tt2091935</a>","<a href=""https://www.imdb.com/title/tt2091935"" target=""_blank"">Mr. Right</a>"
tt1661382,Grudge Match,2013,4886,6.4,65566,113,Peter Segal,"Tim Kelleher, Rodney Rothman","Comedy, Drama, Sport","<a href=""https://www.imdb.com/title/tt1661382"" target=""_blank"">tt1661382</a>","<a href=""https://www.imdb.com/title/tt1661382"" target=""_blank"">Grudge Match</a>"
tt0108333,The Three Musketeers,1993,4887,6.4,65257,105,Stephen Herek,"Alexandre Dumas, David Loughery","Action, Adventure, Romance","<a href=""https://www.imdb.com/title/tt0108333"" target=""_blank"">tt0108333</a>","<a href=""https://www.imdb.com/title/tt0108333"" target=""_blank"">The Three Musketeers</a>"
tt0111742,Wolf,1994,4888,6.3,65170,125,Mike Nichols,"Jim Harrison, Wesley Strick","Drama, Horror, Romance","<a href=""https://www.imdb.com/title/tt0111742"" target=""_blank"">tt0111742</a>","<a href=""https://www.imdb.com/title/tt0111742"" target=""_blank"">Wolf</a>"
tt1850397,The Loft,2014,4889,6.3,64852,108,Erik Van Looy,"Bart De Pauw, Wesley Strick","Mystery, Romance, Thriller","<a href=""https://www.imdb.com/title/tt1850397"" target=""_blank"">tt1850397</a>","<a href=""https://www.imdb.com/title/tt1850397"" target=""_blank"">The Loft</a>"
tt0116287,Fear,1996,4890,6.3,64504,97,James Foley,Christopher Crowe,"Drama, Thriller","<a href=""https://www.imdb.com/title/tt0116287"" target=""_blank"">tt0116287</a>","<a href=""https://www.imdb.com/title/tt0116287"" target=""_blank"">Fear</a>"
tt0109836,Mary Shelley's Frankenstein,1994,4891,6.3,64469,123,Kenneth Branagh,"Mary Shelley, Steph Lady, Frank Darabont","Drama, Horror, Romance","<a href=""https://www.imdb.com/title/tt0109836"" target=""_blank"">tt0109836</a>","<a href=""https://www.imdb.com/title/tt0109836"" target=""_blank"">Mary Shelley's Frankenstein</a>"
tt2361317,Live by Night,2016,4892,6.4,62982,129,Ben Affleck,"Ben Affleck, Dennis Lehane","Action, Crime, Drama","<a href=""https://www.imdb.com/title/tt2361317"" target=""_blank"">tt2361317</a>","<a href=""https://www.imdb.com/title/tt2361317"" target=""_blank"">Live by Night</a>"
tt4463894,Shaft,2019,4893,6.4,62939,111,Tim Story,"Ernest Tidyman, Kenya Barris, Alex Barnow","Action, Comedy, Crime","<a href=""https://www.imdb.com/title/tt4463894"" target=""_blank"">tt4463894</a>","<a href=""https://www.imdb.com/title/tt4463894"" target=""_blank"">Shaft</a>"
tt0116830,Last Man Standing,1996,4894,6.4,62926,101,Walter Hill,"Ryûzô Kikushima, Akira Kurosawa, Walter Hill","Action, Crime, Drama","<a href=""https://www.imdb.com/title/tt0116830"" target=""_blank"">tt0116830</a>","<a href=""https://www.imdb.com/title/tt0116830"" target=""_blank"">Last Man Standing</a>"
tt12004038,Watcher,2022,4895,6.3,62885,96,Chloe Okuno,"Zack Ford, Chloe Okuno","Drama, Horror, Mystery","<a href=""https://www.imdb.com/title/tt12004038"" target=""_blank"">tt12004038</a>","<a href=""https://www.imdb.com/title/tt12004038"" target=""_blank"">Watcher</a>"
tt0125022,Heartbreakers,2001,4896,6.3,62794,123,David Mirkin,"Robert Dunn, Paul Guay, Stephen Mazur","Comedy, Crime, Romance","<a href=""https://www.imdb.com/title/tt0125022"" target=""_blank"">tt0125022</a>","<a href=""https://www.imdb.com/title/tt0125022"" target=""_blank"">Heartbreakers</a>"
tt0110366,The Little Rascals,1994,4897,6.4,62516,82,Penelope Spheeris,"Penelope Spheeris, Robert Wolterstorff, Mike Scott, Paul Guay, Stephen Mazur","Comedy, Family, Romance","<a href=""https://www.imdb.com/title/tt0110366"" target=""_blank"">tt0110366</a>","<a href=""https://www.imdb.com/title/tt0110366"" target=""_blank"">The Little Rascals</a>"
tt1727776,Scouts Guide to the Zombie Apocalypse,2015,4898,6.3,62462,93,Christopher Landon,"Carrie Lee Wilson, Emi Mochizuki, Christopher Landon, Lona Williams","Action, Comedy, Horror","<a href=""https://www.imdb.com/title/tt1727776"" target=""_blank"">tt1727776</a>","<a href=""https://www.imdb.com/title/tt1727776"" target=""_blank"">Scouts Guide to the Zombie Apocalypse</a>"
tt0095294,Hellbound: Hellraiser II,1988,4899,6.4,61884,97,Tony Randel,"Peter Atkins, Clive Barker","Horror, Thriller","<a href=""https://www.imdb.com/title/tt0095294"" target=""_blank"">tt0095294</a>","<a href=""https://www.imdb.com/title/tt0095294"" target=""_blank"">Hellbound: Hellraiser II</a>"
tt1322312,Going the Distance,2010,4900,6.3,61817,102,Nanette Burstein,Geoff LaTulippe,"Comedy, Romance","<a href=""https://www.imdb.com/title/tt1322312"" target=""_blank"">tt1322312</a>","<a href=""https://www.imdb.com/title/tt1322312"" target=""_blank"">Going the Distance</a>"
tt1691916,Before I Fall,2017,4901,6.4,61610,98,Ry Russo-Young,"Maria Maggenti, Lauren Oliver","Drama, Fantasy, Mystery","<a href=""https://www.imdb.com/title/tt1691916"" target=""_blank"">tt1691916</a>","<a href=""https://www.imdb.com/title/tt1691916"" target=""_blank"">Before I Fall</a>"
tt0109190,Baby's Day Out,1994,4902,6.3,61527,99,Patrick Read Johnson,John Hughes,"Adventure, Comedy, Crime","<a href=""https://www.imdb.com/title/tt0109190"" target=""_blank"">tt0109190</a>","<a href=""https://www.imdb.com/title/tt0109190"" target=""_blank"">Baby's Day Out</a>"
tt2328900,Mary Queen of Scots,2018,4903,6.3,61382,124,Josie Rourke,"Beau Willimon, John Guy","Biography, Drama, History","<a href=""https://www.imdb.com/title/tt2328900"" target=""_blank"">tt2328900</a>","<a href=""https://www.imdb.com/title/tt2328900"" target=""_blank"">Mary Queen of Scots</a>"
tt0228750,Proof of Life,2000,4904,6.3,61359,135,Taylor Hackford,"Tony Gilroy, William Prochnau, Thomas Hargrove","Action, Drama, Thriller","<a href=""https://www.imdb.com/title/tt0228750"" target=""_blank"">tt0228750</a>","<a href=""https://www.imdb.com/title/tt0228750"" target=""_blank"">Proof of Life</a>"
tt0402910,Chaos,2005,4905,6.4,61065,106,Tony Giglio,Tony Giglio,"Action, Crime, Drama","<a href=""https://www.imdb.com/title/tt0402910"" target=""_blank"">tt0402910</a>","<a href=""https://www.imdb.com/title/tt0402910"" target=""_blank"">Chaos</a>"
tt4595186,Luckiest Girl Alive,2022,4906,6.4,60979,113,Mike Barker,Jessica Knoll,"Drama, Mystery, Thriller","<a href=""https://www.imdb.com/title/tt4595186"" target=""_blank"">tt4595186</a>","<a href=""https://www.imdb.com/title/tt4595186"" target=""_blank"">Luckiest Girl Alive</a>"
tt0997152,The Experiment,2010,4907,6.4,60393,96,Paul T. Scheuring,"Paul T. Scheuring, Mario Giordano, Christoph Darnstädt, Don Bohlinger, Oliver Hirschbiegel","Drama, Thriller","<a href=""https://www.imdb.com/title/tt0997152"" target=""_blank"">tt0997152</a>","<a href=""https://www.imdb.com/title/tt0997152"" target=""_blank"">The Experiment</a>"
tt1800741,Step Up: Revolution,2012,4908,6.4,60370,99,Scott Speer,"Amanda Brody, Duane Adler","Drama, Music, Romance","<a href=""https://www.imdb.com/title/tt1800741"" target=""_blank"">tt1800741</a>","<a href=""https://www.imdb.com/title/tt1800741"" target=""_blank"">Step Up: Revolution</a>"
tt28037987,Saiyaara,2025,4909,6.3,60341,150,Mohit Suri,"Sankalp Sadanah, Rohan Shankar","Drama, Musical, Romance","<a href=""https://www.imdb.com/title/tt28037987"" target=""_blank"">tt28037987</a>","<a href=""https://www.imdb.com/title/tt28037987"" target=""_blank"">Saiyaara</a>"
tt1783232,Conquest 1453,2012,4910,6.4,60087,162,Faruk Aksoy,"Melih Esat Acil, Atilla Engin, Irfan Saruhan","Action, Drama, History","<a href=""https://www.imdb.com/title/tt1783232"" target=""_blank"">tt1783232</a>","<a href=""https://www.imdb.com/title/tt1783232"" target=""_blank"">Conquest 1453</a>"
tt1389096,Stand Up Guys,2012,4911,6.4,60052,95,Fisher Stevens,Noah Haidle,"Comedy, Crime, Thriller","<a href=""https://www.imdb.com/title/tt1389096"" target=""_blank"">tt1389096</a>","<a href=""https://www.imdb.com/title/tt1389096"" target=""_blank"">Stand Up Guys</a>"
tt3922818,The Space Between Us,2017,4912,6.4,59256,120,Peter Chelsom,"Allan Loeb, Stewart Schill, Richard Barton Lewis","Drama, Romance, Sci-Fi","<a href=""https://www.imdb.com/title/tt3922818"" target=""_blank"">tt3922818</a>","<a href=""https://www.imdb.com/title/tt3922818"" target=""_blank"">The Space Between Us</a>"
tt7139936,A Rainy Day in New York,2019,4913,6.4,59250,92,Woody Allen,Woody Allen,"Comedy, Romance","<a href=""https://www.imdb.com/title/tt7139936"" target=""_blank"">tt7139936</a>","<a href=""https://www.imdb.com/title/tt7139936"" target=""_blank"">A Rainy Day in New York</a>"
tt0120032,Romy and Michele's High School Reunion,1997,4914,6.4,58906,92,David Mirkin,Robin Schiff,Comedy,"<a href=""https://www.imdb.com/title/tt0120032"" target=""_blank"">tt0120032</a>","<a href=""https://www.imdb.com/title/tt0120032"" target=""_blank"">Romy and Michele's High School Reunion</a>"
tt5865326,The Laundromat,2019,4915,6.3,58753,96,Steven Soderbergh,"Jake Bernstein, Scott Z. Burns","Comedy, Crime, Drama","<a href=""https://www.imdb.com/title/tt5865326"" target=""_blank"">tt5865326</a>","<a href=""https://www.imdb.com/title/tt5865326"" target=""_blank"">The Laundromat</a>"
tt0251114,Hart's War,2002,4916,6.4,58276,125,Gregory Hoblit,"John Katzenbach, Billy Ray, Terry George","Drama, War","<a href=""https://www.imdb.com/title/tt0251114"" target=""_blank"">tt0251114</a>","<a href=""https://www.imdb.com/title/tt0251114"" target=""_blank"">Hart's War</a>"
tt13327038,Do Revenge,2022,4917,6.3,58227,118,Jennifer Kaytin Robinson,"Celeste Ballard, Jennifer Kaytin Robinson","Comedy, Drama, Romance","<a href=""https://www.imdb.com/title/tt13327038"" target=""_blank"">tt13327038</a>","<a href=""https://www.imdb.com/title/tt13327038"" target=""_blank"">Do Revenge</a>"
tt0385267,In Good Company,2004,4918,6.4,58197,109,Paul Weitz,Paul Weitz,"Comedy, Drama, Romance","<a href=""https://www.imdb.com/title/tt0385267"" target=""_blank"">tt0385267</a>","<a href=""https://www.imdb.com/title/tt0385267"" target=""_blank"">In Good Company</a>"
tt0810922,Take Me Home Tonight,2011,4919,6.3,58008,97,Michael Dowse,"Jackie Filgo, Jeff Filgo, Topher Grace, Gordon Kaywin","Comedy, Drama, Romance","<a href=""https://www.imdb.com/title/tt0810922"" target=""_blank"">tt0810922</a>","<a href=""https://www.imdb.com/title/tt0810922"" target=""_blank"">Take Me Home Tonight</a>"
tt5783956,When We First Met,2018,4920,6.4,57735,97,Ari Sandel,John Whittington,"Comedy, Fantasy, Romance","<a href=""https://www.imdb.com/title/tt5783956"" target=""_blank"">tt5783956</a>","<a href=""https://www.imdb.com/title/tt5783956"" target=""_blank"">When We First Met</a>"
tt10620868,#Alive,2020,4921,6.3,56582,98,Il Cho,"Il Cho, Matt Naylor","Action, Drama, Horror","<a href=""https://www.imdb.com/title/tt10620868"" target=""_blank"">tt10620868</a>","<a href=""https://www.imdb.com/title/tt10620868"" target=""_blank"">#Alive</a>"
tt1791682,While We're Young,2014,4922,6.3,56436,97,Noah Baumbach,"Noah Baumbach, Henrik Ibsen, Wallace Shawn","Comedy, Drama, Mystery","<a href=""https://www.imdb.com/title/tt1791682"" target=""_blank"">tt1791682</a>","<a href=""https://www.imdb.com/title/tt1791682"" target=""_blank"">While We're Young</a>"
tt1172994,The House of the Devil,2009,4923,6.3,56359,95,Ti West,Ti West,"Horror, Mystery","<a href=""https://www.imdb.com/title/tt1172994"" target=""_blank"">tt1172994</a>","<a href=""https://www.imdb.com/title/tt1172994"" target=""_blank"">The House of the Devil</a>"
tt0417217,Two for the Money,2005,4924,6.3,55501,122,D.J. Caruso,Dan Gilroy,"Crime, Drama, Sport","<a href=""https://www.imdb.com/title/tt0417217"" target=""_blank"">tt0417217</a>","<a href=""https://www.imdb.com/title/tt0417217"" target=""_blank"">Two for the Money</a>"
tt1741273,Secret in Their Eyes,2015,4925,6.3,55452,111,Billy Ray,"Billy Ray, Juan José Campanella, Eduardo Sacheri","Crime, Drama, Mystery","<a href=""https://www.imdb.com/title/tt1741273"" target=""_blank"">tt1741273</a>","<a href=""https://www.imdb.com/title/tt1741273"" target=""_blank"">Secret in Their Eyes</a>"
tt0263757,Uptown Girls,2003,4926,6.3,55210,92,Boaz Yakin,"Julie Margaret Hogben, Mo Ogrodnik, Lisa Davidowitz, Allison Jacobs","Comedy, Drama, Romance","<a href=""https://www.imdb.com/title/tt0263757"" target=""_blank"">tt0263757</a>","<a href=""https://www.imdb.com/title/tt0263757"" target=""_blank"">Uptown Girls</a>"
tt4158096,Free Fire,2016,4927,6.3,54086,91,Ben Wheatley,"Amy Jump, Ben Wheatley","Action, Comedy, Crime","<a href=""https://www.imdb.com/title/tt4158096"" target=""_blank"">tt4158096</a>","<a href=""https://www.imdb.com/title/tt4158096"" target=""_blank"">Free Fire</a>"
tt31728330,They Will Kill You,2026,4928,6.3,53775,94,Kirill Sokolov,"Kirill Sokolov, Alex Litvak","Action, Comedy, Horror","<a href=""https://www.imdb.com/title/tt31728330"" target=""_blank"">tt31728330</a>","<a href=""https://www.imdb.com/title/tt31728330"" target=""_blank"">They Will Kill You</a>"
tt3860916,Cargo,2017,4929,6.3,53402,105,"Ben Howling, Yolanda Ramke",Yolanda Ramke,"Drama, Horror, Sci-Fi","<a href=""https://www.imdb.com/title/tt3860916"" target=""_blank"">tt3860916</a>","<a href=""https://www.imdb.com/title/tt3860916"" target=""_blank"">Cargo</a>"
tt0227984,Formula 51,2001,4930,6.3,53034,93,Ronny Yu,Stel Pavlou,"Action, Comedy, Crime","<a href=""https://www.imdb.com/title/tt0227984"" target=""_blank"">tt0227984</a>","<a href=""https://www.imdb.com/title/tt0227984"" target=""_blank"">Formula 51</a>"
tt1205535,The Rebound,2009,4931,6.3,52781,95,Bart Freundlich,Bart Freundlich,"Comedy, Romance","<a href=""https://www.imdb.com/title/tt1205535"" target=""_blank"">tt1205535</a>","<a href=""https://www.imdb.com/title/tt1205535"" target=""_blank"">The Rebound</a>"
tt27681354,In the Grey,2026,4932,6.3,52169,98,Guy Ritchie,Guy Ritchie,"Action, Crime, Thriller","<a href=""https://www.imdb.com/title/tt27681354"" target=""_blank"">tt27681354</a>","<a href=""https://www.imdb.com/title/tt27681354"" target=""_blank"">In the Grey</a>"
tt1175491,W.,2008,4933,6.3,51766,129,Oliver Stone,Stanley Weiser,"Biography, Comedy, Drama","<a href=""https://www.imdb.com/title/tt1175491"" target=""_blank"">tt1175491</a>","<a href=""https://www.imdb.com/title/tt1175491"" target=""_blank"">W.</a>"
tt0094963,The Dead Pool,1988,4934,6.3,51751,91,Buddy Van Horn,"Harry Julian Fink, Rita M. Fink, Steve Sharon, Durk Pearson, Sandy Shaw","Action, Crime, Mystery","<a href=""https://www.imdb.com/title/tt0094963"" target=""_blank"">tt0094963</a>","<a href=""https://www.imdb.com/title/tt0094963"" target=""_blank"">The Dead Pool</a>"
tt0138510,Idle Hands,1999,4935,6.3,51632,92,Rodman Flender,"Terri Hughes Burton, Ron Milbauer","Comedy, Fantasy, Horror","<a href=""https://www.imdb.com/title/tt0138510"" target=""_blank"">tt0138510</a>","<a href=""https://www.imdb.com/title/tt0138510"" target=""_blank"">Idle Hands</a>"
tt0124198,Very Bad Things,1998,4936,6.3,51310,100,Peter Berg,Peter Berg,"Comedy, Crime, Thriller","<a href=""https://www.imdb.com/title/tt0124198"" target=""_blank"">tt0124198</a>","<a href=""https://www.imdb.com/title/tt0124198"" target=""_blank"">Very Bad Things</a>"
tt1674782,Karate Kid: Legends,2025,4937,6.3,50826,94,Jonathan Entwistle,"Rob Lieber, Robert Mark Kamen","Action, Drama, Family","<a href=""https://www.imdb.com/title/tt1674782"" target=""_blank"">tt1674782</a>","<a href=""https://www.imdb.com/title/tt1674782"" target=""_blank"">Karate Kid: Legends</a>"
tt1788391,Kill List,2011,4938,6.3,50793,95,Ben Wheatley,"Ben Wheatley, Amy Jump","Crime, Drama, Horror","<a href=""https://www.imdb.com/title/tt1788391"" target=""_blank"">tt1788391</a>","<a href=""https://www.imdb.com/title/tt1788391"" target=""_blank"">Kill List</a>"
tt0107969,Rising Sun,1993,4939,6.3,50764,129,Philip Kaufman,"Michael Crichton, Philip Kaufman, Michael Backes","Action, Crime, Drama","<a href=""https://www.imdb.com/title/tt0107969"" target=""_blank"">tt0107969</a>","<a href=""https://www.imdb.com/title/tt0107969"" target=""_blank"">Rising Sun</a>"
tt15789472,Nowhere,2023,4940,6.3,50719,109,Albert Pintó,"Indiana Lista, Ernest Riera, Miguel Ruz, Seanne Winslow, Teresa de Rosendo","Drama, Thriller","<a href=""https://www.imdb.com/title/tt15789472"" target=""_blank"">tt15789472</a>","<a href=""https://www.imdb.com/title/tt15789472"" target=""_blank"">Nowhere</a>"
tt0413895,Charlotte's Web,2006,4941,6.3,50627,97,Gary Winick,"Susannah Grant, Karey Kirkpatrick, Earl Hamner Jr., E.B. White","Adventure, Comedy, Family","<a href=""https://www.imdb.com/title/tt0413895"" target=""_blank"">tt0413895</a>","<a href=""https://www.imdb.com/title/tt0413895"" target=""_blank"">Charlotte's Web</a>"
tt0332047,Fever Pitch,2005,4942,6.3,50457,104,"Bobby Farrelly, Peter Farrelly","Lowell Ganz, Babaloo Mandel, Nick Hornby","Comedy, Drama, Romance","<a href=""https://www.imdb.com/title/tt0332047"" target=""_blank"">tt0332047</a>","<a href=""https://www.imdb.com/title/tt0332047"" target=""_blank"">Fever Pitch</a>"
tt0495596,Tales from Earthsea,2006,4943,6.3,49379,115,Gorō Miyazaki,"Ursula K. Le Guin, Hayao Miyazaki, Gorō Miyazaki, Keiko Niwa","Adventure, Animation, Fantasy","<a href=""https://www.imdb.com/title/tt0495596"" target=""_blank"">tt0495596</a>","<a href=""https://www.imdb.com/title/tt0495596"" target=""_blank"">Tales from Earthsea</a>"
tt1421051,Somewhere,2010,4944,6.3,49048,97,Sofia Coppola,Sofia Coppola,"Comedy, Drama, Romance","<a href=""https://www.imdb.com/title/tt1421051"" target=""_blank"">tt1421051</a>","<a href=""https://www.imdb.com/title/tt1421051"" target=""_blank"">Somewhere</a>"
tt1182350,You Will Meet a Tall Dark Stranger,2010,4945,6.3,49037,98,Woody Allen,Woody Allen,"Comedy, Drama, Romance","<a href=""https://www.imdb.com/title/tt1182350"" target=""_blank"">tt1182350</a>","<a href=""https://www.imdb.com/title/tt1182350"" target=""_blank"">You Will Meet a Tall Dark Stranger</a>"
tt0113972,Nick of Time,1995,4946,6.3,48035,89,John Badham,Patrick Sheane Duncan,"Action, Crime, Drama","<a href=""https://www.imdb.com/title/tt0113972"" target=""_blank"">tt0113972</a>","<a href=""https://www.imdb.com/title/tt0113972"" target=""_blank"">Nick of Time</a>"
tt11196036,The Card Counter,2021,4947,6.2,47708,111,Paul Schrader,Paul Schrader,"Crime, Drama, Thriller","<a href=""https://www.imdb.com/title/tt11196036"" target=""_blank"">tt11196036</a>","<a href=""https://www.imdb.com/title/tt11196036"" target=""_blank"">The Card Counter</a>"
tt0309530,Down with Love,2003,4948,6.3,47505,101,Peyton Reed,"Eve Ahlert, Dennis Drake","Comedy, Romance","<a href=""https://www.imdb.com/title/tt0309530"" target=""_blank"">tt0309530</a>","<a href=""https://www.imdb.com/title/tt0309530"" target=""_blank"">Down with Love</a>"
tt0202470,Rock Star,2001,4949,6.3,47504,105,Stephen Herek,John Stockwell,"Drama, Music","<a href=""https://www.imdb.com/title/tt0202470"" target=""_blank"">tt0202470</a>","<a href=""https://www.imdb.com/title/tt0202470"" target=""_blank"">Rock Star</a>"
tt9016974,Synchronic,2019,4950,6.2,47104,102,"Justin Benson, Aaron Moorhead",Justin Benson,"Drama, Horror, Mystery","<a href=""https://www.imdb.com/title/tt9016974"" target=""_blank"">tt9016974</a>","<a href=""https://www.imdb.com/title/tt9016974"" target=""_blank"">Synchronic</a>"
tt5748448,Copshop,2021,4951,6.2,46956,107,Joe Carnahan,"Kurt McLeod, Joe Carnahan, Mark Williams","Action, Thriller","<a href=""https://www.imdb.com/title/tt5748448"" target=""_blank"">tt5748448</a>","<a href=""https://www.imdb.com/title/tt5748448"" target=""_blank"">Copshop</a>"
tt6535880,Haunt,2019,4952,6.3,46646,92,"Scott Beck, Bryan Woods","Scott Beck, Bryan Woods","Horror, Thriller","<a href=""https://www.imdb.com/title/tt6535880"" target=""_blank"">tt6535880</a>","<a href=""https://www.imdb.com/title/tt6535880"" target=""_blank"">Haunt</a>"
tt0115697,Black Sheep,1996,4953,6.2,46491,87,Penelope Spheeris,Fred Wolf,Comedy,"<a href=""https://www.imdb.com/title/tt0115697"" target=""_blank"">tt0115697</a>","<a href=""https://www.imdb.com/title/tt0115697"" target=""_blank"">Black Sheep</a>"
tt1535438,Hope Springs,2012,4954,6.3,46293,100,David Frankel,Vanessa Taylor,"Comedy, Drama, Romance","<a href=""https://www.imdb.com/title/tt1535438"" target=""_blank"">tt1535438</a>","<a href=""https://www.imdb.com/title/tt1535438"" target=""_blank"">Hope Springs</a>"
tt8008948,Den of Thieves: Pantera,2025,4955,6.3,46179,144,Christian Gudegast,"Christian Gudegast, Paul T. Scheuring","Action, Crime, Drama","<a href=""https://www.imdb.com/title/tt8008948"" target=""_blank"">tt8008948</a>","<a href=""https://www.imdb.com/title/tt8008948"" target=""_blank"">Den of Thieves: Pantera</a>"
tt0088814,The Black Cauldron,1985,4956,6.3,46100,80,"Ted Berman, Richard Rich","Lloyd Alexander, David Jonas, Vance Gerry, Ted Berman, Richard Rich, Al Wilson, Roy Morita, Peter Young, Art Stevens, Joe Hale, Rosemary Anne Sisson, Roy Edward Disney, Tony Marino, Steve Hulett, Mel Shaw, Burny Mattinson, John Musker, Ron Clements, Doug Lefler","Action, Adventure, Animation","<a href=""https://www.imdb.com/title/tt0088814"" target=""_blank"">tt0088814</a>","<a href=""https://www.imdb.com/title/tt0088814"" target=""_blank"">The Black Cauldron</a>"
tt9812474,Lamb,2021,4957,6.3,45536,106,Valdimar Jóhannsson,"Sjón, Valdimar Jóhannsson","Drama, Fantasy, Horror","<a href=""https://www.imdb.com/title/tt9812474"" target=""_blank"">tt9812474</a>","<a href=""https://www.imdb.com/title/tt9812474"" target=""_blank"">Lamb</a>"
tt24169886,The Instigators,2024,4958,6.2,45527,101,Doug Liman,"Chuck MacLean, Casey Affleck","Action, Comedy, Crime","<a href=""https://www.imdb.com/title/tt24169886"" target=""_blank"">tt24169886</a>","<a href=""https://www.imdb.com/title/tt24169886"" target=""_blank"">The Instigators</a>"
tt0337876,Birth,2004,4959,6.3,45452,100,Jonathan Glazer,"Jean-Claude Carrière, Milo Addica, Jonathan Glazer","Drama, Fantasy, Mystery","<a href=""https://www.imdb.com/title/tt0337876"" target=""_blank"">tt0337876</a>","<a href=""https://www.imdb.com/title/tt0337876"" target=""_blank"">Birth</a>"
tt5001718,"Everything, Everything",2017,4960,6.3,45302,96,Stella Meghie,"J. Mills Goodloe, Nicola Yoon","Drama, Romance","<a href=""https://www.imdb.com/title/tt5001718"" target=""_blank"">tt5001718</a>","<a href=""https://www.imdb.com/title/tt5001718"" target=""_blank"">Everything, Everything</a>"
tt0067065,Escape from the Planet of the Apes,1971,4961,6.3,45294,98,Don Taylor,"Paul Dehn, Pierre Boulle","Action, Sci-Fi","<a href=""https://www.imdb.com/title/tt0067065"" target=""_blank"">tt0067065</a>","<a href=""https://www.imdb.com/title/tt0067065"" target=""_blank"">Escape from the Planet of the Apes</a>"
tt0086320,Sleepaway Camp,1983,4962,6.2,45183,84,Robert Hiltzik,Robert Hiltzik,Horror,"<a href=""https://www.imdb.com/title/tt0086320"" target=""_blank"">tt0086320</a>","<a href=""https://www.imdb.com/title/tt0086320"" target=""_blank"">Sleepaway Camp</a>"
tt0266452,Death to Smoochy,2002,4963,6.3,45160,109,Danny DeVito,Adam Resnick,"Comedy, Crime, Drama","<a href=""https://www.imdb.com/title/tt0266452"" target=""_blank"">tt0266452</a>","<a href=""https://www.imdb.com/title/tt0266452"" target=""_blank"">Death to Smoochy</a>"
tt2172584,Maps to the Stars,2014,4964,6.2,45062,111,David Cronenberg,Bruce Wagner,"Comedy, Drama, Mystery","<a href=""https://www.imdb.com/title/tt2172584"" target=""_blank"">tt2172584</a>","<a href=""https://www.imdb.com/title/tt2172584"" target=""_blank"">Maps to the Stars</a>"
tt1426329,Lovelace,2013,4965,6.2,44977,93,"Rob Epstein, Jeffrey Friedman",Andy Bellin,"Biography, Drama","<a href=""https://www.imdb.com/title/tt1426329"" target=""_blank"">tt1426329</a>","<a href=""https://www.imdb.com/title/tt1426329"" target=""_blank"">Lovelace</a>"
tt31434030,Dracula,2025,4966,6.2,44944,129,Luc Besson,"Luc Besson, Bram Stoker","Fantasy, Horror, Romance","<a href=""https://www.imdb.com/title/tt31434030"" target=""_blank"">tt31434030</a>","<a href=""https://www.imdb.com/title/tt31434030"" target=""_blank"">Dracula</a>"
tt0094142,Throw Momma from the Train,1987,4967,6.3,44852,88,Danny DeVito,Stu Silver,"Comedy, Crime, Thriller","<a href=""https://www.imdb.com/title/tt0094142"" target=""_blank"">tt0094142</a>","<a href=""https://www.imdb.com/title/tt0094142"" target=""_blank"">Throw Momma from the Train</a>"
tt0482527,It's a Boy Girl Thing,2006,4968,6.2,44833,95,Nick Hurran,"Geoff Deane, Steve Hamilton Shaw","Comedy, Fantasy, Romance","<a href=""https://www.imdb.com/title/tt0482527"" target=""_blank"">tt0482527</a>","<a href=""https://www.imdb.com/title/tt0482527"" target=""_blank"">It's a Boy Girl Thing</a>"
tt5640450,ARQ,2016,4969,6.3,44636,88,Tony Elliott,Tony Elliott,"Action, Sci-Fi, Thriller","<a href=""https://www.imdb.com/title/tt5640450"" target=""_blank"">tt5640450</a>","<a href=""https://www.imdb.com/title/tt5640450"" target=""_blank"">ARQ</a>"
tt1837703,The Fifth Estate,2013,4970,6.2,44348,128,Bill Condon,"Daniel Domscheit-Berg, David Leigh, Luke Harding, Josh Singer","Biography, Crime, Drama","<a href=""https://www.imdb.com/title/tt1837703"" target=""_blank"">tt1837703</a>","<a href=""https://www.imdb.com/title/tt1837703"" target=""_blank"">The Fifth Estate</a>"
tt0082136,The Cannonball Run,1981,4971,6.3,44337,95,Hal Needham,Brock Yates,"Action, Comedy, Sport","<a href=""https://www.imdb.com/title/tt0082136"" target=""_blank"">tt0082136</a>","<a href=""https://www.imdb.com/title/tt0082136"" target=""_blank"">The Cannonball Run</a>"
tt0110443,Major Payne,1995,4972,6.3,44239,95,Nick Castle,"Joe Connelly, Bob Mosher, William Roberts, Richard Alan Simmons, Dean Lorey, Damon Wayans, Gary Rosen","Adventure, Comedy, Family","<a href=""https://www.imdb.com/title/tt0110443"" target=""_blank"">tt0110443</a>","<a href=""https://www.imdb.com/title/tt0110443"" target=""_blank"">Major Payne</a>"
tt0086927,Bachelor Party,1984,4973,6.3,44163,105,Neal Israel,"Bob Israel, Neal Israel, Pat Proft",Comedy,"<a href=""https://www.imdb.com/title/tt0086927"" target=""_blank"">tt0086927</a>","<a href=""https://www.imdb.com/title/tt0086927"" target=""_blank"">Bachelor Party</a>"
tt14128670,Kimi,2022,4974,6.3,44162,89,Steven Soderbergh,David Koepp,"Crime, Drama, Mystery","<a href=""https://www.imdb.com/title/tt14128670"" target=""_blank"">tt14128670</a>","<a href=""https://www.imdb.com/title/tt14128670"" target=""_blank"">Kimi</a>"
tt7985648,The Legend of Tomiris,2019,4975,6.3,43899,156,Akan Satayev,"Aliya Nazarbayeva, Timur Zhaksylykov","Action, Drama, Fantasy","<a href=""https://www.imdb.com/title/tt7985648"" target=""_blank"">tt7985648</a>","<a href=""https://www.imdb.com/title/tt7985648"" target=""_blank"">The Legend of Tomiris</a>"
tt0387514,Prime,2005,4976,6.2,43820,105,Ben Younger,Ben Younger,"Comedy, Drama, Romance","<a href=""https://www.imdb.com/title/tt0387514"" target=""_blank"">tt0387514</a>","<a href=""https://www.imdb.com/title/tt0387514"" target=""_blank"">Prime</a>"
tt0100029,Lionheart,1990,4977,6.2,43806,108,Sheldon Lettich,"Stefani Warren, Jean-Claude Van Damme, Sheldon Lettich","Action, Crime, Drama","<a href=""https://www.imdb.com/title/tt0100029"" target=""_blank"">tt0100029</a>","<a href=""https://www.imdb.com/title/tt0100029"" target=""_blank"">Lionheart</a>"
tt0375568,Astro Boy,2009,4978,6.3,43576,94,David Bowers,"Timothy Harris, David Bowers, Osamu Tezuka, Colin Brady","Action, Adventure, Animation","<a href=""https://www.imdb.com/title/tt0375568"" target=""_blank"">tt0375568</a>","<a href=""https://www.imdb.com/title/tt0375568"" target=""_blank"">Astro Boy</a>"
tt3564472,Girls Trip,2017,4979,6.2,43441,122,Malcolm D. Lee,"Erica Rivinoja, Kenya Barris, Tracy Oliver","Adventure, Comedy, Drama","<a href=""https://www.imdb.com/title/tt3564472"" target=""_blank"">tt3564472</a>","<a href=""https://www.imdb.com/title/tt3564472"" target=""_blank"">Girls Trip</a>"
tt0101745,Doc Hollywood,1991,4980,6.3,43338,104,Michael Caton-Jones,"Neil B. Shulman, Laurian Leggett, Jeffrey Price, Peter S. Seaman, Daniel Pyne","Comedy, Drama, Romance","<a href=""https://www.imdb.com/title/tt0101745"" target=""_blank"">tt0101745</a>","<a href=""https://www.imdb.com/title/tt0101745"" target=""_blank"">Doc Hollywood</a>"
tt0077681,The Hills Have Eyes,1977,4981,6.3,43313,90,Wes Craven,Wes Craven,"Horror, Thriller","<a href=""https://www.imdb.com/title/tt0077681"" target=""_blank"">tt0077681</a>","<a href=""https://www.imdb.com/title/tt0077681"" target=""_blank"">The Hills Have Eyes</a>"
tt2872518,The Shack,2017,4982,6.3,43265,132,Stuart Hazeldine,"John Fusco, Andrew Lanham, Destin Daniel Cretton, William P. Young, Wayne Jacobsen, Brad Cummings","Drama, Fantasy","<a href=""https://www.imdb.com/title/tt2872518"" target=""_blank"">tt2872518</a>","<a href=""https://www.imdb.com/title/tt2872518"" target=""_blank"">The Shack</a>"
tt3787590,We Are Your Friends,2015,4983,6.2,42950,96,Max Joseph,"Max Joseph, Meaghan Oppenheimer, Richard Silverman","Drama, Music, Romance","<a href=""https://www.imdb.com/title/tt3787590"" target=""_blank"">tt3787590</a>","<a href=""https://www.imdb.com/title/tt3787590"" target=""_blank"">We Are Your Friends</a>"
tt0139462,Message in a Bottle,1999,4984,6.3,42838,126,Luis Mandoki,"Nicholas Sparks, Gerald Di Pego","Drama, Romance","<a href=""https://www.imdb.com/title/tt0139462"" target=""_blank"">tt0139462</a>","<a href=""https://www.imdb.com/title/tt0139462"" target=""_blank"">Message in a Bottle</a>"
tt2059171,13 Sins,2014,4985,6.3,42685,93,Daniel Stamm,"David Birke, Daniel Stamm, Chookiat Sakveerakul, Eakasit Thairaat","Horror, Thriller","<a href=""https://www.imdb.com/title/tt2059171"" target=""_blank"">tt2059171</a>","<a href=""https://www.imdb.com/title/tt2059171"" target=""_blank"">13 Sins</a>"
tt1667310,Deadfall,2012,4986,6.2,42599,95,Stefan Ruzowitzky,Zach Dean,"Action, Adventure, Crime","<a href=""https://www.imdb.com/title/tt1667310"" target=""_blank"">tt1667310</a>","<a href=""https://www.imdb.com/title/tt1667310"" target=""_blank"">Deadfall</a>"
tt0115571,The Arrival,1996,4987,6.2,42519,115,David Twohy,David Twohy,"Mystery, Sci-Fi, Thriller","<a href=""https://www.imdb.com/title/tt0115571"" target=""_blank"">tt0115571</a>","<a href=""https://www.imdb.com/title/tt0115571"" target=""_blank"">The Arrival</a>"
tt0119141,Fools Rush In,1997,4988,6.2,42294,109,Andy Tennant,"Joan Taylor, Katherine Reback","Comedy, Drama, Romance","<a href=""https://www.imdb.com/title/tt0119141"" target=""_blank"">tt0119141</a>","<a href=""https://www.imdb.com/title/tt0119141"" target=""_blank"">Fools Rush In</a>"
tt14824600,The Lord of the Rings: The War of the Rohirrim,2024,4989,6.3,42164,134,Kenji Kamiyama,"Jeffrey Addiss, Will Matthews, Phoebe Gittins, Arty Papageorgiou, J.R.R. Tolkien, Philippa Boyens","Action, Adventure, Animation","<a href=""https://www.imdb.com/title/tt14824600"" target=""_blank"">tt14824600</a>","<a href=""https://www.imdb.com/title/tt14824600"" target=""_blank"">The Lord of the Rings: The War of the Rohirrim</a>"
tt1783732,John Dies at the End,2012,4990,6.3,42124,99,Don Coscarelli,"Don Coscarelli, Jason Pargin","Comedy, Fantasy, Horror","<a href=""https://www.imdb.com/title/tt1783732"" target=""_blank"">tt1783732</a>","<a href=""https://www.imdb.com/title/tt1783732"" target=""_blank"">John Dies at the End</a>"
tt0181739,Osmosis Jones,2001,4991,6.3,41974,95,"Bobby Farrelly, Peter Farrelly",Marc Hyman,"Action, Adventure, Animation","<a href=""https://www.imdb.com/title/tt0181739"" target=""_blank"">tt0181739</a>","<a href=""https://www.imdb.com/title/tt0181739"" target=""_blank"">Osmosis Jones</a>"
tt31956415,Freakier Friday,2025,4992,6.2,41788,110,Nisha Ganatra,"Jordan Weiss, Elyse Hollander, Mary Rodgers, Celeste Ballard","Comedy, Family, Fantasy","<a href=""https://www.imdb.com/title/tt31956415"" target=""_blank"">tt31956415</a>","<a href=""https://www.imdb.com/title/tt31956415"" target=""_blank"">Freakier Friday</a>"
tt1734493,Unlocked,2017,4993,6.3,41558,98,Michael Apted,Peter O'Brien,"Action, Thriller","<a href=""https://www.imdb.com/title/tt1734493"" target=""_blank"">tt1734493</a>","<a href=""https://www.imdb.com/title/tt1734493"" target=""_blank"">Unlocked</a>"
tt1031969,The Rocker,2008,4994,6.2,41479,102,Peter Cattaneo,"Maya Forbes, Wallace Wolodarsky, Ryan Jaffe","Comedy, Music","<a href=""https://www.imdb.com/title/tt1031969"" target=""_blank"">tt1031969</a>","<a href=""https://www.imdb.com/title/tt1031969"" target=""_blank"">The Rocker</a>"
tt7946422,Prospect,2018,4995,6.3,41431,100,"Christopher Caldwell, Zeek Earl","Christopher Caldwell, Zeek Earl","Adventure, Drama, Sci-Fi","<a href=""https://www.imdb.com/title/tt7946422"" target=""_blank"">tt7946422</a>","<a href=""https://www.imdb.com/title/tt7946422"" target=""_blank"">Prospect</a>"
tt26659814,Auron Mein Kahan Dum Tha,2024,4996,6.2,41315,150,Neeraj Pandey,Neeraj Pandey,"Action, Crime, Drama","<a href=""https://www.imdb.com/title/tt26659814"" target=""_blank"">tt26659814</a>","<a href=""https://www.imdb.com/title/tt26659814"" target=""_blank"">Auron Mein Kahan Dum Tha</a>"
tt5155780,The Discovery,2017,4997,6.2,41159,102,Charlie McDowell,"Charlie McDowell, Justin Lader","Drama, Romance, Sci-Fi","<a href=""https://www.imdb.com/title/tt5155780"" target=""_blank"">tt5155780</a>","<a href=""https://www.imdb.com/title/tt5155780"" target=""_blank"">The Discovery</a>"
tt1477837,Cedar Rapids,2011,4998,6.3,41142,87,Miguel Arteta,Phil Johnston,Comedy,"<a href=""https://www.imdb.com/title/tt1477837"" target=""_blank"">tt1477837</a>","<a href=""https://www.imdb.com/title/tt1477837"" target=""_blank"">Cedar Rapids</a>"
tt10676012,To All the Boys: Always and Forever,2021,4999,6.3,41023,116,Michael Fimognari,"Katie Lovejoy, Jenny Han","Comedy, Drama, Romance","<a href=""https://www.imdb.com/title/tt10676012"" target=""_blank"">tt10676012</a>","<a href=""https://www.imdb.com/title/tt10676012"" target=""_blank"">To All the Boys: Always and Forever</a>"
tt0077394,Damien: Omen II,1978,5000,6.2,40624,107,"Don Taylor, Mike Hodges","Harvey Bernhard, David Seltzer, Stanley Mann, Mike Hodges",Horror,"<a href=""https://www.imdb.com/title/tt0077394"" target=""_blank"">tt0077394</a>","<a href=""https://www.imdb.com/title/tt0077394"" target=""_blank"">Damien: Omen II</a>"
tt11482460,The Lord of the Rings: The War of the Rohirrim,2024,4989,6.3,42164,134,Kenji Kamiyama,"Jeffrey Addiss, Will Matthews, Phoebe Gittins, Arty Papageorgiou, J.R.R. Tolkien, Philippa Boyens","Action, Adventure, Animation","<a href=""https://www.imdb.com/title/tt14824600"" target=""_blank"">tt14824600</a>","<a href=""https://www.imdb.com/title/tt14824600"" target=""_blank"">The Lord of the Rings: The War of the Rohirrim</a>"
tt2783732,John Dies at the End,2012,4990,6.3,42124,99,Don Coscarelli,"Don Coscarelli, Jason Pargin","Comedy, Fantasy, Horror","<a href=""https://www.imdb.com/title/tt1783732"" target=""_blank"">tt1783732</a>","<a href=""https://www.imdb.com/title/tt1783732"" target=""_blank"">John Dies at the End</a>"
tt0171739,Osmosis Jones,2001,4991,6.3,41974,95,"Bobby Farrelly, Peter Farrelly",Marc Hyman,"Action, Adventure, Animation","<a href=""https://www.imdb.com/title/tt0181739"" target=""_blank"">tt0181739</a>","<a href=""https://www.imdb.com/title/tt0181739"" target=""_blank"">Osmosis Jones</a>"
tt31356415,Freakier Friday,2025,4992,6.2,41788,110,Nisha Ganatra,"Jordan Weiss, Elyse Hollander, Mary Rodgers, Celeste Ballard","Comedy, Family, Fantasy","<a href=""https://www.imdb.com/title/tt31956415"" target=""_blank"">tt31956415</a>","<a href=""https://www.imdb.com/title/tt31956415"" target=""_blank"">Freakier Friday</a>"
